timestamp,image_name,swift_latitude,swift_longitude,swift_heading,zed_x,zed_y,zed_yaw,gps_latitude,gps_longitude,gps_track
8:47:18,08_47_18.jpg,35.77116546,-78.67390297,258.8923823,2.474186265,-3.400657688,-1.029171424,35.7712,-78.67393617,nan
8:47:20,08_47_20.jpg,35.77117166,-78.67393363,284.696401,1.781950686,-5.512692369,-0.1478559852,35.771198,-78.67396167,309.25
8:47:22,08_47_22.jpg,35.7711849,-78.67396285,300.5623546,0.3164524389,-7.465359771,0.1639135366,35.77120333,-78.67400517,296.3200073
8:47:24,08_47_24.jpg,35.77119597,-78.67398753,297.3488435,-1.26275254,-9.534373666,-1.158776203,35.77121383,-78.67401683,297.7099915
8:47:26,08_47_26.jpg,35.77120725,-78.67401501,308.7098357,-2.718584149,-11.44740065,1.1637018,35.77122433,-78.674034,299.4200134
8:47:28,08_47_28.jpg,35.77121879,-78.67404049,297.7980481,-4.542092054,-13.68121694,-0.8735960267,35.77123583,-78.67405617,298.7200012
8:47:30,08_47_30.jpg,35.77123071,-78.67406873,296.0753556,-6.188345748,-16.05470438,-1.239600338,35.7712465,-78.6740795,296.3699951
8:47:32,08_47_32.jpg,35.77124527,-78.67409854,302.3998402,-7.976443349,-18.17414935,-0.0490258613,35.77125667,-78.67409983,300.3500061
8:47:34,08_47_34.jpg,35.77126053,-78.67413008,304.5719091,-10.09891774,-20.41798158,-1.0061263,35.77126817,-78.674129,300.519989
8:47:36,08_47_36.jpg,35.77127943,-78.67416267,305.3187469,-12.37391859,-22.75123202,-0.4552143742,35.77128233,-78.6741555,304.9700012
8:47:38,08_47_38.jpg,35.77129377,-78.67418159,304.5631719,-14.81607176,-25.2947117,-1.013452988,35.771295,-78.67418,304.7099915
8:47:40,08_47_40.jpg,35.77130865,-78.67421031,298.9439234,-16.88785404,-27.78645721,0.2055722125,35.77130667,-78.67420483,303.8599854
8:47:42,08_47_42.jpg,35.77132181,-78.67423808,298.7397953,-18.26972395,-29.78076689,1.403699921,35.77131767,-78.67423167,300.3599854
8:47:44,08_47_44.jpg,35.77133353,-78.67426545,302.3639553,-20.00159069,-31.98434722,-1.221175823,35.77132767,-78.67425817,298.2399902
8:47:46,08_47_46.jpg,35.77134844,-78.67428913,303.7480201,-22.26290384,-34.15569807,-0.3684202402,35.77134033,-78.67428367,303.6199951
8:47:48,08_47_48.jpg,35.77136284,-78.67431602,299.4743312,-24.16135565,-36.33408044,0.3687674132,35.77135367,-78.67430917,302.9599915
8:47:51,08_47_51.jpg,35.77137781,-78.67434628,300.2232208,-26.28871611,-38.85560044,2.342541947,35.7713725,-78.67434783,300.7999878
8:47:53,08_47_53.jpg,35.77139389,-78.67437902,300.8237036,-28.43810318,-41.27466744,1.787173787,35.7713865,-78.6743775,299.6900024
8:47:55,08_47_55.jpg,35.77140545,-78.67440802,299.2814271,-30.19310257,-43.51567544,0.5936285729,35.77139783,-78.67440383,298.5700073
8:47:57,08_47_57.jpg,35.77141913,-78.67443826,291.8268216,-31.85898475,-45.90220133,2.501854377,35.771409,-78.67443217,296.4500122
8:47:59,08_47_59.jpg,35.77142823,-78.67445834,311.3056179,-33.05924479,-47.54860914,-2.960240477,35.77141733,-78.674453,298.8900146
8:48:01,08_48_01.jpg,35.77144376,-78.67448315,297.7446714,-35.15483528,-49.57852969,2.847305445,35.77143033,-78.67447833,302.6600037
8:48:03,08_48_03.jpg,35.77145802,-78.67451724,297.2314001,-37.27710621,-52.39334069,-0.7214692795,35.77144383,-78.67450983,298.1700134
8:48:05,08_48_05.jpg,35.77147435,-78.67455071,301.460264,-39.52221751,-55.14480855,0.3818071934,35.771458,-78.6745415,300.1499939
8:48:07,08_48_07.jpg,35.77148605,-78.67457411,300.477722,-41.09303398,-57.00501133,0.9947057075,35.771471,-78.67456717,302.3900146
8:48:09,08_48_09.jpg,35.77149858,-78.67459901,299.4329624,-42.65523208,-58.90603618,0.9950173095,35.77148183,-78.67458933,301.8099976
8:48:11,08_48_11.jpg,35.77151062,-78.67461911,304.0128572,-44.29902819,-60.88710449,0.5952707386,35.77149383,-78.67461217,302.25
8:48:13,08_48_13.jpg,35.77152345,-78.6746415,296.3854412,-45.9682876,-62.81269034,0.9321405372,35.77150417,-78.67463567,300.0
8:48:15,08_48_15.jpg,35.77153449,-78.67466608,300.1160866,-47.40435501,-64.69438556,1.996960923,35.77151433,-78.6746605,298.7600098
8:48:17,08_48_17.jpg,35.77153837,-78.67468765,266.0800783,-48.1774658,-66.49884398,0.7937787052,35.77152417,-78.67468333,297.6000061
8:48:19,08_48_19.jpg,35.77152577,-78.67470491,216.7784196,-47.31804375,-68.25976213,-0.2717226993,35.7715205,-78.67470483,276.0599976
8:48:22,08_48_22.jpg,35.7715055,-78.67472702,211.8455685,-45.31252214,-70.56789004,-0.04865225066,35.77149717,-78.67474333,nan
8:48:24,08_48_24.jpg,35.7714832,-78.67474227,205.6271152,-43.12243398,-72.32199225,0.8701069286,35.77147317,-78.6747475,nan
8:48:26,08_48_26.jpg,35.77146066,-78.67475606,203.0350445,-40.76159284,-74.00702833,-1.523472605,35.77145117,-78.67475933,217.1300049
8:48:28,08_48_28.jpg,35.7714398,-78.67477637,212.1242099,-38.64927222,-75.83930507,-2.065367076,35.77143433,-78.67477717,214.6600037
8:48:30,08_48_30.jpg,35.77141341,-78.67479018,222.2903898,-36.36826317,-77.92174308,-2.38660604,35.7714105,-78.67478533,nan
8:48:32,08_48_32.jpg,35.7713912,-78.67480598,211.0690646,-34.35279544,-79.93092222,-0.9406776285,35.77138817,-78.67479483,nan
8:48:34,08_48_34.jpg,35.77137356,-78.67481833,218.1707557,-32.59869839,-81.4261264,-2.005297847,35.77137467,-78.67479967,nan
8:48:36,08_48_36.jpg,35.77135698,-78.67484077,212.6095724,-30.79752814,-83.21837753,-4.578677695,35.7713595,-78.67481267,nan
8:48:38,08_48_38.jpg,35.77133125,-78.67485951,210.2415791,-28.23005134,-85.38099168,-1.69919587,35.77133483,-78.674827,211.6999969
8:48:40,08_48_40.jpg,35.77130655,-78.67487756,216.6425346,-25.95816522,-87.43896124,-3.881123801,35.7713145,-78.67485017,213.6999969
8:48:42,08_48_42.jpg,35.77128605,-78.67489669,213.9626767,-23.8503171,-89.32446219,-2.571351173,35.77129167,-78.67486683,215.5399933
8:48:44,08_48_44.jpg,35.77126414,-78.67491205,212.6508023,-21.72750766,-91.07461294,-0.8233563844,35.77127767,-78.67489217,214.0800018
8:48:46,08_48_46.jpg,35.77124325,-78.67492968,209.3879029,-19.47872367,-92.87099571,-3.047310409,35.77125917,-78.67491017,213.8399963
8:48:48,08_48_48.jpg,35.77121782,-78.67494485,210.6284172,-17.34521482,-94.89054628,-4.868323733,35.77123817,-78.67493183,214.1600037
8:48:50,08_48_50.jpg,35.77119782,-78.67496139,200.1094341,-15.3081618,-96.71163274,-2.320974633,35.771217,-78.674946,212.1100006
8:48:52,08_48_52.jpg,35.771178,-78.67497951,203.2714426,-13.29342792,-98.52787539,-2.314972418,35.77119767,-78.67496333,211.6699982
8:48:55,08_48_55.jpg,35.77115344,-78.67500192,215.7724408,-10.8725136,-100.6134941,-2.806052157,35.771166,-78.67498783,208.6199951
8:48:57,08_48_57.jpg,35.77113239,-78.67502223,215.4550357,-8.647046789,-102.5530184,-2.650046764,35.7711405,-78.674989,nan
8:48:59,08_48_59.jpg,35.77110972,-78.67503681,219.5915096,-6.319632514,-104.5119553,-3.570683939,35.77112367,-78.67500633,204.8399963
8:49:01,08_49_01.jpg,35.77108785,-78.6750455,211.9306821,-4.254798104,-106.4266309,-1.631436128,35.77110217,-78.67502267,206.1799927
8:49:03,08_49_03.jpg,35.77107013,-78.67506433,185.3861547,-2.145943226,-108.2643874,-5.370295268,35.77108217,-78.67504233,209.4299927
8:49:05,08_49_05.jpg,35.77104974,-78.6750904,226.9300018,0.07067899521,-110.4298733,-0.1311421419,35.77105983,-78.6750575,nan
8:49:07,08_49_07.jpg,35.7710266,-78.67510287,208.8996038,2.093986925,-112.219929,-1.422622059,35.7710405,-78.67507017,nan
8:49:09,08_49_09.jpg,35.77100424,-78.67512275,213.3497006,4.231584184,-114.0118287,-1.432374108,35.77101667,-78.6750735,201.75
8:49:11,08_49_11.jpg,35.77098039,-78.67513673,210.6399737,6.543922919,-115.9847073,-1.520522331,35.77099467,-78.67508317,198.1600037
8:49:13,08_49_13.jpg,35.77095418,-78.67515281,205.0299887,9.120229008,-117.8492966,-0.2158689214,35.77097283,-78.67509617,nan
8:49:15,08_49_15.jpg,35.7709277,-78.67516735,204.7917545,11.6428724,-119.7441466,-1.811194929,35.7709545,-78.6751195,nan
8:49:17,08_49_17.jpg,35.77090303,-78.67518301,215.5512819,14.02173529,-121.8995797,1.027502167,35.770933,-78.67513867,210.0700073
8:49:19,08_49_19.jpg,35.77087742,-78.67520354,210.2887145,16.6529298,-124.0790087,-4.618238124,35.77091317,-78.67516467,214.5700073
8:49:22,08_49_22.jpg,35.77085151,-78.67522375,211.8025272,19.23101444,-126.2857449,-2.421777753,35.77088317,-78.6752095,214.0299988
8:49:24,08_49_24.jpg,35.77082584,-78.67524025,214.4557158,21.56991459,-128.3748517,-1.068186367,35.7708585,-78.675226,214.4700012
8:49:26,08_49_26.jpg,35.77080585,-78.67525785,217.0051353,23.53205952,-130.0632328,-0.8236547004,35.77084067,-78.67524617,214.2299957
8:49:28,08_49_28.jpg,35.77078849,-78.67527901,219.1928308,25.29439622,-132.1169921,-3.064252085,35.77082583,-78.67526883,220.1799927
8:49:30,08_49_30.jpg,35.770765,-78.67530096,211.5302218,27.5626633,-134.4497375,-1.792190074,35.77080567,-78.67529267,224.6199951
8:49:32,08_49_32.jpg,35.77074095,-78.67532016,216.3280846,29.95019451,-136.5241532,-0.6877972386,35.770776,-78.675304,209.6000061
8:49:34,08_49_34.jpg,35.7707193,-78.67533593,211.0704163,32.18072934,-138.229562,-2.076452882,35.770756,-78.67532317,209.4900055
8:49:36,08_49_36.jpg,35.7706974,-78.67534809,203.6469231,34.37718205,-139.7080061,0.8274527689,35.770733,-78.67533317,207.3099976
8:49:38,08_49_38.jpg,35.77067117,-78.67536243,212.2328396,36.83782723,-141.427172,0.1215528033,35.77070717,-78.675344,204.7599945
8:49:40,08_49_40.jpg,35.77064547,-78.67537746,205.7419419,39.29915233,-143.4047039,-0.4976346952,35.77067983,-78.6753585,207.0099945
8:49:42,08_49_42.jpg,35.77062218,-78.67539524,211.5140726,41.48409023,-145.268043,0.06825460325,35.77065767,-78.67537567,211.6100006
8:49:44,08_49_44.jpg,35.77060284,-78.67541028,218.207465,43.33886861,-146.8735992,-0.06099499072,35.7706395,-78.67539367,212.7299957
8:49:46,08_49_46.jpg,35.77058308,-78.67542686,218.8649159,45.35349798,-148.8808032,-0.5729567088,35.77062083,-78.6754105,215.6900024
8:49:48,08_49_48.jpg,35.77056606,-78.67544814,225.817055,47.14549153,-150.6557484,-2.865554594,35.7706005,-78.67542633,215.3099976
8:49:50,08_49_50.jpg,35.77054919,-78.67546917,218.208927,48.83560068,-152.6776785,0.02150587084,35.77058217,-78.67544567,219.4799957
8:49:52,08_49_52.jpg,35.77053064,-78.67548762,212.3067907,50.67618003,-154.6516536,-0.2289098764,35.77056233,-78.6754615,217.5200043
8:49:54,08_49_54.jpg,35.7705096,-78.67549805,208.9694473,52.60217667,-156.2469701,-0.985563723,35.77054383,-78.6754775,216.0800018
8:49:56,08_49_56.jpg,35.77048311,-78.67550541,207.0863978,54.97021149,-158.0476527,0.6267203615,35.77052433,-78.67549583,213.5800018
8:49:58,08_49_58.jpg,35.77045794,-78.67551779,205.941354,57.4066566,-159.6244637,-0.5364298369,35.77050333,-78.67551017,207.9199982
8:50:00,08_50_00.jpg,35.77043542,-78.67553391,208.107878,59.65430602,-161.4148149,-0.8882731899,35.77048067,-78.67552267,207.7100067
8:50:03,08_50_03.jpg,35.77040971,-78.67554779,214.8596529,61.81354219,-163.4421924,0.1742399466,35.77044767,-78.675546,211.4299927
8:50:05,08_50_05.jpg,35.77038841,-78.67556758,218.5635237,64.02227963,-165.7651517,-2.749156501,35.77042667,-78.67556417,216.3699951
8:50:07,08_50_07.jpg,35.77036696,-78.67559036,211.4314953,66.18586171,-168.0415948,-0.5996470269,35.77040617,-78.67558533,220.6399994
8:50:09,08_50_09.jpg,35.77034702,-78.67560793,210.1621025,68.40120132,-169.8588507,-1.722242054,35.77038617,-78.67560283,216.9700012
8:50:11,08_50_11.jpg,35.77032516,-78.67562163,211.8232515,70.3555914,-171.6287436,0.929673643,35.770367,-78.67561967,214.3300018
8:50:13,08_50_13.jpg,35.77030406,-78.6756392,214.683357,72.55849072,-173.5619663,0.8484982343,35.7703455,-78.67563733,215.1399994
8:50:15,08_50_15.jpg,35.77028334,-78.67566485,214.4559241,74.84036737,-175.765138,0.1813441953,35.770323,-78.6756555,215.5800018
8:50:17,08_50_17.jpg,35.77025604,-78.67568241,208.9975082,77.19182207,-177.8242248,-1.193537297,35.770299,-78.675673,213.7899933
8:50:19,08_50_19.jpg,35.77023233,-78.67570023,213.8046173,79.61461107,-179.6824836,-1.305486248,35.77027533,-78.6756915,211.1799927
8:50:21,08_50_21.jpg,35.77021014,-78.67572438,214.8511694,82.08855911,-181.9084711,-1.878043666,35.77025083,-78.675711,211.8099976
8:50:23,08_50_23.jpg,35.77018747,-78.67574182,210.463196,84.47820268,-183.8553493,-1.204865217,35.77022883,-78.67573067,212.6600037
8:50:25,08_50_25.jpg,35.77016408,-78.67575243,210.8579562,86.62248741,-185.5101007,-0.6187914473,35.77020583,-78.675745,209.7599945
8:50:27,08_50_27.jpg,35.77014454,-78.67576274,211.5364721,88.50135954,-187.1072461,-2.771569654,35.77018467,-78.67575583,209.1000061
8:50:29,08_50_29.jpg,35.7701245,-78.67577982,213.3862035,90.5803555,-188.9603724,-2.313456029,35.77016333,-78.675769,211.7899933
8:50:32,08_50_32.jpg,35.77010482,-78.6758051,220.1805779,92.52421162,-191.2824829,-0.1269186473,35.7701325,-78.67579917,220.6300049
8:50:34,08_50_34.jpg,35.77008143,-78.67582378,212.1211572,94.82023409,-193.298832,-0.1368828035,35.770107,-78.6758185,215.2400055
8:50:36,08_50_36.jpg,35.77006094,-78.67584168,210.698463,97.00394682,-195.1620091,-0.7101824751,35.7700955,-78.67582933,214.6699982
8:50:38,08_50_38.jpg,35.77004048,-78.67585965,214.6294638,99.08966041,-196.8303947,0.9087060358,35.77006733,-78.675859,214.4299927
8:50:40,08_50_40.jpg,35.77002088,-78.67587309,207.0805275,101.2324068,-198.3438079,-0.1665849756,35.770049,-78.67587633,213.1799927
8:50:42,08_50_42.jpg,35.7699992,-78.67588235,182.1947896,103.8316239,-199.3041581,-0.7909478981,35.77002933,-78.67589,205.0599976
8:50:44,08_50_44.jpg,35.76997529,-78.67588451,174.330124,106.7607834,-199.6010008,3.626890224,35.77000817,-78.675895,190.2700043
8:50:46,08_50_46.jpg,35.7699538,-78.67586969,125.9331999,109.5173082,-198.5447957,2.115663705,35.769991,-78.67588767,162.4199982
8:50:48,08_50_48.jpg,35.76994261,-78.67584571,101.9281482,111.0354722,-196.511605,2.048046499,35.76997533,-78.6758705,141.7400055
8:50:50,08_50_50.jpg,35.76993683,-78.67581805,107.9416394,112.0757225,-194.0911235,3.640893981,35.76996633,-78.67584633,119.8499985
8:50:52,08_50_52.jpg,35.76993265,-78.6757857,88.71127023,112.8630211,-191.4442652,3.212333339,35.76996067,-78.67581567,106.6999969
8:50:54,08_50_54.jpg,35.76993188,-78.67575777,93.99739945,113.3184402,-188.8197207,4.280159931,35.76995917,-78.675788,98.55000305
8:50:56,08_50_56.jpg,35.76993363,-78.67572319,87.62125597,113.5831102,-185.7266469,4.620340899,35.76996633,-78.6757585,84.75
8:50:58,08_50_58.jpg,35.76993683,-78.6756917,83.75347464,113.8100218,-182.9446775,1.671803032,35.76997083,-78.67572983,82.08000183
8:51:00,08_51_00.jpg,35.76994152,-78.67566295,73.68389135,113.7646637,-180.330922,3.311674968,35.769974,-78.67570117,82.13999939
8:51:02,08_51_02.jpg,35.76994489,-78.67563474,75.35854193,113.6438083,-177.8958496,10.83329509,35.76997667,-78.67567517,83.0
8:51:04,08_51_04.jpg,35.76994903,-78.67560511,82.30908258,113.9841836,-174.8017382,1.66494307,35.76998333,-78.67565033,80.62999725
8:51:06,08_51_06.jpg,35.76995207,-78.67557502,83.72036545,114.14358,-171.8777249,1.598772698,35.76998467,-78.67562067,86.94000244
8:51:09,08_51_09.jpg,35.76995551,-78.6755416,78.22038471,114.134889,-168.861263,4.641387147,35.76999617,-78.67557433,84.19999695
8:51:11,08_51_11.jpg,35.76995951,-78.67550999,81.11640336,114.117066,-165.9743497,3.41489071,35.77000083,-78.67554283,85.30999756
8:51:13,08_51_13.jpg,35.76996375,-78.6754806,81.75367919,114.0952063,-163.2024338,1.78841334,35.77000733,-78.6755135,84.05000305
8:51:15,08_51_15.jpg,35.76996525,-78.67544627,84.23596644,114.3369603,-160.1535303,3.777611064,35.770008,-78.67548183,90.16000366
8:51:17,08_51_17.jpg,35.76996657,-78.67541592,86.54038332,114.6146211,-157.1965426,4.455761631,35.77001483,-78.67545,89.66999817
8:51:19,08_51_19.jpg,35.7699671,-78.67538683,83.14717058,114.8699856,-154.7461986,2.047472198,35.770015,-78.675421,92.80000305
8:51:21,08_51_21.jpg,35.76996933,-78.67535611,84.58566761,114.9971016,-151.9751579,2.429835174,35.7700155,-78.67539383,94.26000214
8:51:23,08_51_23.jpg,35.76997219,-78.67532417,85.37058388,115.0244905,-149.0200967,3.875553379,35.77002167,-78.675366,89.83000183
8:51:25,08_51_25.jpg,35.76997511,-78.67529195,86.19174436,115.0831348,-146.1672037,3.654452426,35.77000933,-78.67533433,101.1699982
8:51:27,08_51_27.jpg,35.76997756,-78.6752616,84.37568325,115.1639768,-143.4073047,2.597232883,35.77001517,-78.67530667,98.36000061
8:51:29,08_51_29.jpg,35.76998082,-78.67523115,84.26615842,115.2450757,-140.5713311,2.502831675,35.77001783,-78.67527817,93.80999756
8:51:31,08_51_31.jpg,35.76998492,-78.6752017,84.95626562,115.270809,-137.8095367,2.187406468,35.77002517,-78.67524883,89.51000214
8:51:33,08_51_33.jpg,35.76998782,-78.67516804,86.14672266,115.3672708,-134.8098921,2.032598438,35.7700355,-78.6752175,83.56999969
8:51:35,08_51_35.jpg,35.76999011,-78.67513682,84.82722319,115.5005744,-131.8416747,1.231888766,35.77004133,-78.67518633,83.80999756
8:51:37,08_51_37.jpg,35.76999218,-78.67510731,82.66243762,115.6557681,-129.0612115,1.105614594,35.77004483,-78.67515617,85.26999664
8:51:39,08_51_39.jpg,35.7699951,-78.6750777,78.47553499,115.7672871,-126.3052645,1.41014648,35.7700475,-78.67512817,85.44000244
8:51:41,08_51_41.jpg,35.76999811,-78.67504573,87.27368901,115.8460285,-123.5021582,1.563716092,35.77004533,-78.67509767,89.18000031
8:51:43,08_51_43.jpg,35.76999833,-78.67501306,89.57155552,116.1386032,-120.627496,1.757689835,35.77004233,-78.67506667,95.80000305
8:51:45,08_51_45.jpg,35.76999797,-78.67498169,89.88586513,116.5600582,-117.6572947,1.400173956,35.77003417,-78.67503867,106.0800018
8:51:47,08_51_47.jpg,35.76999635,-78.67495336,85.18443103,116.9434753,-115.0284851,2.18452416,35.770031,-78.6750105,105.7099991
8:51:49,08_51_49.jpg,35.76999756,-78.67492486,84.42329684,117.0883905,-112.4703155,1.038547959,35.77002983,-78.674982,97.48000336
8:51:52,08_51_52.jpg,35.77000253,-78.67489293,74.22686322,117.1211806,-109.4595374,3.824367311,35.77003367,-78.67494,90.81999969
8:51:54,08_51_54.jpg,35.77001772,-78.6748688,33.92612885,115.8401496,-107.1452255,0.4378962854,35.77005067,-78.674916,52.97000122
8:51:56,08_51_56.jpg,35.77003899,-78.6748493,40.36995359,113.8921676,-105.0516922,0.5511214612,35.77007367,-78.6749,41.75999832
8:51:58,08_51_58.jpg,35.77005923,-78.67482917,25.83157487,111.577975,-103.1998048,0.9095816325,35.77009417,-78.67488117,33.95999908
8:52:00,08_52_00.jpg,35.77008099,-78.67481606,28.49799754,109.4800609,-101.6066083,0.950847954,35.77011183,-78.67486383,33.41999817
8:52:02,08_52_02.jpg,35.77010468,-78.67480245,29.32330805,107.1915251,-99.95940383,1.991913532,35.77013033,-78.67484467,33.11000061
8:52:04,08_52_04.jpg,35.77012778,-78.67478141,32.77026018,104.7244581,-97.84381185,0.8994689207,35.77015267,-78.67482767,32.27000046
8:52:06,08_52_06.jpg,35.77014917,-78.67476185,30.32189788,102.4037874,-95.77742824,0.4834870569,35.77017517,-78.67480333,37.40999985
8:52:08,08_52_08.jpg,35.77017114,-78.67474205,37.80049367,100.0370556,-93.53093934,1.6506076,35.77019667,-78.67477983,35.29999924
8:52:10,08_52_10.jpg,35.77019632,-78.67472666,29.53257739,97.75037631,-91.60134565,1.67317262,35.7702205,-78.67476233,35.29999924
8:52:12,08_52_12.jpg,35.77022339,-78.67470968,25.84867805,95.13077534,-89.64794155,1.544429113,35.77024583,-78.67474233,30.67000008
8:52:14,08_52_14.jpg,35.77024998,-78.67468912,32.07972354,92.60063665,-87.48045761,2.853790305,35.77027033,-78.67473017,30.79999924
8:52:16,08_52_16.jpg,35.77027136,-78.67467331,35.55761716,90.55025446,-85.72041617,0.4365726434,35.7702925,-78.67471833,32.79000092
8:52:18,08_52_18.jpg,35.77028911,-78.67465397,36.54614922,88.40966842,-83.90973876,0.6447807385,35.7703095,-78.674699,38.97999954
8:52:20,08_52_20.jpg,35.77031083,-78.67463748,35.10085282,86.47298413,-81.88046939,1.552799703,35.77032867,-78.67467833,37.04000092
8:52:22,08_52_22.jpg,35.77033743,-78.67461917,33.71106653,84.1113878,-79.56466656,2.084451081,35.7703525,-78.674654,38.04000092
8:52:24,08_52_24.jpg,35.77035789,-78.6746029,22.78141277,82.04217162,-77.79030254,-0.7145477867,35.77037433,-78.6746385,37.38999939
8:52:27,08_52_27.jpg,35.77037319,-78.67458504,37.54354798,80.25515801,-76.20490677,2.190441846,35.770402,-78.67461567,36.45999908
8:52:29,08_52_29.jpg,35.77039361,-78.6745671,32.28316789,77.95216239,-74.31674084,-1.772027927,35.7704235,-78.67459533,33.11000061
8:52:31,08_52_31.jpg,35.7704156,-78.67454978,29.37009822,75.7734457,-72.29360046,0.2325611865,35.7704465,-78.67458267,nan
8:52:33,08_52_33.jpg,35.77043306,-78.67452468,33.77073735,73.37317731,-70.24377921,-1.563606745,35.770469,-78.67456217,32.61000061
8:52:35,08_52_35.jpg,35.77045399,-78.67450558,23.56963501,71.20936935,-68.22252494,0.6017313109,35.7704895,-78.67454067,38.63999939
8:52:37,08_52_37.jpg,35.77047756,-78.67449027,36.72713437,69.01037984,-66.40503904,0.3145686953,35.77051067,-78.67452033,36.79000092
8:52:39,08_52_39.jpg,35.77049597,-78.67447036,38.22732653,66.86866895,-64.43594331,0.3827233631,35.77052967,-78.67451267,nan
8:52:41,08_52_41.jpg,35.77051764,-78.67444969,28.51659677,64.53958278,-62.50327981,-0.3412349533,35.77054783,-78.67449317,35.00999832
8:52:43,08_52_43.jpg,35.77054319,-78.67443692,30.40198321,62.21960341,-60.70672511,-0.49760191,35.77057,-78.67448867,30.63999939
8:52:45,08_52_45.jpg,35.77057198,-78.67442096,28.82398001,59.57799055,-58.59004685,-0.2200058508,35.770592,-78.67446983,25.79999924
8:52:47,08_52_47.jpg,35.77059376,-78.67440894,33.85146366,57.57066168,-57.00876324,-3.636387376,35.77060967,-78.67445417,28.12999916
8:52:49,08_52_49.jpg,35.77061677,-78.67439467,25.68340926,55.57758717,-55.22048505,-0.2790691063,35.77062617,-78.67443467,30.35000038
8:52:51,08_52_51.jpg,35.77064129,-78.67437791,30.38153057,52.97348955,-53.15653499,-5.887303412,35.77064933,-78.6744215,25.40999985
8:52:53,08_52_53.jpg,35.77066344,-78.67435703,28.12133045,50.59203579,-50.9324737,-1.529163951,35.77066983,-78.67440433,32.25999832
8:52:55,08_52_55.jpg,35.77068731,-78.67433797,28.40241032,48.12150922,-48.89812276,0.3901514241,35.77069467,-78.6743965,22.15999985
8:52:57,08_52_57.jpg,35.77071364,-78.67432166,31.5280824,45.59252178,-47.03787013,-1.643278405,35.7707185,-78.67438917,nan
8:52:59,08_52_59.jpg,35.7707325,-78.67430624,28.37971468,43.54617324,-45.41814976,-1.025200574,35.77074083,-78.674381,19.77000046
8:53:02,08_53_02.jpg,35.77075202,-78.67429216,31.71749344,41.46747067,-43.57088704,-1.935998736,35.77075617,-78.67434233,nan
8:53:04,08_53_04.jpg,35.77077795,-78.67427273,31.36770255,39.01348701,-41.53046852,-2.703048702,35.7707785,-78.67431583,34.41999817
8:53:06,08_53_06.jpg,35.77080264,-78.67425029,24.53125454,36.53642442,-39.26441353,-1.648606815,35.77079317,-78.67429833,nan
8:53:08,08_53_08.jpg,35.77082803,-78.67422921,33.96275823,33.80796629,-37.17261822,-4.030880427,35.77081033,-78.67427833,nan
8:53:10,08_53_10.jpg,35.7708559,-78.6742085,36.17173535,31.0240193,-34.85887632,-0.1030750985,35.77083733,-78.67424833,35.47000122
8:53:12,08_53_12.jpg,35.77087766,-78.67418897,47.83314532,28.91760803,-32.76218498,0.02939514098,35.770857,-78.67422933,33.88000107
8:53:14,08_53_14.jpg,35.77090178,-78.67416775,30.06654622,26.62319098,-30.53804445,-0.48922895,35.77087483,-78.67421517,34.81999969
8:53:16,08_53_16.jpg,35.77091842,-78.67415374,32.18655094,24.72739179,-28.95966573,-0.4019640953,35.77089217,-78.67420483,31.57999992
8:53:18,08_53_18.jpg,35.77093899,-78.67414202,31.64715559,22.63252084,-27.46324651,-1.387626525,35.77091217,-78.674192,nan
8:53:20,08_53_20.jpg,35.77096436,-78.67412849,30.4549264,20.18084713,-25.63778841,-2.113947544,35.77093633,-78.6741785,29.0
8:53:22,08_53_22.jpg,35.77098898,-78.67410823,30.83395209,17.82495591,-23.73714026,-0.3489159203,35.77095967,-78.67418117,27.70999908
8:53:24,08_53_24.jpg,35.77101216,-78.67408508,43.99978733,15.60024048,-21.5302226,-0.2718995908,35.7709815,-78.67417383,nan
8:53:27,08_53_27.jpg,35.77103729,-78.674065,28.15124836,12.99561578,-19.41551784,-0.4353119155,35.77102733,-78.67416033,25.45000076
8:53:29,08_53_29.jpg,35.77106508,-78.67404509,27.39236955,10.06871819,-17.25677683,-0.5675559774,35.77105533,-78.674143,29.04999924
8:53:31,08_53_31.jpg,35.77109153,-78.67402649,36.53362108,7.495453697,-15.14739262,-0.2414545986,35.7710805,-78.674126,31.21999931
8:53:33,08_53_33.jpg,35.77111612,-78.67400906,37.8479669,5.206117314,-12.87146823,-1.052302142,35.77110467,-78.67410033,29.55999947
8:55:23,08_55_23.jpg,35.77118121,-78.67389009,268.4458446,-1.054295184,-2.208073001,-3.372399505,35.77119717,-78.67367717,nan
8:55:26,08_55_26.jpg,35.77118051,-78.67389096,268.4458446,-1.063763027,-2.218386291,-3.065775989,35.77121067,-78.67372983,nan
8:55:28,08_55_28.jpg,35.77118734,-78.67390634,279.1026225,-1.674072705,-3.461794841,-1.103205732,35.771223,-78.67374083,nan
8:55:30,08_55_30.jpg,35.7711944,-78.67392925,291.9571426,-2.531791392,-5.299684991,-0.9432087082,35.77123117,-78.67376733,312.8999939
8:55:32,08_55_32.jpg,35.77120105,-78.67396405,283.8416771,-3.738153825,-8.18928951,-2.163042895,35.771238,-78.6738215,282.4700012
8:55:34,08_55_34.jpg,35.77120886,-78.67400078,292.1885372,-4.804120433,-10.91579374,-0.05461564164,35.771243,-78.673864,280.3900146
8:55:36,08_55_36.jpg,35.77122039,-78.67403473,286.4664362,-6.418766772,-13.63789244,0.8180730126,35.7712535,-78.673918,292.3800049
8:55:38,08_55_38.jpg,35.77123338,-78.67407699,299.6663053,-8.18507152,-16.58736686,-2.398060348,35.77126283,-78.67397067,291.1700134
8:55:40,08_55_40.jpg,35.77124742,-78.67410259,301.2786006,-10.04946902,-19.01171537,-1.016969457,35.77127483,-78.674015,299.4700012
8:55:42,08_55_42.jpg,35.77126176,-78.67412711,298.7028337,-12.08251377,-21.33796249,-0.7664000008,35.771289,-78.67405517,305.2900085
8:55:44,08_55_44.jpg,35.7712738,-78.67415117,298.5637992,-13.64864564,-23.58880415,1.634585401,35.771298,-78.674086,301.5100098
8:55:46,08_55_46.jpg,35.77128462,-78.67418025,289.3096256,-15.17369593,-26.08716634,-1.20207076,35.7713065,-78.67412167,295.3900146
8:55:48,08_55_48.jpg,35.77129414,-78.67420127,305.6173026,-16.60066785,-27.92144627,0.6600481171,35.77131433,-78.67415667,296.3999939
8:55:50,08_55_50.jpg,35.77130629,-78.67422611,303.9474492,-18.2922996,-29.69971497,-1.387954432,35.77132317,-78.67418317,299.9700012
8:55:52,08_55_52.jpg,35.77132333,-78.67425178,306.2176913,-20.64295173,-31.9288274,1.419548143,35.77133717,-78.6742135,305.9100037
8:55:54,08_55_54.jpg,35.7713375,-78.67427718,307.8025948,-22.081727,-33.57492604,1.984047997,35.77135283,-78.67424633,307.6600037
8:55:56,08_55_56.jpg,35.77135176,-78.67430761,299.7841048,-23.01268666,-35.70195014,-0.2091356419,35.771368,-78.6742795,303.769989
8:55:58,08_55_58.jpg,35.7713664,-78.67433748,300.3380296,-24.92166235,-38.04403806,-0.8106026583,35.77138117,-78.67431117,301.5100098
8:56:00,08_56_00.jpg,35.77138342,-78.67437242,304.7815414,-27.23057631,-40.85972977,1.401110116,35.7713935,-78.67434533,296.9500122
8:56:02,08_56_02.jpg,35.77139723,-78.67439764,302.8118531,-29.09571483,-42.86263713,1.344814601,35.7714105,-78.67437783,303.1700134
8:56:05,08_56_05.jpg,35.77141108,-78.67442435,309.5097953,-30.95705171,-44.91786204,-1.120978134,35.77142967,-78.67441783,303.9500122
8:56:07,08_56_07.jpg,35.77142652,-78.67444838,303.0536025,-32.87819524,-46.87550314,1.823924599,35.77144367,-78.67444433,304.6900024
8:56:09,08_56_09.jpg,35.7714407,-78.67447571,302.3485691,-34.77448313,-49.07844446,-0.44241674,35.77145767,-78.6744735,302.3800049
8:56:11,08_56_11.jpg,35.7714539,-78.67450329,298.1017385,-36.69056634,-51.43620946,0.6861265812,35.77147067,-78.67450183,301.3399963
8:56:13,08_56_13.jpg,35.77146541,-78.67453233,297.0731508,-38.300974,-53.7366637,0.6211493793,35.77148267,-78.6745315,298.3399963
8:56:15,08_56_15.jpg,35.77147552,-78.67455301,302.2138644,-39.59783517,-55.32050458,0.167992562,35.7714925,-78.67455233,301.730011
8:56:17,08_56_17.jpg,35.77148737,-78.67457574,304.049684,-41.2265141,-57.17596342,0.5372089032,35.77150383,-78.67457417,301.8900146
8:56:19,08_56_19.jpg,35.77149972,-78.67460201,306.0273734,-43.04114054,-59.32666067,1.169014854,35.77151567,-78.6746005,299.75
8:56:21,08_56_21.jpg,35.77151398,-78.67462233,313.4861933,-44.82984836,-60.80249268,0.620292854,35.77152867,-78.6746225,306.7900085
8:56:23,08_56_23.jpg,35.77153339,-78.67463971,325.5288362,-47.24293542,-62.00110263,0.1901760623,35.771546,-78.67463983,317.5799866
8:56:25,08_56_25.jpg,35.77155428,-78.67465368,333.1260797,-49.54137389,-62.86678487,1.717171941,35.77156717,-78.6746555,327.2600098
8:56:27,08_56_27.jpg,35.7715749,-78.6746606,356.3654942,-51.8549956,-63.07345464,-2.233183911,35.77158617,-78.67466433,339.4700012
8:56:29,08_56_29.jpg,35.77159373,-78.67465017,21.53799977,-54.0241633,-61.86481794,0.8945343578,35.7716085,-78.67466083,359.6199951
8:56:31,08_56_31.jpg,35.7716163,-78.67462969,51.034068,-56.15310171,-59.57460983,1.907577442,35.77163117,-78.67464617,21.45999908
8:56:33,08_56_33.jpg,35.77163715,-78.67460185,45.89028695,-58.16427435,-56.71502177,0.402045968,35.7716515,-78.67462067,39.16999817
8:56:35,08_56_35.jpg,35.77165748,-78.6745793,55.30738651,-59.96998748,-54.14687093,2.761944959,35.771673,-78.67459833,42.66999817
8:56:37,08_56_37.jpg,35.77167268,-78.67454845,62.49927243,-61.43247131,-51.31540656,-0.2988028188,35.771692,-78.67457783,44.86999893
8:56:39,08_56_39.jpg,35.77168413,-78.67452138,74.70857219,-62.34786381,-48.72329961,0.01801499677,35.77171083,-78.674555,47.5
8:56:41,08_56_41.jpg,35.77169838,-78.67448914,66.28209809,-63.37203413,-45.64436097,-1.312031352,35.771725,-78.6745315,51.65999985
8:56:43,08_56_43.jpg,35.77170596,-78.67445361,70.34617594,-63.82965331,-42.38287428,0.9764410258,35.77174433,-78.67450533,54.54000092
8:56:45,08_56_45.jpg,35.7717137,-78.67442481,71.25630093,-64.27014122,-39.57257804,-0.4621220543,35.77175083,-78.674476,64.76000214
8:56:48,08_56_48.jpg,35.77171693,-78.67438798,88.76101295,-64.23125524,-36.15219088,1.071078471,35.77175867,-78.67442533,78.58999634
8:56:50,08_56_50.jpg,35.77171993,-78.67435426,87.04922089,-64.02587567,-32.91101711,0.9441827157,35.77177167,-78.67440383,nan
8:56:52,08_56_52.jpg,35.77172082,-78.67432039,97.29808659,-63.51425893,-29.91590355,1.555107477,35.771783,-78.67438233,nan
8:56:54,08_56_54.jpg,35.77171992,-78.67428538,98.77583228,-62.75564013,-26.79843885,0.3814714126,35.7717955,-78.6743585,nan
8:56:56,08_56_56.jpg,35.7717188,-78.6742501,112.5567397,-61.52062164,-23.94738651,2.088962766,35.771781,-78.674338,nan
8:56:58,08_56_58.jpg,35.77170881,-78.67421664,109.0691935,-60.14613497,-21.11626568,2.139541849,35.77177067,-78.67430133,88.76000214
8:57:00,08_57_00.jpg,35.77169722,-78.67418544,116.7560364,-58.55997827,-18.40276878,0.2401234164,35.77175517,-78.67426283,105.4199982
8:57:02,08_57_02.jpg,35.77168282,-78.67415317,113.110674,-56.48840601,-15.60627052,1.700716578,35.77174117,-78.6742295,111.5699997
8:57:04,08_57_04.jpg,35.77166848,-78.67411744,119.5377734,-54.50546227,-12.88080394,0.3750616003,35.7717325,-78.67419217,106.1100006
8:57:06,08_57_06.jpg,35.77165122,-78.67408772,123.7213141,-52.31495069,-10.53512562,2.017501737,35.77171117,-78.6741585,112.8099976
8:57:08,08_57_08.jpg,35.7716375,-78.67405819,125.4614123,-50.22414972,-8.156825702,3.467078686,35.77168567,-78.674128,124.1600037
8:57:10,08_57_10.jpg,35.77162532,-78.67403415,123.2470677,-48.41941133,-6.348334604,2.112782382,35.771666,-78.674104,132.5099945
8:57:12,08_57_12.jpg,35.77161158,-78.67400359,123.3856406,-46.2060912,-4.087907344,0.9363176447,35.77163833,-78.67407617,137.7799988
8:57:14,08_57_14.jpg,35.77159487,-78.67398773,136.537085,-44.32507344,-2.298755226,1.084916147,35.77161867,-78.67405067,138.8300018
8:57:16,08_57_16.jpg,35.77157829,-78.67396835,140.9690229,-42.29665771,-0.8682894401,0.8661559277,35.77160483,-78.67402567,nan
8:57:18,08_57_18.jpg,35.77156061,-78.6739461,138.9934668,-39.90439475,0.7067892442,2.66761435,35.77159217,-78.67401333,nan
8:57:20,08_57_20.jpg,35.771538,-78.67392563,145.4362868,-37.03155922,1.977330028,1.934690367,35.77159467,-78.67400417,nan
8:57:22,08_57_22.jpg,35.77151381,-78.67390707,149.5555656,-34.01600285,3.185010912,2.375303782,35.77157633,-78.67399817,nan
8:57:24,08_57_24.jpg,35.77149103,-78.6738896,152.4653556,-31.36261212,4.163339105,-0.161161661,35.77155917,-78.673995,nan
8:57:26,08_57_26.jpg,35.77146798,-78.67387925,163.1172296,-28.70178328,4.708873368,-0.1516808199,35.77153317,-78.6739795,147.2299957
8:57:28,08_57_28.jpg,35.77143964,-78.6738772,171.7279763,-25.35274933,4.534201397,0.5516325079,35.77150833,-78.67397883,161.9199982
8:57:30,08_57_30.jpg,35.77141324,-78.67387357,173.5604597,-22.17304415,4.36045132,1.049502946,35.77147967,-78.67396567,169.9799957
8:57:32,08_57_32.jpg,35.77138618,-78.67386974,165.1600608,-19.29233892,4.353740056,-0.2927306579,35.771465,-78.67395267,nan
8:57:35,08_57_35.jpg,35.77136351,-78.67386889,187.6392414,-16.91069952,4.054206383,-0.2597974973,35.7714275,-78.6739385,163.6699982
8:57:37,08_57_37.jpg,35.77134153,-78.67386906,187.872015,-14.54630257,3.32100426,3.143665981,35.77140633,-78.67393667,nan
8:57:39,08_57_39.jpg,35.77131535,-78.67387101,197.5696486,-11.71570736,2.453265395,-0.02972713561,35.77137333,-78.6739305,173.5800018
8:57:41,08_57_41.jpg,35.7712885,-78.67387786,194.4929138,-8.913360543,1.028133372,2.054665209,35.77134517,-78.67394083,nan
8:57:43,08_57_43.jpg,35.77126207,-78.67388967,211.4175381,-6.291207918,-0.7333070951,0.7107319644,35.77131783,-78.67394717,198.1999969
8:57:45,08_57_45.jpg,35.77123729,-78.67390638,223.9835686,-3.767981654,-2.757002032,1.553887966,35.77128217,-78.673948,189.4600067
8:57:47,08_57_47.jpg,35.77121093,-78.67392376,213.5076846,-1.30807974,-4.770433614,-1.769141611,35.7712525,-78.67395333,190.8300018
8:57:49,08_57_49.jpg,35.7711875,-78.6739505,208.9012495,1.282141,-6.910884074,2.278975867,35.7712265,-78.67396933,192.8399963
8:57:51,08_57_51.jpg,35.77116308,-78.67397248,210.1900116,3.806211855,-8.962738376,0.9612808915,35.77119683,-78.6739835,205.4100037
8:57:53,08_57_53.jpg,35.77113589,-78.67398971,205.5796748,6.295793857,-10.96206904,0.4061069726,35.771172,-78.67400183,212.4799957
8:57:55,08_57_55.jpg,35.77111254,-78.67400831,215.5566637,8.41648479,-13.19004839,0.9405747732,35.77114267,-78.674013,206.4299927
8:57:57,08_57_57.jpg,35.77108451,-78.67403172,217.2586418,11.08894465,-15.98036604,1.567732184,35.771111,-78.67402667,211.6699982
8:57:59,08_57_59.jpg,35.77106341,-78.67405181,227.351317,13.20951072,-18.14901311,2.189721916,35.77108283,-78.67404283,212.9100037
8:58:01,08_58_01.jpg,35.77104769,-78.67406365,218.5377294,14.6839622,-19.63077498,1.873368932,35.7710655,-78.67405417,208.4799957
8:58:03,08_58_03.jpg,35.77103024,-78.67407488,212.8069655,16.22300695,-21.12785966,0.2513938044,35.77104767,-78.67406217,nan
8:58:05,08_58_05.jpg,35.77101144,-78.67409132,215.7656775,18.14606385,-22.93774681,0.3977977824,35.77102833,-78.67407233,206.8600006
8:58:07,08_58_07.jpg,35.77098843,-78.674107,209.9370089,20.3084501,-24.85463326,1.02918549,35.771001,-78.67408333,205.6100006
8:58:09,08_58_09.jpg,35.77097102,-78.6741202,209.4836658,22.0796896,-26.49558837,3.005501056,35.77097883,-78.6741025,213.0
8:58:11,08_58_11.jpg,35.77095002,-78.67413652,211.7335192,24.21623679,-28.42655593,1.430895355,35.77095967,-78.67411783,215.25
8:58:14,08_58_14.jpg,35.77092266,-78.67415557,210.7189043,26.96168683,-30.81934293,1.042068204,35.7709225,-78.67414467,213.6300049
8:58:16,08_58_16.jpg,35.77089731,-78.67417611,201.7877449,29.34800403,-32.8113817,0.842993881,35.77090383,-78.67416083,216.9400024
8:58:18,08_58_18.jpg,35.77087927,-78.67419213,216.2802535,31.22957181,-34.44119318,2.572511773,35.770881,-78.674175,212.6799927
8:58:20,08_58_20.jpg,35.77085626,-78.67420823,206.5650512,33.34132114,-36.24324967,1.454183384,35.77085933,-78.674192,215.0800018
8:58:22,08_58_22.jpg,35.77083812,-78.67422825,215.9502049,35.43840064,-38.23928456,1.455644388,35.77083717,-78.67420883,210.0
8:58:24,08_58_24.jpg,35.77081597,-78.6742451,213.1365569,37.40161015,-40.19414139,1.964626828,35.77081933,-78.67422683,215.1699982
8:58:26,08_58_26.jpg,35.77078996,-78.67426647,216.395672,39.78784534,-42.61303032,1.357777364,35.77079417,-78.67424667,212.5399933
8:58:28,08_58_28.jpg,35.77076647,-78.67428588,208.7740552,41.97632745,-44.81928867,1.52746275,35.77077617,-78.67427017,217.0899963
8:58:30,08_58_30.jpg,35.77075118,-78.6743082,213.5461086,43.84506453,-46.72213435,2.134496136,35.770756,-78.67428217,213.0099945
8:58:32,08_58_32.jpg,35.77072821,-78.67432554,212.5204737,46.13138797,-48.81174788,3.080155902,35.770736,-78.6743,215.9600067
8:58:34,08_58_34.jpg,35.77070617,-78.67434046,217.6816254,48.22468337,-50.69150985,1.458004268,35.770718,-78.67431933,217.5
8:58:36,08_58_36.jpg,35.77068811,-78.67435479,212.0862493,50.10092435,-52.3816176,1.79376622,35.77069933,-78.67433417,214.2200012
8:58:38,08_58_38.jpg,35.77066221,-78.67437288,217.4247029,52.55625004,-54.57150753,1.309964919,35.77067117,-78.67434483,207.4600067
8:58:41,08_58_41.jpg,35.77063661,-78.6743921,209.0324365,54.88423992,-56.64936325,1.819825966,35.7706335,-78.67436683,208.8300018
8:58:43,08_58_43.jpg,35.77061487,-78.67440677,211.317989,57.03940134,-58.5128075,1.350895209,35.77061167,-78.67437933,209.4100037
8:58:45,08_58_45.jpg,35.77059808,-78.67442043,208.1204305,58.82651793,-60.03689061,1.36956656,35.77059383,-78.67439167,209.1199951
8:58:47,08_58_47.jpg,35.77057629,-78.67443587,207.3849706,61.04999137,-61.87350553,1.352802461,35.7705745,-78.67440817,211.1499939
8:58:49,08_58_49.jpg,35.77055228,-78.67445104,208.4686632,63.36946396,-63.67191174,-0.4291954536,35.77055417,-78.67442283,209.75
8:58:51,08_58_51.jpg,35.77052803,-78.6744699,214.3381822,65.80841378,-65.87492842,0.8539164046,35.77052917,-78.67443967,208.3200073
8:58:53,08_58_53.jpg,35.77050497,-78.67448721,216.3474582,68.15986895,-67.99721763,-0.4541609774,35.7705095,-78.67445933,214.1600037
8:58:55,08_58_55.jpg,35.77048117,-78.67450343,215.6098777,70.53263763,-69.98162769,1.446111433,35.77048983,-78.67447917,218.5899963
8:58:57,08_58_57.jpg,35.77045849,-78.6745198,211.6602076,72.81015167,-71.89885365,1.954886342,35.77046867,-78.67449533,214.1799927
8:58:59,08_58_59.jpg,35.77043852,-78.67453665,224.6936084,74.8809814,-73.79816657,2.520085777,35.77044617,-78.67451017,210.0599976
8:59:01,08_59_01.jpg,35.7704142,-78.67455125,205.2222729,76.95434114,-75.78335178,1.127545254,35.77042617,-78.67452433,210.2200012
8:59:03,08_59_03.jpg,35.77039452,-78.67456797,214.9328181,78.96858423,-77.64714767,3.043292062,35.770404,-78.674532,204.9199982
8:59:05,08_59_05.jpg,35.77037374,-78.67458463,212.6869365,80.96254974,-79.43345107,-0.07488223708,35.77038067,-78.67454317,202.1499939
8:59:07,08_59_07.jpg,35.77035159,-78.67459957,209.4788952,82.98456907,-81.28310501,-0.2093454033,35.77036417,-78.67456133,212.9900055
8:59:09,08_59_09.jpg,35.77032916,-78.67461788,212.4651978,85.12377786,-83.21865441,0.2432388504,35.77034183,-78.6745765,214.5599976
8:59:11,08_59_11.jpg,35.77030823,-78.67463937,217.7611246,87.37162991,-85.4010976,0.7282313202,35.77032233,-78.67459033,215.1199951
8:59:13,08_59_13.jpg,35.77028164,-78.67466379,208.7775779,89.92707498,-87.78597278,0.4240249524,35.77029583,-78.6746,209.3000031
8:59:16,08_59_16.jpg,35.77025557,-78.67468697,214.7218898,92.34690968,-90.04912711,0.6800688359,35.77026167,-78.674621,209.9400024
8:59:18,08_59_18.jpg,35.77022831,-78.67469438,214.5816235,94.38898987,-91.9096395,-0.7520095649,35.7702385,-78.67463433,210.3800049
8:59:20,08_59_20.jpg,35.77020453,-78.67471014,220.1952965,96.55043923,-93.9103935,1.557321472,35.7702165,-78.67465367,213.9799957
8:59:22,08_59_22.jpg,35.77018392,-78.67473025,210.8489355,98.64434367,-95.91865025,0.1848129289,35.77019267,-78.67466983,212.1300049
8:59:24,08_59_24.jpg,35.77015919,-78.67475131,219.2944227,101.1110965,-98.21165603,0.2464676437,35.77016833,-78.674683,212.4199982
8:59:26,08_59_26.jpg,35.77013133,-78.67476636,212.1217941,103.4240287,-100.3442479,0.9372421396,35.7701425,-78.6746965,207.5
8:59:28,08_59_28.jpg,35.77010357,-78.67477307,214.9223905,105.7818783,-102.3835558,0.3679572635,35.77011583,-78.6747125,207.1999969
8:59:30,08_59_30.jpg,35.77008874,-78.67479929,209.4413508,107.951042,-104.1073324,1.951620815,35.7700905,-78.6747325,210.5299988
8:59:32,08_59_32.jpg,35.77007386,-78.67481983,210.2177381,109.6711674,-105.4624622,0.3228486465,35.77006933,-78.67475367,213.0
8:59:34,08_59_34.jpg,35.77005567,-78.67483662,214.9291756,111.555576,-107.0396176,-0.642478993,35.7700455,-78.67476567,209.1300049
8:59:36,08_59_36.jpg,35.77003458,-78.67485313,230.975791,113.482407,-109.1825419,-0.9793607358,35.77001683,-78.674785,209.1999969
8:59:38,08_59_38.jpg,35.77002364,-78.67488031,247.0484613,114.3347834,-111.924706,-5.112568246,35.76999667,-78.6748145,221.6100006
8:59:40,08_59_40.jpg,35.77001695,-78.67491459,259.7604694,114.8001273,-115.238979,2.164886782,35.76997617,-78.67483733,225.2400055
8:59:42,08_59_42.jpg,35.7700111,-78.67494643,262.3163492,115.0347096,-118.1801557,-4.69329853,35.76995567,-78.67486333,227.7700043
8:59:44,08_59_44.jpg,35.77000594,-78.67497712,265.3510123,115.0761516,-121.2489093,-3.706504866,35.7699355,-78.67488717,229.9499969
8:59:46,08_59_46.jpg,35.77000598,-78.67501078,268.6859187,114.6371332,-124.1650951,-0.770556956,35.76993533,-78.67492233,252.8300018
8:59:48,08_59_48.jpg,35.77000032,-78.67503983,259.8907015,114.5749206,-126.7389832,-1.415728247,35.76992467,-78.67495233,249.8600006
8:59:50,08_59_50.jpg,35.76999708,-78.67506985,260.5754511,114.5419427,-129.6053006,-0.9143402017,35.76992417,-78.67498017,256.3699951
8:59:52,08_59_52.jpg,35.76999499,-78.67510841,261.6271204,114.3091549,-133.1295691,1.248959966,35.76991583,-78.67501317,259.2900085
8:59:54,08_59_54.jpg,35.7699913,-78.67514219,269.2320061,114.20359,-136.2499128,-1.752334335,35.769908,-78.67504667,260.6099854
8:59:57,08_59_57.jpg,35.76998719,-78.67517273,259.3087884,114.0779175,-139.0329732,-1.093034027,35.76990033,-78.67508883,261.6700134
8:59:59,08_59_59.jpg,35.7699835,-78.6751997,264.3154701,113.8793138,-141.5640722,-1.066387545,35.76989783,-78.67511367,262.0799866
9:00:01,09_00_01.jpg,35.76998118,-78.67523221,271.5214971,113.6596023,-144.5250202,-3.345205359,35.76989583,-78.67514567,264.980011
9:00:03,09_00_03.jpg,35.76998434,-78.67526421,272.6189594,113.0425982,-147.3204463,-0.8684537138,35.76989767,-78.6751785,272.0799866
9:00:05,09_00_05.jpg,35.769983,-78.67529301,261.1937077,112.7161749,-149.929856,-2.280255001,35.76989767,-78.67520733,267.6900024
9:00:07,09_00_07.jpg,35.76997921,-78.67532999,265.094973,112.6880112,-153.2338026,-0.338770855,35.7699,-78.675244,267.8900146
9:00:09,09_00_09.jpg,35.76997443,-78.67536321,266.6150598,112.4813376,-156.3738725,-1.413963096,35.769901,-78.6752805,265.3200073
9:00:11,09_00_11.jpg,35.76996476,-78.67539371,236.9347134,112.9979829,-159.2628077,0.6127668201,35.769898,-78.67531283,254.3200073
9:00:13,09_00_13.jpg,35.76995461,-78.67542677,266.3895651,113.5783781,-162.4207692,-3.285759851,35.76988867,-78.67534617,248.9400024
9:00:15,09_00_15.jpg,35.76995039,-78.67546171,262.34462,113.6659188,-165.5616512,-1.647816848,35.76988517,-78.675382,255.5
9:00:17,09_00_17.jpg,35.76994586,-78.67549608,255.6787939,113.6931475,-168.6280823,-1.236114071,35.7698795,-78.67541733,258.6600037
9:00:20,09_00_20.jpg,35.76994195,-78.67552758,260.1082167,113.5932792,-171.5455105,-2.457012793,35.769877,-78.67546867,261.230011
9:00:22,09_00_22.jpg,35.7699399,-78.67555684,269.0587969,113.3176185,-174.093527,-0.1515536238,35.76987783,-78.67550067,269.3500061
9:00:24,09_00_24.jpg,35.76993704,-78.67559128,259.5361054,113.1614582,-177.1259353,-1.920541207,35.76987483,-78.675534,262.8299866
9:00:26,09_00_26.jpg,35.76993141,-78.67562935,256.9650246,113.2361078,-180.7305267,-0.4775751593,35.76986767,-78.675576,258.0299988
9:00:28,09_00_28.jpg,35.76992863,-78.67566625,261.1401219,112.9776188,-184.0596715,0.2340665227,35.76986683,-78.67561617,265.2200012
9:00:30,09_00_30.jpg,35.76992581,-78.67570189,270.2374121,112.8596989,-187.2654463,-1.020221888,35.769869,-78.67565567,271.6300049
9:00:32,09_00_32.jpg,35.76992321,-78.67573421,266.157861,112.5325734,-190.3631787,0.01321579367,35.76987133,-78.675691,278.1199951
9:00:34,09_00_34.jpg,35.76991642,-78.67576619,257.020573,112.6181147,-193.2571349,-2.465713562,35.769867,-78.67573,267.6099854
9:00:36,09_00_36.jpg,35.76991292,-78.67579522,264.5330303,112.4672237,-195.8362063,-3.466008132,35.76986667,-78.67575917,275.019989
9:00:38,09_00_38.jpg,35.76991823,-78.67582652,293.5993413,111.5900563,-198.5575178,-5.83221977,35.76986933,-78.67579617,278.4299927
9:00:40,09_00_40.jpg,35.76993362,-78.67585217,310.737906,109.6312384,-200.5747231,-2.966624565,35.76988017,-78.67582,297.7600098
9:00:42,09_00_42.jpg,35.76995265,-78.67587028,339.0182038,106.9982528,-201.7958487,-4.520982682,35.76990067,-78.67584133,316.1199951
9:00:45,09_00_45.jpg,35.76997427,-78.67587489,348.2703257,104.420721,-202.0159007,-1.618541224,35.7699315,-78.67585833,340.3500061
9:00:47,09_00_47.jpg,35.77000031,-78.675875,17.25822801,101.648844,-201.5243484,0.2427215618,35.76995983,-78.67586033,3.410000086
9:00:49,09_00_49.jpg,35.77002613,-78.67586365,23.77406944,99.14213467,-199.9659448,-0.5106418124,35.76998517,-78.67584933,21.93000031
9:00:51,09_00_51.jpg,35.7700496,-78.67584742,28.7586188,96.93579869,-198.0770533,0.2361324609,35.77001117,-78.675835,28.60000038
9:00:53,09_00_53.jpg,35.77007591,-78.67582671,34.7848258,94.235448,-195.8380932,1.215336769,35.7700355,-78.67581167,34.66999817
9:00:55,09_00_55.jpg,35.77010109,-78.67580618,38.01683652,91.70669406,-193.5852578,1.427644666,35.77005883,-78.67578783,39.59999847
9:00:57,09_00_57.jpg,35.77012885,-78.67578839,30.48639316,89.08809569,-191.254507,1.841999969,35.77008217,-78.6757645,39.95999908
9:00:59,09_00_59.jpg,35.77015245,-78.67577219,27.22255204,86.72615256,-189.3413368,0.384734636,35.77010817,-78.67574717,nan
9:01:01,09_01_01.jpg,35.77017043,-78.67575739,34.65344343,84.84755667,-187.8137197,-1.375844907,35.77013,-78.67573683,nan
9:01:03,09_01_03.jpg,35.77019354,-78.67574237,35.64110855,82.80665406,-185.8243078,1.805834524,35.77015517,-78.675722,36.24000168
9:01:05,09_01_05.jpg,35.77021478,-78.67572421,29.95867053,80.66238983,-183.9439947,-1.306204804,35.77018367,-78.675711,29.94000053
9:01:07,09_01_07.jpg,35.77023365,-78.6757052,36.53244218,78.72622008,-181.7208713,-0.04923269902,35.77020733,-78.67569667,34.70000076
9:01:09,09_01_09.jpg,35.77025294,-78.67568525,36.12821326,76.72549486,-179.6736848,0.79582597,35.77023633,-78.67569067,27.75
9:01:11,09_01_11.jpg,35.77027062,-78.67566514,27.66097993,74.73547416,-177.9528542,-0.2504016151,35.770261,-78.675684,24.42000008
9:01:13,09_01_13.jpg,35.77028897,-78.67565089,27.63411288,72.70367662,-176.2581779,-1.138166988,35.77028483,-78.67568133,13.38000011
9:01:15,09_01_15.jpg,35.77031273,-78.67564062,26.9356744,70.66633815,-174.6725683,-1.260138782,35.77030717,-78.67567783,nan
9:01:18,09_01_18.jpg,35.77033912,-78.67562265,28.98526971,68.03612468,-172.7507076,-0.6247008796,35.7703525,-78.6756755,16.45999908
9:01:20,09_01_20.jpg,35.77036274,-78.67560427,31.70601869,65.72919974,-170.7301721,-0.8997767637,35.77038617,-78.67567683,13.31000042
9:01:22,09_01_22.jpg,35.77038593,-78.67558841,25.29851409,63.55091617,-168.7266203,-3.200675816,35.77041333,-78.675668,22.93000031
9:01:24,09_01_24.jpg,35.77040805,-78.67557161,31.99781991,61.29435472,-166.8353426,-0.3436166639,35.7704355,-78.67565133,32.22999954
9:01:26,09_01_26.jpg,35.77043047,-78.67555678,33.32964834,59.02822914,-164.9227325,-2.069414824,35.770461,-78.67564,28.79000092
9:01:28,09_01_28.jpg,35.77045359,-78.67553871,33.19615063,56.72154082,-162.7236942,1.656363194,35.7704935,-78.6756415,15.0
9:01:30,09_01_30.jpg,35.7704752,-78.67552217,27.36592876,54.39371808,-160.9308298,-2.067998945,35.77052233,-78.67563633,11.19999981
9:01:32,09_01_32.jpg,35.77049924,-78.67550391,29.35516027,52.20386605,-158.8438403,-0.5622656524,35.77055117,-78.67563017,15.03999996
9:01:34,09_01_34.jpg,35.77051964,-78.67548114,33.79613796,49.89641483,-156.7932575,0.1682622619,35.77057217,-78.67561417,21.29999924
9:01:36,09_01_36.jpg,35.77054267,-78.67546419,29.82904691,47.44953741,-154.6918128,1.199192308,35.7705945,-78.6755975,24.59000015
9:01:38,09_01_38.jpg,35.77056567,-78.6754468,43.69061018,45.22412269,-152.6985532,2.476997581,35.77062133,-78.67559067,16.77000046
9:01:40,09_01_40.jpg,35.77059144,-78.67542389,36.72797633,42.9300255,-150.2516303,0.3037394001,35.77065383,-78.67558917,17.0
9:01:42,09_01_42.jpg,35.77061686,-78.67540118,39.25099286,40.6168194,-147.8080457,1.42050536,35.7706815,-78.67557917,10.89000034
9:01:44,09_01_44.jpg,35.77063646,-78.67538372,29.64210871,38.66857464,-145.8784945,-0.7478315103,35.77070183,-78.67556317,24.18000031
9:01:46,09_01_46.jpg,35.7706533,-78.67536772,20.0255439,36.74830291,-144.2739807,-0.5019971137,35.77072183,-78.67554617,nan
9:01:48,09_01_48.jpg,35.77066987,-78.6753567,27.81186702,34.9878243,-142.9553422,-1.470316336,35.77073833,-78.67553783,nan
9:01:50,09_01_50.jpg,35.77069568,-78.67534253,24.36245302,32.45960859,-141.069739,-3.081063384,35.77076467,-78.67553283,11.93999958
9:01:52,09_01_52.jpg,35.77072078,-78.67532414,40.3475613,30.09217059,-139.0566842,-1.868885106,35.7707895,-78.67551983,13.13000011
9:01:55,09_01_55.jpg,35.77074524,-78.67530646,37.83469127,27.73708062,-136.9938391,1.680170767,35.77082617,-78.675497,nan
9:01:57,09_01_57.jpg,35.77076662,-78.67529215,26.2437698,25.61095574,-135.2861754,0.5772389916,35.77084683,-78.675478,21.59000015
9:01:59,09_01_59.jpg,35.77078836,-78.67527935,32.80304527,23.56656297,-133.7371886,-0.3731086713,35.77086683,-78.67546233,19.29000092
9:02:01,09_02_01.jpg,35.77081389,-78.67526034,31.293039,21.01616645,-131.5085691,0.183514709,35.7708895,-78.6754325,27.68000031
9:02:03,09_02_03.jpg,35.77084212,-78.67524135,28.70062504,18.33534483,-129.3243251,1.659602978,35.770912,-78.675403,27.88999939
9:02:05,09_02_05.jpg,35.77086734,-78.67522159,36.7296308,15.99237586,-127.0916,0.4722883464,35.7709395,-78.67538333,30.20000076
9:02:07,09_02_07.jpg,35.77088925,-78.67520255,31.58023507,14.00926948,-125.0668797,0.7541459926,35.770957,-78.67535533,nan
9:02:09,09_02_09.jpg,35.77091352,-78.67518361,34.80822403,11.39917089,-122.8306154,3.569458429,35.77098,-78.67533367,26.80999947
9:02:11,09_02_11.jpg,35.77093596,-78.6751641,33.31063082,8.933293925,-120.7448695,0.7763281742,35.77099733,-78.67530667,24.32999992
9:02:13,09_02_13.jpg,35.7709582,-78.67514579,43.20549581,6.839294785,-118.6617491,1.124119081,35.771018,-78.67528583,32.65000153
9:02:15,09_02_15.jpg,35.77098071,-78.67512656,37.08249697,4.804835095,-116.5844927,0.96525252,35.77103683,-78.67526817,32.22999954
9:02:17,09_02_17.jpg,35.77100287,-78.67511232,27.36908407,2.716328959,-114.6822301,1.181524933,35.77105417,-78.67524417,nan
9:02:19,09_02_19.jpg,35.77102868,-78.67509381,40.24322049,-0.05288457052,-112.242234,2.434555025,35.77107817,-78.67522867,30.5
9:02:21,09_02_21.jpg,35.77105316,-78.67506984,39.14780728,-2.210092362,-110.0241013,3.822192077,35.77110283,-78.67520817,35.86999893
9:02:24,09_02_24.jpg,35.77107428,-78.67505446,41.81006391,-4.120058644,-108.2681663,3.703179494,35.7711265,-78.67518217,31.59000015
9:02:26,09_02_26.jpg,35.7711018,-78.6750287,32.13498284,-6.818729299,-105.5925652,4.316556922,35.771151,-78.67516667,27.35000038
9:02:28,09_02_28.jpg,35.77112023,-78.67501632,45.50565227,-8.795128984,-103.8833292,2.786197437,35.7711705,-78.67515017,nan
9:02:30,09_02_30.jpg,35.77114106,-78.67499993,22.18444459,-11.05804207,-102.1767806,0.1085262641,35.7711895,-78.67513367,nan
9:02:32,09_02_32.jpg,35.77116057,-78.67498654,30.27204569,-13.07367229,-100.5228907,0.01232930067,35.771206,-78.675117,28.70000076
9:02:34,09_02_34.jpg,35.77118553,-78.67496947,31.54696406,-15.48473313,-98.66644995,2.034560356,35.77122717,-78.67510383,nan
9:02:36,09_02_36.jpg,35.77120864,-78.67495543,28.58686035,-17.77311084,-96.95331369,1.488089553,35.771252,-78.67509167,25.37000084
9:02:38,09_02_38.jpg,35.77122854,-78.67494206,36.65182582,-19.7164283,-95.53560084,0.3942126398,35.77127267,-78.6750805,nan
9:02:40,09_02_40.jpg,35.77124889,-78.67494124,21.80933093,-21.3777994,-94.38145738,-0.1180104103,35.77128567,-78.67506683,nan
9:02:42,09_02_42.jpg,35.77127274,-78.67493126,44.68204666,-23.60246553,-92.71519505,0.3100864063,35.77130383,-78.67504967,nan
9:02:44,09_02_44.jpg,35.77129231,-78.67490693,36.56206566,-25.61368138,-90.764873,2.29809587,35.77132,-78.67502383,34.63999939
9:02:46,09_02_46.jpg,35.7713167,-78.6748844,47.27310111,-28.10273436,-88.48561285,-0.1838190619,35.771326,-78.67500767,38.97999954
9:02:48,09_02_48.jpg,35.77133543,-78.67486229,38.59136198,-30.03807343,-86.32656536,3.486840679,35.7713495,-78.67496883,nan
9:02:50,09_02_50.jpg,35.77135776,-78.67483988,39.43466082,-32.25796104,-84.01951148,4.687087603,35.7713725,-78.67494717,nan
9:02:52,09_02_52.jpg,35.77138264,-78.67481749,37.88671738,-34.74361547,-81.47953308,2.561867958,35.77139917,-78.67492433,43.29000092
9:02:54,09_02_54.jpg,35.7714006,-78.67479895,30.87598978,-36.68160972,-79.57630297,2.168689323,35.77142833,-78.67491233,37.90000153
9:02:57,09_02_57.jpg,35.77142118,-78.67477994,35.51687474,-38.76067062,-77.61995317,-0.1737497337,35.77146383,-78.67488933,35.20000076
9:02:59,09_02_59.jpg,35.77144667,-78.67476299,31.73351915,-41.24203402,-75.52395787,-0.01923034625,35.77148833,-78.67486733,39.74000168
9:03:01,09_03_01.jpg,35.77147003,-78.67474869,29.5456332,-43.55984539,-73.71748995,1.842766514,35.77151033,-78.67485267,29.71999931
9:03:03,09_03_03.jpg,35.77148794,-78.67473573,42.79209962,-45.15302896,-72.22964457,-0.1211910109,35.77152883,-78.67483433,31.20999908
9:03:05,09_03_05.jpg,35.77150792,-78.67471998,35.79540793,-46.99994273,-70.37957515,2.391424264,35.77154883,-78.67481617,36.75
9:03:07,09_03_07.jpg,35.77152946,-78.674703,34.95914072,-49.10707468,-68.427979,1.23221943,35.77157383,-78.6748005,31.48999977
9:03:09,09_03_09.jpg,35.77154839,-78.67468594,48.27370624,-51.04023558,-66.77867869,0.1613860659,35.77158967,-78.67478,27.51000023
9:03:11,09_03_11.jpg,35.77155861,-78.67468072,24.30984267,-51.91499023,-66.03609803,1.247926308,35.7715985,-78.67477433,nan
9:03:13,09_03_13.jpg,35.77156879,-78.67467178,38.42362688,-53.00142831,-65.14701951,1.010475077,35.77161167,-78.67476733,nan
9:03:15,09_03_15.jpg,35.77158716,-78.67465999,26.84009631,-54.80865239,-63.69626691,1.523821167,35.7716265,-78.67475167,30.03000069
9:03:17,09_03_17.jpg,35.7716053,-78.67464902,27.12018064,-56.55050648,-62.36590279,0.1952653513,35.771648,-78.67473967,31.65999985
9:03:19,09_03_19.jpg,35.7716176,-78.67463547,44.96533831,-57.70729735,-60.74588275,-0.5638685107,35.77166317,-78.67472483,nan
9:03:21,09_03_21.jpg,35.77163758,-78.67461122,39.79021167,-59.49169182,-58.28720014,0.3707426904,35.7716805,-78.67470633,40.22999954
9:03:23,09_03_23.jpg,35.77165553,-78.67459383,49.82983123,-61.07632273,-56.24608537,0.4121846542,35.77169133,-78.674676,56.13000107
9:03:25,09_03_25.jpg,35.77167395,-78.67457532,43.73334101,-62.69984117,-53.93795819,0.6225044961,35.77171117,-78.67466067,58.99000168
9:03:27,09_03_27.jpg,35.77169042,-78.67454257,70.25735622,-64.28744885,-50.7052771,1.326295914,35.77172617,-78.674632,52.09999847
9:03:29,09_03_29.jpg,35.77169806,-78.67451591,72.59485495,-65.04109399,-48.47052562,-0.1190607377,35.77174567,-78.67461467,42.49000168
9:03:31,09_03_31.jpg,35.77171096,-78.67449646,56.00791491,-65.84400853,-46.47369152,1.486008199,35.77174467,-78.67459083,nan
9:03:33,09_03_33.jpg,35.77171915,-78.67446486,77.39532273,-66.46144535,-43.65420845,0.3627069594,35.77175,-78.67457067,nan
9:03:36,09_03_36.jpg,35.77172261,-78.67444242,78.12868592,-66.74373353,-41.56471236,-1.229164204,35.77178133,-78.67455417,nan
9:03:38,09_03_38.jpg,35.77172773,-78.67441213,76.01776668,-66.69329819,-38.80973225,1.778784233,35.771792,-78.67452683,nan
9:03:40,09_03_40.jpg,35.77173086,-78.67437953,91.72065083,-66.3385757,-35.53716276,-1.240372119,35.771802,-78.6744945,64.65000153
9:03:42,09_03_42.jpg,35.77173074,-78.67435015,93.92055161,-65.84622679,-32.86826682,1.689951662,35.771797,-78.6744575,89.15000153
9:03:44,09_03_44.jpg,35.77172806,-78.67431633,104.2236703,-65.13189733,-29.95539578,2.056065459,35.77180467,-78.67442833,90.97000122
9:03:46,09_03_46.jpg,35.77172336,-78.67428409,105.2129895,-64.08179807,-27.11783257,-0.1872178656,35.77179233,-78.6743805,99.61000061
9:03:48,09_03_48.jpg,35.77172349,-78.67426512,90.81169228,-63.41743315,-25.47884494,-0.04452230208,35.771798,-78.67436083,nan
9:03:50,09_03_50.jpg,35.77172043,-78.67423677,111.2141157,-62.40074023,-23.06090651,1.029577039,35.77179383,-78.67433283,nan
9:03:52,09_03_52.jpg,35.77171489,-78.67420608,119.2675663,-61.05403708,-20.37421545,1.979719178,35.77178083,-78.67430383,nan
9:03:54,09_03_54.jpg,35.77170223,-78.67417597,114.369277,-59.41029756,-17.89620131,2.167614274,35.7717645,-78.67426733,112.2399979
9:03:56,09_03_56.jpg,35.77168562,-78.67414695,130.2216784,-57.33462439,-15.60702701,0.5253627196,35.77174917,-78.67423667,121.6999969
9:03:58,09_03_58.jpg,35.77166715,-78.67411491,119.0840789,-54.96261229,-13.09813529,1.754932759,35.771731,-78.67419583,121.6800003
9:04:00,09_04_00.jpg,35.77164999,-78.67408393,122.5221823,-52.64186162,-10.57305403,0.3940828773,35.77170717,-78.67416567,131.5700073
9:04:02,09_04_02.jpg,35.77163645,-78.6740624,144.4925841,-50.98201558,-8.80741071,3.339490794,35.77169117,-78.674145,140.0099945
9:04:04,09_04_04.jpg,35.77162539,-78.67404182,115.4172019,-49.39529141,-7.180807354,1.554368865,35.77168183,-78.674125,nan
9:04:06,09_04_06.jpg,35.77161211,-78.67402044,132.5654779,-47.38794887,-5.53308884,2.644040499,35.7716655,-78.674107,142.2400055
9:04:08,09_04_08.jpg,35.77159288,-78.67399526,136.7323199,-44.76511979,-3.784100561,1.300361124,35.77164617,-78.6740835,141.2299957
9:04:10,09_04_10.jpg,35.77157184,-78.67397237,143.1444965,-42.25085942,-2.236364811,0.5566507597,35.77163333,-78.674066,142.1799927
9:04:12,09_04_12.jpg,35.77154613,-78.6739492,150.0569499,-39.08386511,-0.6580900197,1.07897132,35.77161217,-78.6740405,139.75
9:04:14,09_04_14.jpg,35.77152279,-78.67393423,152.6328918,-36.53492964,0.2220275506,1.713731719,35.771604,-78.67404633,nan
9:04:16,09_04_16.jpg,35.77149724,-78.67391722,154.1825598,-33.44123094,1.265294003,3.751015094,35.771582,-78.6740405,nan
9:04:18,09_04_18.jpg,35.77147786,-78.67390707,166.6052334,-30.94158868,1.925159629,3.023835527,35.77157433,-78.674042,nan
9:04:20,09_04_20.jpg,35.77145159,-78.67389782,160.9684807,-27.84209202,2.268257425,3.38730206,35.77156417,-78.67402567,nan
9:04:23,09_04_23.jpg,35.77142091,-78.67389024,173.1369777,-24.39461072,2.405420238,3.436460072,35.771527,-78.67400317,146.3200073
9:04:25,09_04_25.jpg,35.77139113,-78.67387842,179.7435628,-21.2101173,2.277465654,2.165530153,35.77149417,-78.67400733,167.5700073
9:04:27,09_04_27.jpg,35.77136226,-78.67387972,178.6955777,-18.06944928,1.708178909,2.13234155,35.77145983,-78.6739955,175.0899963
9:04:29,09_04_29.jpg,35.77133467,-78.67388156,182.5990405,-14.9767675,1.138101169,1.626251978,35.77143033,-78.67399683,183.6600037
9:04:31,09_04_31.jpg,35.77130989,-78.6738848,196.0645814,-11.99526284,0.3439006816,1.094050075,35.77140333,-78.67400567,194.7100067
9:04:33,09_04_33.jpg,35.77128282,-78.67389376,194.8004706,-8.283863766,0.4033434827,1.67895338,35.77138467,-78.67401567,206.1699982
9:04:35,09_04_35.jpg,35.77125504,-78.6739021,189.6456029,-5.522585972,-1.235515478,3.156196221,35.77135033,-78.67403067,204.7400055
9:04:37,09_04_37.jpg,35.77123903,-78.67391287,219.9265544,-4.014478072,-2.397016339,1.6760913,35.7713305,-78.6740335,nan
9:04:39,09_04_39.jpg,35.7712249,-78.67392325,215.6108524,-2.777474978,-3.607844065,1.775941054,35.77131167,-78.674026,nan
9:04:41,09_04_41.jpg,35.77120962,-78.67393963,234.4677588,-1.575740229,-5.525139025,-1.212890384,35.7712905,-78.67404233,209.8399963
9:04:43,09_04_43.jpg,35.77120338,-78.67397321,257.4676529,-1.35893217,-8.502001226,-0.4770204584,35.7712675,-78.674062,222.4299927
9:04:45,09_04_45.jpg,35.7712069,-78.67400805,289.5935819,-2.157095766,-11.58276209,-1.129331337,35.77125483,-78.67407533,239.25
9:04:47,09_04_47.jpg,35.77121802,-78.67404193,299.7969684,-3.723074755,-14.20833929,-2.084504935,35.77124717,-78.67408933,256.0499878
9:04:49,09_04_49.jpg,35.77122917,-78.67406749,296.0085912,-5.299150552,-16.27680788,-0.4370550137,35.77124867,-78.67410717,284.0400085
9:04:51,09_04_51.jpg,35.77123768,-78.67408457,298.2467396,-6.646923637,-17.91528512,-0.5535257493,35.7712455,-78.674113,289.8099976
9:04:53,09_04_53.jpg,35.77124807,-78.67410671,309.4210788,-8.156605891,-19.67301646,1.562798489,35.77124567,-78.67411867,292.8500061
9:04:55,09_04_55.jpg,35.77126355,-78.6741359,302.1880194,-10.04698313,-21.68196436,0.8626381298,35.77125083,-78.674128,298.6499939
9:04:57,09_04_57.jpg,35.7712756,-78.67416329,294.0128589,-11.73923542,-23.81155384,1.185440746,35.771257,-78.674141,299.0499878
9:05:00,09_05_00.jpg,35.77128737,-78.67419074,298.7177226,-13.33129564,-25.90958646,-0.8595191434,35.77126817,-78.67417417,294.8299866
9:05:02,09_05_02.jpg,35.77129964,-78.67421645,300.4012424,-15.10507124,-28.03782783,0.4623816432,35.77127533,-78.6741915,297.9299927
9:05:04,09_05_04.jpg,35.77131233,-78.67424449,306.699375,-17.1186595,-30.20748975,1.471077867,35.77128483,-78.674212,300.7600098
9:05:06,09_05_06.jpg,35.77132972,-78.67427443,307.8981924,-19.8474747,-32.9224964,-0.2543122408,35.77129683,-78.67423367,303.3500061
9:05:08,09_05_08.jpg,35.77134724,-78.67430328,301.6522091,-22.05634637,-35.17460959,3.159925814,35.7713105,-78.67425783,304.8699951
9:05:10,09_05_10.jpg,35.77136331,-78.67432915,308.7762892,-24.09604582,-37.47792756,0.7354734966,35.77132767,-78.67428533,306.4899902
9:05:12,09_05_12.jpg,35.77138051,-78.67435557,307.4380608,-26.33330057,-39.35875574,1.146096793,35.77134417,-78.67431083,307.5299988
9:05:14,09_05_14.jpg,35.77139541,-78.67438295,301.0440743,-28.24472332,-41.38749531,0.7100405677,35.77135917,-78.6743375,304.4400024
9:05:16,09_05_16.jpg,35.77141149,-78.6744134,303.1514532,-30.5539836,-43.8889049,0.4195092847,35.77137483,-78.67436517,304.0
9:05:18,09_05_18.jpg,35.77142515,-78.67443964,305.6369007,-32.48620006,-46.03849298,2.788868878,35.77138983,-78.67439283,303.3599854
9:05:20,09_05_20.jpg,35.77143759,-78.67446552,296.1445392,-34.15562398,-47.95903368,0.6446203016,35.77140067,-78.67441517,301.4400024
9:05:22,09_05_22.jpg,35.77145043,-78.67448955,299.91219,-35.81471283,-49.98385214,4.213581442,35.77141017,-78.6744365,300.3099976
9:05:24,09_05_24.jpg,35.77146208,-78.67451373,301.2096597,-37.43666438,-51.94024143,2.042743055,35.7714215,-78.6744605,299.8500061
9:05:26,09_05_26.jpg,35.77147325,-78.67453903,303.4503376,-39.18226339,-54.12456596,-0.9445824003,35.77143417,-78.674487,299.8800049
9:05:28,09_05_28.jpg,35.77148851,-78.67457111,298.925715,-41.22738122,-56.73933281,1.049471828,35.77144783,-78.67451567,299.7000122
9:05:30,09_05_30.jpg,35.77150154,-78.67459897,300.2251229,-43.0370427,-59.07676242,0.1720082712,35.77146117,-78.674547,298.5799866
9:05:33,09_05_33.jpg,35.77151209,-78.67462278,295.8615913,-44.66557139,-61.08723518,0.5733094385,35.771479,-78.6745845,302.1700134
9:05:35,09_05_35.jpg,35.77152099,-78.67464537,295.4029606,-46.03148492,-62.99322386,-0.160073946,35.77148733,-78.67460667,299.2999878
9:05:37,09_05_37.jpg,35.77152855,-78.67466642,280.0599401,-47.11289542,-64.87564915,1.310388739,35.77149633,-78.67462483,301.5499878
9:05:39,09_05_39.jpg,35.77152559,-78.67469247,244.6239358,-46.99872001,-67.10247404,2.035878921,35.77149067,-78.67464783,274.269989
9:05:41,09_05_41.jpg,35.77150826,-78.67471437,221.84286,-45.40839507,-69.23872643,0.4323264413,35.77148233,-78.674666,250.1699982
9:05:43,09_05_43.jpg,35.77148646,-78.67473402,213.48896,-43.26341121,-71.41972434,0.5825544741,35.771464,-78.67468667,232.1499939
9:05:45,09_05_45.jpg,35.771463,-78.67474951,210.9637565,-41.08218534,-73.41962415,-0.8897194299,35.77144433,-78.67470667,222.6300049
9:05:47,09_05_47.jpg,35.77143786,-78.67476466,206.8080215,-38.78416,-75.21549118,-2.713383053,35.77142233,-78.674721,213.3600006
9:05:49,09_05_49.jpg,35.77141551,-78.67478168,219.3981517,-36.63007476,-77.08012626,-6.582581119,35.77140467,-78.67473983,215.2200012
9:05:51,09_05_51.jpg,35.77139553,-78.67480265,223.8230425,-34.61430909,-79.25167985,-2.274030626,35.77138733,-78.67476067,213.8899994
9:05:53,09_05_53.jpg,35.77137258,-78.6748212,209.9675661,-32.46276437,-81.34085428,-3.540028652,35.7713725,-78.67477983,214.6900024
9:05:55,09_05_55.jpg,35.77135104,-78.67484234,215.1501366,-30.40933712,-83.34901537,-0.6655443348,35.77136017,-78.674798,219.7899933
9:05:57,09_05_57.jpg,35.77133023,-78.67486196,212.4976868,-28.13974186,-85.36523475,-0.123905278,35.77134183,-78.67481767,217.6600037
9:06:00,09_06_00.jpg,35.77130663,-78.67488072,218.0163768,-25.78629364,-87.57103935,-0.642617682,35.77131817,-78.674851,221.5500031
9:06:02,09_06_02.jpg,35.7712841,-78.67490097,214.5183825,-23.47124265,-89.64222782,-0.3965965483,35.77130283,-78.67487033,220.9100037
9:06:04,09_06_04.jpg,35.7712635,-78.67491701,214.8647993,-21.37903019,-91.45633442,-2.225171844,35.7712845,-78.67488583,212.8600006
9:06:06,09_06_06.jpg,35.77124313,-78.67492951,206.3800941,-19.43148869,-93.04310288,-2.670598081,35.7712695,-78.6749025,215.4299927
9:06:08,09_06_08.jpg,35.77122726,-78.67493929,227.1319778,-17.80511587,-94.32126258,-3.736883151,35.77125433,-78.67491133,207.9299927
9:06:10,09_06_10.jpg,35.77120977,-78.67494899,221.4692722,-16.34342806,-95.82333051,-1.022921067,35.77124017,-78.6749225,206.3300018
9:06:12,09_06_12.jpg,35.7711837,-78.67496571,209.6983498,-13.89956815,-97.91619995,-2.420661041,35.7712145,-78.67494117,209.3999939
9:06:14,09_06_14.jpg,35.77115828,-78.67498579,213.2964192,-11.27954522,-100.0559906,-3.168398717,35.77118533,-78.6749585,208.0800018
9:06:16,09_06_16.jpg,35.77113848,-78.67500716,214.5477951,-9.081764096,-102.0574343,-1.987699158,35.77116483,-78.67497733,211.0899963
9:06:18,09_06_18.jpg,35.77112216,-78.67503031,222.7064337,-7.472118713,-103.6351774,-0.4686802025,35.77114783,-78.67499133,210.1699982
9:06:20,09_06_20.jpg,35.77109843,-78.67504375,213.8988789,-5.236618259,-105.7410308,-3.223221526,35.771136,-78.67501133,217.1600037
9:06:22,09_06_22.jpg,35.77107812,-78.67505745,221.7591484,-3.188787616,-107.524244,-2.633822657,35.77112717,-78.67502983,217.8999939
9:06:24,09_06_24.jpg,35.77105747,-78.67507374,206.8340435,-1.157819368,-109.2373607,-2.084723646,35.77111467,-78.675043,nan
9:06:26,09_06_26.jpg,35.77103418,-78.67508379,206.9289574,1.071172383,-110.8027861,-4.333595441,35.77109517,-78.67506283,216.2100067
9:06:28,09_06_28.jpg,35.77101561,-78.67510184,216.3843518,2.812465021,-112.5454561,-1.345354081,35.771076,-78.67508,213.9700012
9:06:30,09_06_30.jpg,35.77099256,-78.67512189,214.4894385,5.101699689,-114.8864102,-2.375782197,35.7710585,-78.67510017,219.1799927
9:06:32,09_06_32.jpg,35.77097175,-78.67513618,205.7324253,7.148612828,-116.652212,-0.1912601902,35.7710375,-78.67511417,215.8899994
9:06:34,09_06_34.jpg,35.77094511,-78.67515412,210.8033769,9.605577527,-118.6846187,-1.144496504,35.77101333,-78.67513017,213.3699951
9:06:36,09_06_36.jpg,35.77092393,-78.67517019,210.1072121,11.67588419,-120.4963945,-2.61474119,35.77099033,-78.67514483,214.8699951
9:06:38,09_06_38.jpg,35.77090225,-78.67518631,217.8157326,13.73255509,-122.3500363,0.3594506496,35.770966,-78.67515717,213.6100006
9:06:40,09_06_40.jpg,35.77087646,-78.67520225,220.6478261,16.14234971,-124.5498433,-3.68749076,35.77093883,-78.675175,212.1699982
9:06:42,09_06_42.jpg,35.77085464,-78.67522608,214.7559126,18.49686737,-126.7294333,-2.005801756,35.77091183,-78.67518983,211.9700012
9:06:44,09_06_44.jpg,35.77083572,-78.6752462,217.4440039,20.58846957,-128.62661,0.4293998513,35.77088817,-78.67520883,213.8399963
9:06:46,09_06_46.jpg,35.77081403,-78.67526419,207.8856856,22.53487543,-130.3824361,-0.6152519936,35.77086783,-78.67522717,215.2899933
9:06:48,09_06_48.jpg,35.77079289,-78.67527609,214.3310061,24.39962185,-131.9496544,-1.745516123,35.77085883,-78.675248,nan
9:06:51,09_06_51.jpg,35.77076593,-78.67529218,211.8441574,26.81449602,-134.0330235,-1.185006625,35.77081817,-78.67527083,215.5800018
9:06:53,09_06_53.jpg,35.77074461,-78.67531092,216.8777658,28.96570637,-136.045862,2.291993337,35.7707945,-78.67528733,214.75
9:06:55,09_06_55.jpg,35.77072576,-78.67532858,212.9052429,31.04198923,-137.9939254,-0.2670732627,35.77077033,-78.67530133,210.5099945
9:06:57,09_06_57.jpg,35.77070715,-78.67534276,216.0346834,33.11943008,-139.7581687,-4.339584971,35.77074133,-78.675306,197.3699951
9:06:59,09_06_59.jpg,35.77068922,-78.6753603,214.0257999,34.86757314,-141.4515989,-2.133931304,35.77072133,-78.6753215,202.9900055
9:07:01,09_07_01.jpg,35.7706669,-78.67537657,207.1975255,36.90887673,-143.2952325,0.4905886272,35.77069233,-78.67533283,201.8999939
9:07:03,09_07_03.jpg,35.770645,-78.67538971,212.5058273,38.85205859,-145.0487685,0.353536146,35.77067467,-78.67535067,208.0099945
9:07:05,09_07_05.jpg,35.77062282,-78.67540959,215.6605561,40.98028307,-147.0029152,-2.914907683,35.7706565,-78.67537117,217.3099976
9:07:07,09_07_07.jpg,35.77060161,-78.67542908,211.6675333,43.1098656,-148.9653509,-1.51308044,35.770637,-78.67538933,217.6699982
9:07:09,09_07_09.jpg,35.7705803,-78.67544305,212.6798225,45.27776985,-150.7096024,0.8645342665,35.77062,-78.675406,217.0299988
9:07:11,09_07_11.jpg,35.77055987,-78.6754596,209.3355926,47.31208912,-152.4141177,-1.261478403,35.770603,-78.67542467,217.9600067
9:07:13,09_07_13.jpg,35.7705394,-78.67547875,214.8720178,49.35767507,-154.4326297,-0.6171826463,35.7705855,-78.675444,222.1900024
9:07:15,09_07_15.jpg,35.77052006,-78.6754969,219.0066508,51.26033806,-156.4766315,-2.042578168,35.77056367,-78.67546117,221.4199982
9:07:17,09_07_17.jpg,35.77050104,-78.67551456,214.5395944,53.25159024,-158.5195703,-2.933132329,35.77054467,-78.67548283,219.9199982
9:07:19,09_07_19.jpg,35.77048337,-78.67553091,213.9892255,55.24691068,-160.1749705,-2.33558323,35.77054467,-78.67548283,219.9199982
9:07:21,09_07_21.jpg,35.7704632,-78.67554329,203.6338974,57.40912483,-161.6930184,-1.328665544,35.77050067,-78.67550583,208.6900024
9:07:23,09_07_23.jpg,35.77044309,-78.67555901,214.0661832,59.45933379,-163.3941576,-1.787353187,35.77048067,-78.67552083,212.75
9:07:26,09_07_26.jpg,35.77042268,-78.67557593,209.7034527,61.64600897,-165.2242584,-3.696339089,35.770452,-78.6755455,217.9900055
9:07:28,09_07_28.jpg,35.77039895,-78.67559475,213.0848529,63.97139152,-167.3348662,-0.844786624,35.77043017,-78.67556417,220.2400055
9:07:30,09_07_30.jpg,35.77037728,-78.67561253,210.8907497,66.09828105,-169.2430752,-2.109875758,35.77040433,-78.675576,214.5
9:07:32,09_07_32.jpg,35.77035522,-78.67562987,213.8636906,68.32459567,-171.2161815,-1.576062817,35.7703825,-78.67559283,212.5399933
9:07:34,09_07_34.jpg,35.77033572,-78.67564809,216.7607926,70.3261017,-173.0316665,-1.13325211,35.77035933,-78.675607,213.75
9:07:36,09_07_36.jpg,35.77031295,-78.67566655,207.8653395,72.61269348,-174.9860307,-0.2169704778,35.77033767,-78.67562333,213.7899933
9:07:38,09_07_38.jpg,35.77029177,-78.67568005,209.3618564,74.6476481,-176.5521339,-0.3503901761,35.77031667,-78.675634,214.5200043
9:07:40,09_07_40.jpg,35.7702674,-78.67569652,207.269852,76.97452799,-178.5256568,-1.358719749,35.77028933,-78.67564533,211.1699982
9:07:42,09_07_42.jpg,35.77024534,-78.67571111,205.0395092,79.14191169,-180.4244633,-1.036441717,35.77025967,-78.67565017,206.6499939
9:07:44,09_07_44.jpg,35.77022433,-78.6757267,209.025835,81.24900203,-182.1713984,-0.3613906378,35.77023433,-78.6756645,206.1399994
9:07:46,09_07_46.jpg,35.77019987,-78.6757424,207.6781478,83.62026687,-183.9903636,-1.724086541,35.77020517,-78.67567533,203.8699951
9:07:48,09_07_48.jpg,35.77017621,-78.67575938,209.9350648,85.70162688,-186.0300666,-0.8449398079,35.770184,-78.67569217,207.4499969
9:07:50,09_07_50.jpg,35.77015483,-78.67577463,217.64401,87.82805478,-187.8415135,-2.356367975,35.770163,-78.67570567,211.8800049
9:07:52,09_07_52.jpg,35.77012829,-78.67578901,227.2439362,89.92508479,-189.894654,-5.027436156,35.77013883,-78.67571767,215.4700012
9:07:54,09_07_54.jpg,35.77010677,-78.67581022,218.3517326,91.77837533,-192.1189026,-1.12149711,35.77012167,-78.675737,225.9199982
9:07:56,09_07_56.jpg,35.77008382,-78.67582479,210.6492428,93.82262776,-193.9892535,-2.330756648,35.77010633,-78.67575683,234.3600006
9:07:58,09_07_58.jpg,35.77006373,-78.67584136,220.3832568,95.83921838,-195.8246009,-1.850886911,35.7700905,-78.67577433,nan
9:08:00,09_08_00.jpg,35.77004249,-78.67585926,215.9605172,97.82216508,-197.7001958,-2.363221905,35.7700665,-78.67578617,223.8899994
9:08:02,09_08_02.jpg,35.77001996,-78.67587515,213.0948081,100.00287,-199.6274167,-0.3706027835,35.770044,-78.67580483,216.7200012
9:08:05,09_08_05.jpg,35.76999464,-78.67589059,194.162505,102.7143097,-201.2772761,2.785835421,35.77003367,-78.67585583,241.2799988
9:08:07,09_08_07.jpg,35.76997156,-78.67589026,172.5041424,105.3149733,-201.7551599,-0.7421353439,35.77001917,-78.67586133,nan
9:08:09,09_08_09.jpg,35.769949,-78.67588729,157.3303991,107.9678579,-201.7741363,1.129398613,35.769996,-78.6758595,182.1600037
9:08:11,09_08_11.jpg,35.76993405,-78.67587008,126.8698976,110.1087576,-200.2484418,1.620959707,35.76998333,-78.67585567,nan
9:08:13,09_08_13.jpg,35.76992519,-78.67583968,101.7385712,111.5240539,-197.813082,4.294211522,35.76998183,-78.67584717,nan
9:08:15,09_08_15.jpg,35.76992535,-78.67580907,84.4616171,112.0071595,-194.8963519,3.865838781,35.76997767,-78.67581333,117.8700027
9:08:17,09_08_17.jpg,35.76992661,-78.67577216,78.56274378,112.3594044,-191.670098,3.641714628,35.76997667,-78.6757815,98.72000122
9:08:19,09_08_19.jpg,35.76993007,-78.67573755,86.75397745,112.5790072,-188.4393129,4.019965378,35.76998,-78.67575267,89.51000214
9:08:21,09_08_21.jpg,35.76993325,-78.67570393,81.67524741,112.6716036,-185.3732474,2.109565831,35.769988,-78.675723,80.41999817
9:08:23,09_08_23.jpg,35.76993467,-78.6756655,88.99325851,113.0840555,-182.0006839,5.359240578,35.76998917,-78.67569217,85.44000244
9:08:25,09_08_25.jpg,35.76994077,-78.67563086,68.32081103,112.9802195,-178.8514173,5.560031457,35.7699915,-78.67565833,87.40000153
9:08:27,09_08_27.jpg,35.76994662,-78.67560068,89.05192943,112.7788056,-175.9724915,1.775013445,35.77000283,-78.67563133,79.94999695
9:08:29,09_08_29.jpg,35.76994915,-78.67557132,82.87055139,112.9165564,-173.2291959,1.556729512,35.77001483,-78.675607,75.37000275
9:08:31,09_08_31.jpg,35.76995235,-78.67553396,83.0750592,113.0608154,-169.8809272,2.704601196,35.770028,-78.675573,75.18000031
9:08:33,09_08_33.jpg,35.76995574,-78.67549859,84.35537779,113.2291504,-166.676219,3.563591266,35.7700465,-78.67554133,68.95999908
9:08:35,09_08_35.jpg,35.76995739,-78.67546679,85.41202188,113.4523649,-163.787472,3.435050996,35.77005533,-78.67551083,72.37999725
9:08:37,09_08_37.jpg,35.7699599,-78.67543699,85.24927877,113.7280625,-160.8583033,3.937841243,35.77005,-78.675481,87.91000366
9:08:39,09_08_39.jpg,35.76996545,-78.67540247,82.26681557,113.9249118,-157.6483657,1.514581783,35.77005267,-78.67544617,89.01000214
9:08:41,09_08_41.jpg,35.769971,-78.6753665,80.34840781,114.0064156,-154.3828689,2.680001648,35.77005583,-78.675411,86.62000275
9:08:43,09_08_43.jpg,35.76997602,-78.67532588,83.29599542,114.0587941,-150.72318,1.164107083,35.770061,-78.67537267,85.77999878
9:08:45,09_08_45.jpg,35.76997939,-78.67529392,83.97420346,114.1402097,-147.7928202,1.809725469,35.7700665,-78.6753355,85.23000336
9:08:47,09_08_47.jpg,35.76998132,-78.67526046,93.12762271,114.4086852,-144.6860065,2.593393893,35.77007183,-78.67530283,84.0
9:08:50,09_08_50.jpg,35.76998148,-78.67522377,86.70987978,114.8391764,-141.5456994,2.620473672,35.770077,-78.6752435,88.30000305
9:08:52,09_08_52.jpg,35.76998413,-78.67519133,76.38669998,115.0016188,-138.4119369,-0.2702371872,35.77008117,-78.675209,85.48000336
9:08:54,09_08_54.jpg,35.76999006,-78.67515768,80.12143373,114.8818684,-135.2557095,2.343526576,35.77009417,-78.6751735,78.70999908
9:08:56,09_08_56.jpg,35.76999781,-78.67512694,82.47238489,114.7393866,-132.2626205,1.947417794,35.77010233,-78.6751395,79.23000336
9:08:58,09_08_58.jpg,35.77000252,-78.67509469,92.49533191,114.8946369,-129.202989,3.288111897,35.77010817,-78.67510517,81.93000031
9:09:00,09_09_00.jpg,35.77000418,-78.67505572,84.84991766,115.224247,-125.8824805,2.523142964,35.77010833,-78.675065,88.37000275
9:09:02,09_09_02.jpg,35.77000438,-78.67501537,86.74189701,115.6610009,-122.3951513,-0.2441496192,35.77011167,-78.6750265,90.15000153
9:09:04,09_09_04.jpg,35.77000548,-78.6749867,88.28840472,116.0082495,-119.6385085,1.754757186,35.77011133,-78.67499633,94.5
9:09:06,09_09_06.jpg,35.77000871,-78.67495727,87.73949809,116.2728139,-116.8149832,1.6872719,35.77011583,-78.674966,92.20999908
9:09:08,09_09_08.jpg,35.77001078,-78.67492582,78.14955734,116.3529245,-114.1494549,1.16475352,35.7701245,-78.67493567,81.51000214
9:09:10,09_09_10.jpg,35.77001452,-78.67489476,68.05686189,116.1801991,-111.3927647,1.436040721,35.77012417,-78.6749055,82.43000031
9:09:12,09_09_12.jpg,35.77002836,-78.67486782,49.73276399,114.9744351,-108.8794127,2.179907757,35.77014417,-78.674881,64.75
9:09:14,09_09_14.jpg,35.77004824,-78.67484566,36.7112084,113.075605,-106.650079,1.402025006,35.77016017,-78.67485983,49.18000031
9:09:16,09_09_16.jpg,35.77006874,-78.67482656,31.96904877,110.9959019,-104.6714743,2.12171645,35.77017433,-78.6748435,42.77999878
9:09:18,09_09_18.jpg,35.77009511,-78.67480442,30.61331043,108.2741652,-102.2888421,1.722761538,35.770195,-78.67482917,38.25999832
9:09:20,09_09_20.jpg,35.77012441,-78.67478576,26.74574254,105.4939059,-100.1702944,0.2947665252,35.77021333,-78.67480867,36.27999878
9:09:22,09_09_22.jpg,35.77014557,-78.67476397,31.19706425,103.3028578,-98.05248035,0.758458956,35.77022833,-78.67478817,36.16999817
9:09:24,09_09_24.jpg,35.77016751,-78.67474305,41.75516586,101.1107667,-95.94955984,0.2397108975,35.77024333,-78.6747675,37.61000061
9:09:27,09_09_27.jpg,35.77018907,-78.67472252,41.76472973,99.09895562,-93.89952037,-0.1510171587,35.7702565,-78.6747355,44.65000153
9:09:29,09_09_29.jpg,35.7702093,-78.67470931,34.61627233,97.06022634,-92.14916519,-1.027942843,35.77026467,-78.6747135,50.81000137
9:09:31,09_09_31.jpg,35.77022762,-78.67469461,35.96272085,95.11025703,-90.39303704,1.173550989,35.7702715,-78.67469433,48.52000046
9:09:33,09_09_33.jpg,35.77024723,-78.67468001,38.92375101,93.29742693,-88.69412715,1.147536159,35.77027867,-78.674675,48.79000092
9:09:35,09_09_35.jpg,35.77026736,-78.67466483,36.13242231,91.35848053,-86.80393364,0.6108967839,35.77029483,-78.67465967,42.61999893
9:09:37,09_09_37.jpg,35.77028719,-78.67464683,35.79427309,89.44084854,-84.94216014,2.788581776,35.77031333,-78.67464783,40.13999939
9:09:39,09_09_39.jpg,35.77030627,-78.67462742,38.27311595,87.57885116,-83.01197544,-0.4070793278,35.77032633,-78.674621,41.61000061
9:09:41,09_09_41.jpg,35.77032842,-78.67460551,31.11101321,85.24476158,-80.89959903,1.217230744,35.770344,-78.67460283,37.59999847
9:09:43,09_09_43.jpg,35.77034993,-78.67458725,30.79323388,83.03053313,-79.06287244,0.5902165475,35.77036583,-78.67459367,33.49000168
9:09:45,09_09_45.jpg,35.77036882,-78.67456577,25.46002549,80.91447193,-77.0888407,0.7506348943,35.77038767,-78.67458317,30.29999924
9:09:47,09_09_47.jpg,35.77039047,-78.67455172,32.66091272,78.60349157,-74.95867719,-0.1166154193,35.7704095,-78.67456367,31.35000038
9:09:49,09_09_49.jpg,35.77041269,-78.67453348,31.95502806,76.33057866,-72.77365226,-2.537592006,35.770431,-78.6745435,34.68000031
9:09:51,09_09_51.jpg,35.7704398,-78.67451707,24.95540321,73.8138118,-70.72456933,-0.9260418153,35.77044683,-78.674524,37.43999863
9:09:53,09_09_53.jpg,35.77046603,-78.67449955,35.72794032,71.29594224,-68.61737596,-1.418479142,35.77046767,-78.67450383,34.36999893
9:09:55,09_09_55.jpg,35.77048953,-78.67448265,37.45507096,69.0776486,-66.63518985,-0.7868074762,35.77048633,-78.6744845,35.08000183
9:09:57,09_09_57.jpg,35.77051429,-78.67446273,32.17219371,66.58476691,-64.44953068,-0.5243828274,35.77050667,-78.67445817,42.75
9:09:59,09_09_59.jpg,35.77053892,-78.67444362,37.97314079,64.06406238,-62.1828217,-0.2061736694,35.77052633,-78.6744295,42.16999817
9:10:01,09_10_01.jpg,35.77056207,-78.67442619,31.84481303,61.79570019,-60.13453801,-0.7153202127,35.77054567,-78.6744095,41.09999847
9:10:03,09_10_03.jpg,35.77059074,-78.67440218,30.93911319,58.91554661,-57.63322993,-1.318950342,35.7705725,-78.6743855,35.13999939
9:10:06,09_10_06.jpg,35.77061287,-78.67438159,36.41637852,56.73984064,-55.25218825,-1.334298836,35.77059867,-78.67434883,40.08000183
9:10:08,09_10_08.jpg,35.77063458,-78.67436387,26.90109295,54.60443649,-53.26993882,-1.071640434,35.77061983,-78.67432933,38.38999939
9:10:10,09_10_10.jpg,35.77065545,-78.67434977,25.74957545,52.43608934,-51.69081547,-1.063640042,35.77063767,-78.67431683,35.72999954
9:10:12,09_10_12.jpg,35.77067747,-78.67433494,36.81945489,50.22709115,-49.9661122,-2.240183905,35.77065617,-78.674311,34.25999832
9:10:14,09_10_14.jpg,35.77070522,-78.67431527,21.88612093,47.49994085,-47.76342437,-1.860603434,35.77067783,-78.67430267,30.53000069
9:10:16,09_10_16.jpg,35.77072503,-78.67429747,31.20619139,45.48893546,-45.94771203,2.923459694,35.77068417,-78.67428517,46.79000092
9:10:18,09_10_18.jpg,35.77074605,-78.67427995,31.41610055,43.26943536,-44.12469309,-1.244205949,35.77069083,-78.674276,nan
9:10:20,09_10_20.jpg,35.7707645,-78.67426681,22.69846973,41.29537737,-42.81530678,-1.353683672,35.770706,-78.67425867,nan
9:10:22,09_10_22.jpg,35.77078682,-78.67424896,36.90408877,39.14807046,-40.98424994,-1.449208823,35.77072483,-78.674246,nan
9:10:24,09_10_24.jpg,35.77080881,-78.6742298,31.02452988,37.04551695,-39.16948693,-1.377807289,35.77074267,-78.6742315,43.22999954
9:10:26,09_10_26.jpg,35.77083085,-78.67421048,38.87634804,34.75846303,-37.03112701,-2.056342475,35.77075167,-78.67420983,nan
9:10:28,09_10_28.jpg,35.77086236,-78.67418745,36.12616308,31.72037468,-34.35173081,-2.483515841,35.77077167,-78.674187,48.77999878
9:10:30,09_10_30.jpg,35.77089283,-78.67418195,44.01061532,29.06904051,-32.07272007,0.07390382118,35.77080133,-78.67415983,42.36000061
9:10:32,09_10_32.jpg,35.77092303,-78.67415666,32.97142978,25.98830779,-29.48997178,-0.7420238853,35.77083117,-78.674131,38.04000092
9:10:34,09_10_34.jpg,35.7709481,-78.67413241,30.57307893,23.48437642,-27.23349188,-0.5969453884,35.77085883,-78.674113,38.25
9:10:36,09_10_36.jpg,35.77096698,-78.6741187,31.15456004,21.56655752,-25.6232283,-0.1142688648,35.77087367,-78.67410167,nan
9:10:38,09_10_38.jpg,35.77098318,-78.67410671,31.4899376,19.85789567,-24.03280895,-0.2864503597,35.7708865,-78.67408567,nan
9:10:40,09_10_40.jpg,35.77099859,-78.67408965,26.60647979,18.29516905,-22.64728697,-0.2465112607,35.77089333,-78.67407717,nan
9:10:42,09_10_42.jpg,35.77102257,-78.67406804,40.50403213,15.98695473,-20.53334178,-0.5485323261,35.77090033,-78.67405733,nan
9:10:44,09_10_44.jpg,35.7710477,-78.674049,35.17826249,13.74225142,-18.43345947,-0.5667706289,35.77091533,-78.67403933,nan
9:10:46,09_10_46.jpg,35.77107453,-78.67402654,29.23865218,10.95915137,-16.14788726,-1.540324196,35.770947,-78.6740295,36.11999893
9:10:49,09_10_49.jpg,35.77109982,-78.67400228,38.8677775,8.446857073,-13.90715193,-0.9916800307,35.77098683,-78.67399883,37.61000061
9:10:51,09_10_51.jpg,35.77112566,-78.6739787,31.89536136,6.004445568,-11.43706761,0.5209808042,35.77100867,-78.67397467,38.11000061
9:10:53,09_10_53.jpg,35.77114967,-78.67397163,26.68306497,3.604783598,-9.577760553,-2.711624006,35.77103017,-78.673959,33.0
9:10:55,09_10_55.jpg,35.77117027,-78.67396113,25.50004712,1.704096821,-7.894008738,-0.7202266082,35.7710575,-78.67395383,29.29000092
9:10:57,09_10_57.jpg,35.77119305,-78.67394459,28.72613067,-0.5415523593,-6.148069672,-1.846203598,35.77107533,-78.673932,30.31999969
9:10:59,09_10_59.jpg,35.77121847,-78.67392722,28.41497731,-2.982148764,-4.052144369,-1.327057724,35.77110183,-78.6739145,31.30999947
9:11:01,09_11_01.jpg,35.77124413,-78.67390767,25.56596662,-5.648759941,-2.105978457,0.0656398581,35.771132,-78.67390067,28.61000061
9:11:03,09_11_03.jpg,35.77126993,-78.67389225,20.47821285,-8.449636585,-0.4238317209,-0.3695442185,35.771155,-78.6738775,24.29000092
9:11:05,09_11_05.jpg,35.77129124,-78.6738829,13.65322974,-10.7947024,0.6183492121,-0.859937301,35.77116517,-78.67387167,21.42000008
9:11:07,09_11_07.jpg,35.77131676,-78.67387662,3.545765342,-13.68295489,1.524765035,-2.829246103,35.77120417,-78.67386583,15.27000046
9:11:09,09_11_09.jpg,35.77134176,-78.67387124,4.320804955,-16.54068566,2.374585836,-1.578796397,35.77122617,-78.67384567,15.92000008
9:11:11,09_11_11.jpg,35.77136757,-78.67386642,5.639077744,-19.66934394,3.140156169,-1.748616991,35.77126367,-78.673844,10.48999977
9:11:13,09_11_13.jpg,35.77139133,-78.67386714,357.3863153,-22.44080673,3.504091825,-2.231098209,35.77128683,-78.67384433,8.159999847
9:11:15,09_11_15.jpg,35.77141589,-78.67387008,352.4024631,-25.27745634,3.878925021,-2.23466457,35.77131633,-78.67384983,1.830000043
9:11:17,09_11_17.jpg,35.77144157,-78.67387456,352.4649363,-28.03296272,3.927902908,-1.705931749,35.771335,-78.67385883,nan
9:11:19,09_11_19.jpg,35.7714667,-78.67388185,342.9818805,-30.9765481,3.697034659,-2.541244042,35.77135817,-78.67387633,nan
9:11:21,09_11_21.jpg,35.77149037,-78.67389286,333.9785726,-33.75362488,2.982206981,-1.832809695,35.7713705,-78.67386983,nan
9:11:23,09_11_23.jpg,35.77151669,-78.67391187,326.2144573,-36.6018772,1.81275933,-2.390387631,35.77140833,-78.67389483,338.1499939
9:11:25,09_11_25.jpg,35.77154123,-78.67393614,319.7460886,-39.60125905,0.104223913,-2.214969706,35.77143233,-78.67391317,327.8900146
9:11:28,09_11_28.jpg,35.77156371,-78.67395793,320.6748434,-41.92105145,-1.632117411,-1.717236537,35.77145583,-78.673932,317.0400085
9:11:30,09_11_30.jpg,35.77158361,-78.6739818,317.3494236,-44.46584779,-3.3585492,-2.443297525,35.771475,-78.67394017,318.9100037
9:11:32,09_11_32.jpg,35.77159773,-78.67399985,314.1966432,-46.29490982,-4.834105003,-1.514581423,35.77149117,-78.67395817,314.9500122
9:11:34,09_11_34.jpg,35.77161103,-78.67401809,301.3874088,-47.96413845,-6.192134894,-1.36121759,35.77150817,-78.67398217,308.8699951
9:11:36,09_11_36.jpg,35.77162641,-78.67404518,308.3865395,-49.98467194,-8.191229162,-3.433833052,35.7715245,-78.67399533,306.1000061
9:11:38,09_11_38.jpg,35.77164087,-78.6740714,307.8376397,-52.08781635,-10.28292265,-0.2176444024,35.7715445,-78.67401717,309.1900024
9:11:40,09_11_40.jpg,35.77165524,-78.67409797,299.9132328,-54.19004747,-12.6396254,-3.638422875,35.77156367,-78.6740385,309.8099976
9:11:42,09_11_42.jpg,35.77167473,-78.67412476,305.4494107,-56.24467839,-14.62796062,-1.053666988,35.77157817,-78.67405333,307.6400146
9:11:44,09_11_44.jpg,35.77168693,-78.67415299,300.3650932,-58.05284923,-16.75882851,-4.364307985,35.77159283,-78.67407483,302.6900024
9:11:46,09_11_46.jpg,35.77169897,-78.67418137,295.0285527,-59.73048587,-18.9958452,-2.179506393,35.771608,-78.67410217,301.1199951
9:11:48,09_11_48.jpg,35.77170877,-78.67421658,285.3432931,-61.36191024,-21.92487721,-1.843308941,35.771615,-78.67413233,290.2000122
9:11:50,09_11_50.jpg,35.7717169,-78.67424472,286.091603,-62.54658494,-24.27267506,-4.223430528,35.77162983,-78.67415917,293.0899963
9:11:52,09_11_52.jpg,35.77172466,-78.67427315,279.5369614,-63.72646432,-27.0259072,-1.845824275,35.77163583,-78.67418667,284.7600098
9:11:54,09_11_54.jpg,35.77173082,-78.67430521,274.9077364,-64.36891919,-29.18764214,-1.870171021,35.77163933,-78.67421733,276.9599915
9:11:56,09_11_56.jpg,35.77173156,-78.67433937,273.6522228,-64.89353817,-31.91909853,-1.87542525,35.77164317,-78.6742365,nan
9:11:58,09_11_58.jpg,35.77172628,-78.67437252,264.0059071,-65.0795844,-34.9902608,-2.950943974,35.7716505,-78.67425317,nan
9:12:00,09_12_00.jpg,35.77172474,-78.67440598,266.8138612,-65.51617949,-38.15990296,-1.937022272,35.77165833,-78.67427033,nan
9:12:03,09_12_03.jpg,35.7717181,-78.67444007,252.2660521,-65.37135343,-41.52249475,-2.271368866,35.77166367,-78.6743205,278.6099854
9:12:05,09_12_05.jpg,35.77170552,-78.67447194,252.0071894,-64.73739923,-44.68565425,-4.925521447,35.77166133,-78.67435717,266.6300049
9:12:07,09_12_07.jpg,35.77169394,-78.67450694,242.3540246,-63.99040296,-48.08749346,-0.8010950477,35.77165533,-78.67439367,254.0599976
9:12:09,09_12_09.jpg,35.77167868,-78.67453651,230.9512204,-62.81769034,-50.86919938,-2.36585478,35.77166017,-78.67442683,253.1399994
9:12:11,09_12_11.jpg,35.77166836,-78.67456186,230.1257701,-61.63083659,-53.32260477,-2.153763801,35.77164167,-78.674451,235.1100006
9:12:13,09_12_13.jpg,35.77165684,-78.67458147,232.2266853,-60.41028663,-55.45491677,-0.8704881377,35.77164567,-78.67448367,251.3099976
9:12:15,09_12_15.jpg,35.77163451,-78.67460608,219.0004113,-58.42997239,-57.95853857,-1.948237525,35.77163183,-78.674516,249.9299927
9:12:17,09_12_17.jpg,35.77161622,-78.67462637,210.0799768,-56.54043441,-59.99418216,0.9574894078,35.7716125,-78.67454033,235.5899963
9:12:19,09_12_19.jpg,35.77159709,-78.67464176,213.5530263,-54.5943988,-61.73239832,-2.073941248,35.77159783,-78.67456433,234.2799988
9:12:21,09_12_21.jpg,35.77157652,-78.67465539,202.8682322,-52.56099073,-63.25644042,-2.136652962,35.77158233,-78.674581,nan
9:12:23,09_12_23.jpg,35.77155698,-78.67466288,185.8931829,-50.68430655,-64.30473772,0.001697706711,35.77156283,-78.67459083,nan
9:12:25,09_12_25.jpg,35.77153525,-78.67464967,138.3895918,-48.46011477,-63.76106166,-1.473681879,35.771552,-78.67459817,nan
9:12:27,09_12_27.jpg,35.77151998,-78.67463361,132.3315084,-46.60203221,-62.21084255,0.2876149371,35.77154933,-78.674587,nan
9:12:29,09_12_29.jpg,35.77150502,-78.67460819,124.4667211,-44.57852125,-60.09398571,-0.2217108828,35.77153883,-78.67457433,nan
9:12:31,09_12_31.jpg,35.7714919,-78.67458359,124.9293658,-42.68409266,-57.95465386,-0.6519567564,35.7715215,-78.67455167,179.3899994
9:12:33,09_12_33.jpg,35.77147876,-78.67456002,124.3137476,-40.90945707,-56.09391265,-0.7979315964,35.77150567,-78.674533,147.7200012
9:12:36,09_12_36.jpg,35.77146517,-78.67453785,128.6114625,-38.99379872,-54.12061312,2.135294357,35.77147333,-78.67451633,154.3600006
9:12:38,09_12_38.jpg,35.77145023,-78.67451119,120.3219596,-36.62717617,-51.75863069,0.04529942901,35.77145717,-78.67450083,149.5299988
9:12:40,09_12_40.jpg,35.77143681,-78.67447986,119.425023,-34.39380073,-48.89874558,-1.238332516,35.77143717,-78.67447133,137.3800049
9:12:42,09_12_42.jpg,35.77142293,-78.67444952,123.8428288,-32.35192917,-46.37312244,1.004848946,35.77142083,-78.67443933,128.2899933
9:12:44,09_12_44.jpg,35.77140717,-78.67441832,115.0168935,-30.35627747,-43.95038843,-0.2934982232,35.77141367,-78.67440767,119.5699997
9:12:46,09_12_46.jpg,35.77139829,-78.67439636,117.9706755,-28.68432717,-41.87767504,-0.8440718933,35.77139167,-78.67438267,126.9300003
9:12:48,09_12_48.jpg,35.77138619,-78.67436868,119.0253907,-26.90001764,-39.65004747,-3.566929038,35.77137517,-78.67436117,130.9900055
9:12:50,09_12_50.jpg,35.77137172,-78.67434315,126.5893228,-25.05933661,-37.63338728,1.239508083,35.77136717,-78.67433333,126.2900009
9:12:52,09_12_52.jpg,35.77135864,-78.67431966,123.238421,-23.45039037,-35.83589881,0.9622826464,35.77136583,-78.67430833,nan
9:12:54,09_12_54.jpg,35.77134328,-78.67429189,120.0853791,-21.53290279,-33.64100689,0.9397197438,35.77135833,-78.6742865,nan
9:12:56,09_12_56.jpg,35.77133187,-78.6742676,120.7967545,-19.77087025,-31.60242791,-0.4771348457,35.77135133,-78.67425767,121.2399979
9:12:58,09_12_58.jpg,35.77131627,-78.67423767,124.690498,-17.63280591,-29.1435756,-0.62963493,35.77133983,-78.67422467,118.2300034
9:13:00,09_13_00.jpg,35.77130012,-78.67420931,123.2152515,-15.56478215,-26.83104311,0.1842537298,35.77132467,-78.67418917,121.3099976
9:13:02,09_13_02.jpg,35.77128655,-78.67418293,118.1660692,-13.70054321,-24.69208195,0.1395396656,35.771319,-78.6741715,nan
9:13:04,09_13_04.jpg,35.77127316,-78.67415913,123.0569908,-11.92018558,-22.73163816,-0.8131055501,35.7713115,-78.67414317,nan
9:13:06,09_13_06.jpg,35.77126068,-78.6741351,123.9750007,-10.16556213,-20.68950537,-1.907287046,35.7713075,-78.67412117,nan
9:13:08,09_13_08.jpg,35.77124781,-78.67411166,126.6396412,-8.371830555,-18.81685284,0.462702254,35.77130017,-78.67410467,nan
9:13:11,09_13_11.jpg,35.77123267,-78.67408363,122.1069796,-6.493232385,-16.62129309,0.8227604162,35.77128033,-78.67408533,nan
9:13:13,09_13_13.jpg,35.7712183,-78.67405783,122.4517049,-4.461046298,-14.42779603,0.07183582626,35.77128283,-78.674082,nan
9:13:15,09_13_15.jpg,35.77120464,-78.67402871,122.5063863,-2.464642142,-12.07892949,3.691270894,35.771285,-78.67408033,nan
9:13:17,09_13_17.jpg,35.77120039,-78.67400084,94.50756833,-1.64095001,-9.74876454,3.12324623,35.77128033,-78.674066,nan
9:13:19,09_13_19.jpg,35.77119837,-78.67397739,78.69006753,-1.309827191,-7.745055638,2.003242026,35.7712675,-78.67403533,nan
9:13:21,09_13_21.jpg,35.77120518,-78.67395597,49.69136877,-1.967495377,-5.894496651,-0.3459095699,35.77126567,-78.67401683,nan
9:13:23,09_13_23.jpg,35.77122112,-78.67393115,33.23642871,-3.685976217,-3.686692768,0.3691187546,35.77128267,-78.673987,59.47999954
9:13:25,09_13_25.jpg,35.77124568,-78.67391243,12.66207069,-6.391615097,-1.882071294,0.7094352569,35.7713035,-78.67397033,37.41999817
9:13:27,09_13_27.jpg,35.77127092,-78.67390014,24.30215055,-9.285585649,-0.5364900086,-2.606418352,35.77132117,-78.6739555,31.23999977
9:13:29,09_13_29.jpg,35.77129725,-78.67388872,15.18785137,-12.12067098,0.7508448906,-1.071053182,35.77134267,-78.67394233,31.42000008
9:13:31,09_13_31.jpg,35.77132479,-78.67388474,14.32713523,-15.24473205,1.825762229,-4.954289075,35.7713575,-78.67392917,26.06999969
9:13:33,09_13_33.jpg,35.7713523,-78.67387481,10.31443786,-18.06181696,2.835695326,-0.1599002594,35.77137733,-78.67392633,20.65999985
9:13:35,09_13_35.jpg,35.77137617,-78.67387234,356.2937107,-20.91263589,3.427716849,-2.198255072,35.77140283,-78.673926,10.90999985
9:13:37,09_13_37.jpg,35.77140618,-78.67387497,346.8708337,-24.09894815,3.782986733,-1.412141573,35.77142717,-78.673922,9.0
9:13:39,09_13_39.jpg,35.77143496,-78.67388474,348.0442487,-27.20165176,3.798232846,-1.484282251,35.77145133,-78.67392267,5.269999981
9:13:42,09_13_42.jpg,35.77146243,-78.67389299,347.6547619,-30.1769127,3.616383187,-1.943337702,35.77148767,-78.67392733,352.8099976
9:13:44,09_13_44.jpg,35.77149031,-78.67389916,344.2650284,-32.9987251,3.306695126,-1.092332759,35.77150367,-78.67392267,nan
9:13:46,09_13_46.jpg,35.77151538,-78.6739102,331.1054574,-35.88197454,2.555115531,-0.8813546321,35.771527,-78.673931,350.1099854
9:13:48,09_13_48.jpg,35.77154069,-78.67392741,320.2614258,-38.88881233,1.284497493,-2.258243894,35.77155217,-78.67395133,335.7000122
9:13:50,09_13_50.jpg,35.77156441,-78.67395322,319.1760905,-41.60475714,-0.4011974573,-1.692191704,35.7715695,-78.67396683,323.2999878
9:13:52,09_13_52.jpg,35.77158515,-78.67398152,308.8443063,-44.14079824,-2.528453517,-1.796960538,35.771585,-78.67398717,317.9400024
9:13:54,09_13_54.jpg,35.77160252,-78.67401034,311.1859252,-46.20579556,-4.615451557,-1.264061758,35.77159867,-78.67400683,312.019989
9:13:56,09_13_56.jpg,35.77161657,-78.67403396,297.7784927,-47.71235593,-6.347034865,-3.523484153,35.77161267,-78.67402717,308.7600098
9:13:58,09_13_58.jpg,35.77162571,-78.67405265,305.2521414,-49.13909639,-7.862460921,-1.245659435,35.7716235,-78.67404133,310.5100098
9:14:00,09_14_00.jpg,35.77163589,-78.67407701,308.4674077,-50.75389432,-9.759322116,-6.806710475,35.77163233,-78.674061,306.3800049
9:14:02,09_14_02.jpg,35.77165005,-78.67409641,310.7114641,-52.53496144,-11.15987762,-1.855064951,35.77164133,-78.67407383,313.5100098
9:14:04,09_14_04.jpg,35.77166713,-78.674125,307.2608959,-54.56205639,-13.2036681,-2.248062714,35.77165233,-78.67409067,312.3200073
9:14:06,09_14_06.jpg,35.77168063,-78.67415299,304.8610625,-57.28641039,-15.93039245,-0.6202386219,35.77166083,-78.67410867,307.0
9:14:08,09_14_08.jpg,35.77169495,-78.67417776,294.6235648,-58.92161338,-17.94247995,-2.525039429,35.77166683,-78.67412533,nan
9:14:10,09_14_10.jpg,35.77170429,-78.6742024,291.655392,-60.32777881,-20.24763523,-2.565113815,35.77166917,-78.67414817,nan
9:14:12,09_14_12.jpg,35.77171402,-78.67422749,298.7831452,-61.42568103,-22.19059666,-3.294618606,35.77166933,-78.67416633,nan
9:14:14,09_14_14.jpg,35.77172156,-78.67425907,276.9571845,-62.70095979,-24.82587884,-0.4361647859,35.7716885,-78.67419533,297.0700073
9:14:16,09_14_16.jpg,35.77172657,-78.6742889,268.7627025,-63.65798749,-27.48000342,-2.93006115,35.7716915,-78.67421333,nan
9:14:18,09_14_18.jpg,35.77173002,-78.67432097,277.0086208,-64.36809126,-29.89558243,-1.843019586,35.77169,-78.67423117,nan
9:14:20,09_14_20.jpg,35.77173231,-78.67435522,272.4895529,-64.87171616,-32.74659363,-0.7657157408,35.771703,-78.67425967,290.1199951
9:14:23,09_14_23.jpg,35.77172838,-78.67438311,258.7920474,-65.03359429,-35.51819032,-1.417360641,35.77170633,-78.67430017,273.0700073
9:14:25,09_14_25.jpg,35.7717213,-78.67441158,251.9749887,-64.84311595,-38.57145718,-2.355932782,35.77171033,-78.67432967,268.3399963
9:14:27,09_14_27.jpg,35.7717096,-78.67444772,246.4064994,-64.26802401,-42.07421516,-1.952568226,35.771713,-78.67436317,263.4400024
9:14:29,09_14_29.jpg,35.77169742,-78.67448271,244.1904152,-63.57224478,-45.5134985,-1.562112686,35.77170417,-78.67438933,nan
9:14:31,09_14_31.jpg,35.77168439,-78.67451235,244.2394347,-62.80907376,-48.47375107,0.9205330769,35.7716985,-78.67439967,nan
9:14:33,09_14_33.jpg,35.77167134,-78.67453602,242.2539662,-62.02298197,-51.07150843,-1.071237765,35.77169067,-78.67443467,nan
9:14:35,09_14_35.jpg,35.77165801,-78.67455875,223.9654257,-61.00820752,-53.50253995,-2.335040334,35.771677,-78.67446217,250.2100067
9:14:37,09_14_37.jpg,35.77164414,-78.67458185,235.5077688,-59.83232255,-55.93365927,-1.806474073,35.77166217,-78.67449,239.5899963
9:14:39,09_14_39.jpg,35.7716253,-78.67460678,224.8038783,-58.10704415,-58.49604085,-1.074050594,35.77163883,-78.67451467,228.3999939
9:14:41,09_14_41.jpg,35.77160972,-78.67463512,225.9016456,-56.18188516,-60.70984306,-0.4616199522,35.77162483,-78.6745445,231.5299988
9:14:43,09_14_43.jpg,35.77159295,-78.67465989,220.7647296,-54.12620736,-62.74950584,1.046558084,35.771599,-78.67455933,215.5399933
9:14:45,09_14_45.jpg,35.77157476,-78.67467502,201.4042945,-52.25805852,-64.362284,-3.547381223,35.771579,-78.6745745,211.1300049
9:14:47,09_14_47.jpg,35.77154533,-78.67468614,212.1481191,-50.01706607,-66.31593033,-2.887428532,35.771551,-78.67458567,203.0599976
9:14:49,09_14_49.jpg,35.77152209,-78.67469956,214.3616833,-48.02034252,-68.07621693,-2.792215052,35.77152933,-78.67459517,nan
9:14:51,09_14_51.jpg,35.77150023,-78.6747162,208.6104597,-45.41845867,-69.98443343,-1.335850215,35.77150267,-78.67460583,205.6999969
9:14:54,09_14_54.jpg,35.77147505,-78.67474204,205.2194716,-42.63125427,-72.21688178,-0.5477217572,35.77146517,-78.67463567,210.3699951
9:14:56,09_14_56.jpg,35.77145091,-78.67474962,207.8240964,-40.18769096,-73.97991071,-1.738129145,35.77144333,-78.67465417,207.0899963
9:14:58,09_14_58.jpg,35.77142705,-78.67475452,202.3839696,-37.5701562,-75.70407338,-3.394262896,35.77143083,-78.67467967,213.2599945
9:15:00,09_15_00.jpg,35.77140397,-78.67476578,212.0138115,-35.21391187,-77.53574158,-3.467944395,35.7714095,-78.67469533,nan
9:15:02,09_15_02.jpg,35.77137541,-78.67477624,215.7369516,-32.74733451,-79.62386299,-3.54264929,35.77139233,-78.67471833,218.2400055
9:15:04,09_15_04.jpg,35.77134904,-78.67479163,210.8596204,-30.40607246,-81.61979583,-4.130568627,35.77136833,-78.67473533,218.1799927
9:15:06,09_15_06.jpg,35.7713257,-78.67480796,216.3384852,-28.31002759,-83.60424174,-1.947526609,35.77134733,-78.67475433,nan
9:15:08,09_15_08.jpg,35.77130559,-78.67482771,210.908062,-26.17750847,-85.63365526,-3.201315343,35.771331,-78.67477367,nan
9:15:10,09_15_10.jpg,35.77128347,-78.67484783,228.6814248,-23.78564636,-87.7606545,-5.4320671,35.77131067,-78.67480017,223.7100067
9:15:12,09_15_12.jpg,35.77125713,-78.67486572,207.0519724,-21.44145142,-90.020837,-4.260155284,35.7712975,-78.67482633,nan
9:15:14,09_15_14.jpg,35.77123152,-78.67488494,215.5878661,-19.17562021,-92.11053302,-4.215795433,35.77127883,-78.67485283,222.6600037
9:15:16,09_15_16.jpg,35.77121205,-78.67490107,214.1387771,-17.06141083,-94.0049973,-4.487581013,35.7712665,-78.67488067,223.0599976
9:15:18,09_15_18.jpg,35.77119957,-78.67492053,241.5615407,-15.75182808,-95.73801091,-2.623870652,35.77124767,-78.674888,nan
9:15:20,09_15_20.jpg,35.7711815,-78.67493645,212.9271534,-14.07081272,-97.84768932,-3.9330971,35.77123467,-78.674908,nan
9:15:22,09_15_22.jpg,35.77115938,-78.67495726,216.5596347,-12.02454715,-99.69462686,-4.819562587,35.7712175,-78.6749225,nan
9:15:24,09_15_24.jpg,35.77113534,-78.67497297,210.5876408,-9.838628611,-101.5621325,-3.6964092,35.77119917,-78.67493917,nan
9:15:26,09_15_26.jpg,35.77111522,-78.67498755,202.8544571,-7.989101044,-103.1761339,-4.22838225,35.77118,-78.67495083,nan
9:15:28,09_15_28.jpg,35.77109446,-78.67499993,207.4104663,-5.953801151,-104.9353576,-1.758019241,35.77115967,-78.6749625,nan
9:15:30,09_15_30.jpg,35.77107347,-78.67501642,214.6494765,-3.847668027,-106.9249347,-1.608023,35.77114383,-78.67498567,223.3999939
9:15:32,09_15_32.jpg,35.7710561,-78.6750372,208.2522466,-1.679017798,-108.7277307,-1.62383029,35.77113117,-78.675013,nan
9:15:35,09_15_35.jpg,35.77103782,-78.67505501,206.0369043,0.4380827521,-110.6072329,-4.650149146,35.77110083,-78.6750395,215.5299988
9:15:37,09_15_37.jpg,35.7710194,-78.67507533,212.2915666,2.495233622,-112.5495517,-2.010812413,35.77108117,-78.6750595,214.3699951
9:15:39,09_15_39.jpg,35.77099491,-78.67509887,214.0378096,5.117342837,-114.8066908,-4.108118435,35.7710565,-78.67507917,211.9400024
9:15:41,09_15_41.jpg,35.77096909,-78.67511805,211.4402445,7.558603351,-117.1050485,-1.645094755,35.77103083,-78.67509683,211.1499939
9:15:43,09_15_43.jpg,35.77094425,-78.67512999,207.2107432,9.819703032,-119.019518,-2.929849398,35.77100117,-78.675108,212.6600037
9:15:45,09_15_45.jpg,35.77091841,-78.67514567,215.3436435,12.26290672,-121.2089609,-1.660646262,35.77097467,-78.675129,213.0
9:15:47,09_15_47.jpg,35.77089208,-78.67516185,216.0424559,14.70006678,-123.4458947,0.4275596526,35.77094783,-78.67514867,212.4499969
9:15:49,09_15_49.jpg,35.77086633,-78.6751798,212.1445691,17.17825217,-125.6060776,-2.245495002,35.77092183,-78.67516817,210.4700012
9:15:51,09_15_51.jpg,35.77084448,-78.6752007,210.0665805,19.35111567,-127.6849457,-1.815297146,35.77090617,-78.675194,212.5500031
9:15:53,09_15_53.jpg,35.77082397,-78.67521594,212.8041923,21.20735153,-129.3749107,-2.497105219,35.77088767,-78.67520867,210.0299988
9:15:55,09_15_55.jpg,35.77080241,-78.67523076,214.35805,23.27941246,-131.1670876,-1.9925899,35.77086883,-78.67522083,212.0299988
9:15:57,09_15_57.jpg,35.7707795,-78.67524783,215.1379131,25.48421209,-133.1856094,-1.685867865,35.77084583,-78.675237,213.8500061
9:15:59,09_15_59.jpg,35.77075139,-78.67526601,209.4333174,28.16214062,-135.3660728,-3.190862166,35.7708255,-78.67526217,216.6399994
9:16:01,09_16_01.jpg,35.77072852,-78.67528369,212.7566364,30.50654098,-137.2862114,-2.637356244,35.77080333,-78.67528117,217.8399963
9:16:03,09_16_03.jpg,35.77070715,-78.67530516,215.8077569,32.42237343,-139.5499648,0.4163869645,35.77077733,-78.67529917,216.1799927
9:16:05,09_16_05.jpg,35.77068856,-78.6753248,214.0231788,34.25538982,-141.448959,1.083764992,35.77075133,-78.67531417,209.4600067
9:16:07,09_16_07.jpg,35.77066691,-78.67534327,208.8206854,36.18572367,-143.2324796,0.8160781138,35.7707335,-78.67533067,219.3300018
9:16:09,09_16_09.jpg,35.77063646,-78.67536632,214.4217634,39.02856733,-145.7540711,-0.8221919826,35.77070783,-78.67535167,220.3500061
9:16:11,09_16_11.jpg,35.77061143,-78.67538298,210.1144913,41.41257316,-147.757771,-1.420570108,35.77068867,-78.675377,221.7899933
9:16:13,09_16_13.jpg,35.77059273,-78.67539105,208.5231186,43.19590279,-149.1146942,-0.7734157465,35.77067917,-78.6754015,nan
9:16:16,09_16_16.jpg,35.77057549,-78.67540502,215.1709447,45.06001627,-150.6864103,0.06430463071,35.77065167,-78.67542083,nan
9:16:18,09_16_18.jpg,35.77055861,-78.6754199,214.2944903,46.75421236,-152.1971805,-1.710317513,35.7706335,-78.67543233,nan
9:16:20,09_16_20.jpg,35.77054383,-78.67543963,214.4760884,48.59942478,-153.8844543,0.6142146984,35.77061383,-78.67544867,222.4700012
9:16:22,09_16_22.jpg,35.77052508,-78.67545669,205.9089405,50.86474329,-155.7403758,-1.634651962,35.77058833,-78.67546,217.4700012
9:16:24,09_16_24.jpg,35.77050275,-78.67547374,209.6911977,52.84572354,-157.6481994,0.02091929116,35.7705685,-78.67547933,221.8200073
9:16:26,09_16_26.jpg,35.7704753,-78.67549545,213.7451243,55.765281,-159.9969697,-1.200480921,35.77053967,-78.6754985,218.2299957
9:16:28,09_16_28.jpg,35.77045012,-78.67551482,207.868013,58.31777832,-162.0717034,-1.049342887,35.77051267,-78.67551733,216.7799988
9:16:30,09_16_30.jpg,35.77042368,-78.67553307,215.3413593,60.83778544,-164.3930898,-1.229974777,35.77048067,-78.67553233,216.0599976
9:16:32,09_16_32.jpg,35.77040079,-78.67555318,209.8546889,63.27024948,-166.539279,-4.395738585,35.7704545,-78.67554933,213.6799927
9:16:34,09_16_34.jpg,35.77038457,-78.67556968,213.1237356,64.99164306,-168.176443,-3.103482913,35.770433,-78.67556117,nan
9:16:36,09_16_36.jpg,35.77037059,-78.67558405,215.2790662,66.48329473,-169.582096,-2.033807813,35.77040417,-78.67556133,205.2400055
9:16:38,09_16_38.jpg,35.7703529,-78.675601,212.4788913,68.09145839,-171.3467534,-1.639621535,35.77038583,-78.67557533,206.8300018
9:16:40,09_16_40.jpg,35.77033252,-78.67561582,209.0146154,69.99007606,-172.9883997,-0.1050579511,35.7703635,-78.6755845,205.3200073
9:16:42,09_16_42.jpg,35.77030755,-78.67562941,210.5756119,72.24498384,-174.9671699,0.5218781151,35.770344,-78.67560633,209.8099976
9:16:44,09_16_44.jpg,35.77029072,-78.67563951,212.7565139,73.7284218,-176.2001037,0.3058774073,35.77033417,-78.67562417,nan
9:16:46,09_16_46.jpg,35.77026558,-78.67565585,204.0588977,76.09459016,-178.232565,2.029224733,35.77031117,-78.67563433,211.4700012
9:16:48,09_16_48.jpg,35.77024394,-78.67567015,205.9864835,78.23258274,-180.0095886,-2.709649616,35.770297,-78.6756555,nan
9:16:51,09_16_51.jpg,35.77022109,-78.6756894,219.9628507,80.56961399,-182.0192202,-0.5605424772,35.77025117,-78.67567233,207.6300049
9:16:53,09_16_53.jpg,35.77020085,-78.67570255,205.7099538,82.59126995,-183.834411,-0.4754710462,35.770218,-78.67567983,196.3699951
9:16:55,09_16_55.jpg,35.77018015,-78.67571824,206.0507402,84.55742488,-185.6815579,-1.899213525,35.7702005,-78.6756965,203.3200073
9:16:57,09_16_57.jpg,35.77015697,-78.67573369,204.0656316,86.82016056,-187.5736334,-2.225272318,35.77018183,-78.67571667,209.0800018
9:16:59,09_16_59.jpg,35.7701333,-78.67575219,208.4121774,89.06857057,-189.6685206,-1.676814318,35.77016417,-78.67574033,216.7200012
9:17:01,09_17_01.jpg,35.77010938,-78.67577412,215.2060301,91.53617663,-191.9269409,-3.299041682,35.77014667,-78.675759,227.7400055
9:17:03,09_17_03.jpg,35.7700847,-78.67579601,214.2267804,94.04020697,-194.319077,-1.99977918,35.77012783,-78.67578417,231.0299988
9:17:05,09_17_05.jpg,35.77006218,-78.67581239,212.7016913,96.24967068,-196.2468547,-1.889679986,35.77011617,-78.67580833,nan
9:17:07,09_17_07.jpg,35.77004176,-78.67582814,207.7722548,98.34677526,-197.9961364,-0.158658622,35.77009833,-78.67582433,nan
9:17:09,09_17_09.jpg,35.77002091,-78.67584072,188.6963984,100.7684091,-199.4106933,-0.6082749264,35.77009017,-78.67584633,nan
9:17:11,09_17_11.jpg,35.76999447,-78.67584526,173.6636663,103.8215521,-200.0208844,2.770055121,35.77008033,-78.675863,nan
9:17:13,09_17_13.jpg,35.76996968,-78.6758377,158.3412478,106.9229516,-199.5144618,0.6778088776,35.77005383,-78.6758595,194.4499969
9:17:15,09_17_15.jpg,35.76994649,-78.67581909,125.3269261,109.5468542,-198.1006447,5.163841496,35.77003083,-78.67584883,165.5700073
9:17:17,09_17_17.jpg,35.76993413,-78.67579035,112.6233391,111.1518981,-195.8637849,2.467116744,35.77001233,-78.67582567,141.0399933
9:17:19,09_17_19.jpg,35.7699322,-78.67575903,83.90596206,111.8859153,-193.1421762,5.371841902,35.7699965,-78.67580317,129.6799927
9:17:21,09_17_21.jpg,35.76993446,-78.67572651,85.25770433,112.1516052,-190.0536192,2.829144309,35.76998717,-78.67577733,114.7099991
9:17:23,09_17_23.jpg,35.76993686,-78.67569059,85.49062785,112.4033922,-186.7683959,2.683794327,35.76997783,-78.67574817,104.4499969
9:17:25,09_17_25.jpg,35.76993959,-78.67565756,71.98763908,112.543616,-183.8419037,3.692001089,35.7699705,-78.675713,98.44999695
9:17:27,09_17_27.jpg,35.76994992,-78.6756275,69.28702957,112.008674,-181.077214,-0.05893682387,35.7699705,-78.67568267,87.72000122
9:17:30,09_17_30.jpg,35.76995684,-78.67559008,86.71032858,111.9518716,-177.6513658,2.258295923,35.7699695,-78.67563417,84.88999939
9:17:32,09_17_32.jpg,35.7699584,-78.6755553,85.10980613,112.1723745,-174.6156672,0.7342850467,35.76996533,-78.67560483,88.69000244
9:17:34,09_17_34.jpg,35.76995899,-78.67552197,83.70667212,112.2709144,-171.6793633,0.3756134123,35.769962,-78.6755765,89.94999695
9:17:36,09_17_36.jpg,35.76995959,-78.67549102,91.04399888,112.5450706,-168.8012505,2.115609987,35.76996033,-78.675547,88.09999847
9:17:38,09_17_38.jpg,35.76995893,-78.67546349,90.4826826,112.9663857,-166.2142662,3.210576472,35.769957,-78.67551767,88.20999908
9:17:40,09_17_40.jpg,35.76995953,-78.67543267,84.84500877,113.4201464,-163.3637301,2.854186578,35.7699535,-78.67548867,91.65000153
9:17:42,09_17_42.jpg,35.76996009,-78.67539947,90.77305956,113.8795119,-160.3426737,2.989561317,35.769947,-78.67546183,95.68000031
9:17:44,09_17_44.jpg,35.76996028,-78.67537198,84.72610404,114.1649465,-157.7552635,2.410766513,35.76994067,-78.67543967,95.98000336
9:17:46,09_17_46.jpg,35.76996302,-78.675336,81.55247275,114.3620264,-154.5827275,3.23815568,35.76993667,-78.67541333,94.58000183
9:17:48,09_17_48.jpg,35.76996614,-78.67529434,84.06556722,114.5899109,-150.9556067,2.155788657,35.769935,-78.67537917,90.08000183
9:17:50,09_17_50.jpg,35.76996876,-78.67526099,84.31723578,114.7361322,-147.8029453,3.411865413,35.769933,-78.67534967,89.68000031
9:17:52,09_17_52.jpg,35.76997182,-78.67522704,82.16817419,114.8604308,-144.7189399,2.234207248,35.76993033,-78.67532367,87.30000305
9:17:54,09_17_54.jpg,35.76997465,-78.67519017,84.05097818,114.9695682,-141.4899535,2.122736576,35.7699295,-78.67529267,85.94000244
9:17:56,09_17_56.jpg,35.76997821,-78.67515453,84.26072133,115.1460444,-138.1945934,1.194002191,35.76993067,-78.67525967,83.06999969
9:17:59,09_17_59.jpg,35.76998288,-78.6751191,79.06658738,115.2442255,-134.9883332,-0.4447578706,35.76993867,-78.67520933,80.30000305
9:18:01,09_18_01.jpg,35.76998673,-78.67508853,81.02322362,115.3199172,-132.1013763,1.095712533,35.76994633,-78.67517917,77.29000092
9:18:03,09_18_03.jpg,35.76999218,-78.67505473,79.51741058,115.3330067,-128.8314668,1.760634738,35.76995817,-78.67514583,75.37000275
9:18:05,09_18_05.jpg,35.76999647,-78.67501925,83.05103844,115.4463823,-125.405067,-0.1050880285,35.7699715,-78.67511333,74.16000366
9:18:07,09_18_07.jpg,35.76999992,-78.67498491,88.23018788,115.8287202,-122.0738952,2.425287596,35.76997217,-78.67507883,81.83999634
9:18:09,09_18_09.jpg,35.7700023,-78.67495345,83.56163801,116.1267959,-118.9930231,2.263943824,35.76998017,-78.67504767,80.37000275
9:18:11,09_18_11.jpg,35.77000564,-78.67491909,85.22037176,116.3853887,-115.8516492,0.6965544402,35.7699805,-78.6750135,88.26000214
9:18:13,09_18_13.jpg,35.77000969,-78.67488742,82.95423088,116.4334614,-112.996931,1.486771952,35.76998583,-78.67498133,87.58999634
9:18:15,09_18_15.jpg,35.77001727,-78.67485788,71.19057429,116.1054301,-110.2082891,4.721155078,35.76999633,-78.67495267,78.66000366
9:18:17,09_18_17.jpg,35.77003339,-78.67483534,45.71291974,114.627884,-107.7378235,4.178039779,35.7700095,-78.67492383,61.36999893
9:18:19,09_18_19.jpg,35.77005481,-78.67481821,38.83473611,112.6490466,-105.6708454,2.314630968,35.77002433,-78.67489933,52.34000015
9:18:21,09_18_21.jpg,35.77007806,-78.67480357,30.10441979,110.3976152,-103.7410025,0.9796378716,35.770048,-78.67487883,43.02000046
9:18:23,09_18_23.jpg,35.77010009,-78.67478932,28.59805865,108.233293,-102.0176148,-1.279905699,35.77007133,-78.67485983,36.68000031
9:18:25,09_18_25.jpg,35.77012458,-78.67477662,23.36911316,105.7407917,-100.3537009,1.945025825,35.77009133,-78.67483683,35.95999908
9:18:27,09_18_27.jpg,35.77014837,-78.67476059,36.3031844,103.4228227,-98.29540252,-0.2995072826,35.77010683,-78.67480633,45.81999969
9:18:29,09_18_29.jpg,35.77016895,-78.67474162,30.59454455,101.3694833,-96.32570834,-0.569437418,35.7701265,-78.67478083,43.79000092
9:18:32,09_18_32.jpg,35.77019051,-78.67471888,39.45365361,99.2492505,-93.93669801,-2.079215085,35.770157,-78.674748,43.43000031
9:18:34,09_18_34.jpg,35.77021366,-78.67470121,32.90128658,97.03131067,-91.82622663,0.09625510558,35.77018067,-78.67472933,34.09000015
9:18:36,09_18_36.jpg,35.7702373,-78.67467829,33.01734956,94.45739882,-89.53679206,0.9374316286,35.770206,-78.6747065,36.27000046
9:18:38,09_18_38.jpg,35.77026115,-78.67465124,32.38131292,91.8116354,-87.06397345,1.297928976,35.77023267,-78.674681,37.77000046
9:18:40,09_18_40.jpg,35.77028598,-78.67463022,29.43776595,89.30202195,-84.85333919,2.401395052,35.7702575,-78.67465733,35.33000183
9:18:42,09_18_42.jpg,35.77030602,-78.67461455,31.68265937,87.36461204,-83.22003224,2.464814018,35.77027367,-78.674635,39.97000122
9:18:44,09_18_44.jpg,35.77032497,-78.67459768,33.97582964,85.27455173,-81.45519829,-0.1364971629,35.77029117,-78.67461267,38.91999817
9:18:46,09_18_46.jpg,35.77034857,-78.6745766,38.29319359,82.9670905,-79.31913836,-0.05787401593,35.77031583,-78.67459167,41.70999908
9:18:48,09_18_48.jpg,35.77037386,-78.67454778,31.32753437,80.2369127,-76.79388871,-0.9279539263,35.770345,-78.67457017,39.25
9:18:50,09_18_50.jpg,35.77039739,-78.67452502,31.74305354,77.86108478,-74.52817043,-2.442030672,35.77036567,-78.67454717,38.31000137
9:18:52,09_18_52.jpg,35.77041844,-78.67450363,29.75746364,75.68695121,-72.40514751,-0.5402748181,35.77038783,-78.67452433,37.95999908
9:18:54,09_18_54.jpg,35.77044146,-78.67448877,35.31255721,73.36268994,-70.43155473,-2.912951792,35.77041717,-78.6745095,29.82999992
9:18:56,09_18_56.jpg,35.7704638,-78.67446858,26.21966888,71.14585645,-68.31262157,0.2857305098,35.77043583,-78.674481,34.04000092
9:18:58,09_18_58.jpg,35.77048074,-78.67445415,34.30995981,69.55943003,-66.67072071,-0.7329806396,35.77045033,-78.674458,36.84000015
9:19:00,09_19_00.jpg,35.77050233,-78.6744363,26.22411571,67.48631995,-64.84060408,1.092098947,35.770465,-78.67443633,40.00999832
9:19:02,09_19_02.jpg,35.77052763,-78.67442002,25.24597356,64.90340467,-63.01425996,-2.069346442,35.770483,-78.67441933,40.34000015
9:19:04,09_19_04.jpg,35.77055494,-78.67440151,35.47192857,62.31605171,-60.90679848,-2.145300853,35.77049817,-78.67439117,43.81000137
9:19:06,09_19_06.jpg,35.77058196,-78.67438614,31.72845146,59.77400534,-58.84064905,-0.330293659,35.7705235,-78.67437317,39.18999863
9:19:09,09_19_09.jpg,35.77060748,-78.67436754,34.59750622,57.29231174,-56.5522703,-1.212631442,35.77055933,-78.67434467,35.33000183
9:19:11,09_19_11.jpg,35.77063249,-78.67434853,30.33415792,54.64525462,-54.34249534,-0.9311714707,35.770585,-78.67433167,31.71999931
9:19:13,09_19_13.jpg,35.77065436,-78.67433456,22.32204049,52.3173275,-52.72261509,-0.8793856133,35.77060117,-78.67432083,27.77000046
9:19:15,09_19_15.jpg,35.77067415,-78.67431864,34.95606653,50.29440708,-50.95713411,0.1708430524,35.77062117,-78.67431367,30.35000038
9:19:17,09_19_17.jpg,35.77069832,-78.6743046,28.62427187,48.03164678,-49.26207331,-0.4278928726,35.77064133,-78.67430667,24.90999985
9:19:19,09_19_19.jpg,35.77072061,-78.67429055,27.11523381,45.75035764,-47.55376591,-0.9149424658,35.77066067,-78.67429317,27.62000084
9:19:21,09_19_21.jpg,35.77074293,-78.67427641,29.68280572,43.73449006,-45.75964447,-1.460528162,35.7706745,-78.67427883,34.15999985
9:19:23,09_19_23.jpg,35.77076745,-78.67425578,46.36276915,41.44315007,-43.46018789,-3.342259309,35.77069333,-78.6742575,38.13000107
9:19:25,09_19_25.jpg,35.77078602,-78.67423843,28.87242417,39.75606058,-41.21113539,-0.4159401338,35.77071617,-78.67424267,42.27000046
9:19:27,09_19_27.jpg,35.77080449,-78.67422594,35.59921996,38.14343263,-39.59862501,-1.593441164,35.77072733,-78.67423133,43.20000076
9:19:29,09_19_29.jpg,35.77083067,-78.67420844,37.8882144,35.66667446,-37.45785785,0.775790741,35.7707365,-78.67421317,51.38000107
9:19:31,09_19_31.jpg,35.77085659,-78.67418722,36.02175588,33.0998597,-35.09472051,-2.12775325,35.77076033,-78.6741905,45.45999908
9:19:33,09_19_33.jpg,35.77088134,-78.67416742,28.92410488,30.53449949,-33.05002972,-1.530352922,35.7707905,-78.67417617,36.99000168
9:19:35,09_19_35.jpg,35.77090174,-78.67414873,37.36271316,28.17520466,-31.41588968,-1.9796592,35.77081267,-78.67415633,34.54000092
9:19:37,09_19_37.jpg,35.77091691,-78.67412603,32.5398619,26.2304412,-29.61762454,0.1959311236,35.77084283,-78.674137,33.88000107
9:19:39,09_19_39.jpg,35.77094189,-78.6741069,24.94705083,23.67027757,-27.74865904,-2.65821788,35.77086317,-78.67411583,30.44000053
9:19:41,09_19_41.jpg,35.77096584,-78.67408858,44.13025934,21.70280601,-25.35227773,-0.4523944337,35.77088233,-78.6740945,37.06000137
9:19:43,09_19_43.jpg,35.7709849,-78.67407194,29.71435611,19.91358346,-23.39444905,-0.4180384228,35.77090267,-78.67407233,40.65999985
9:19:46,09_19_46.jpg,35.77100601,-78.67405763,21.32071307,17.92488103,-21.6869187,-1.025869477,35.7709185,-78.67404483,37.47999954
9:19:48,09_19_48.jpg,35.77103501,-78.67404361,19.7211996,15.02612203,-19.66251709,-0.4762731115,35.77092833,-78.67403,nan
9:19:50,09_19_50.jpg,35.77106373,-78.67402732,26.2303182,12.16308359,-17.80174972,-3.389801683,35.77095267,-78.674016,34.84000015
9:19:52,09_19_52.jpg,35.77108586,-78.67400408,39.99658983,10.01957004,-15.31945423,-2.314877094,35.7709785,-78.67399333,43.38000107
9:19:54,09_19_54.jpg,35.77110564,-78.67398224,40.5495582,8.118432131,-13.04094308,-0.5925908955,35.77100633,-78.6739765,37.84999847
9:19:56,09_19_56.jpg,35.77112197,-78.67396354,28.94274884,6.261385508,-11.4160507,-0.4710260369,35.7710225,-78.673962,32.54999924
9:19:58,09_19_58.jpg,35.77114802,-78.67395194,30.82028914,3.679196296,-9.655887813,-2.69320998,35.77104467,-78.67394617,29.51000023
9:20:00,09_20_00.jpg,35.77116777,-78.67393929,29.69982227,1.513758288,-8.138625833,-1.717111698,35.77106467,-78.67393067,26.94000053
9:20:02,09_20_02.jpg,35.77119265,-78.6739228,35.01167762,-0.8006656803,-5.961691934,-4.780708856,35.77108683,-78.6739135,36.99000168
9:20:04,09_20_04.jpg,35.77121316,-78.67390228,35.01842726,-2.728311027,-3.803793449,-1.786585919,35.77110933,-78.6738905,42.58000183
9:20:06,09_20_06.jpg,35.77123628,-78.67388659,30.27616966,-4.961549308,-2.021731201,-0.6144813795,35.77113133,-78.6738715,35.13000107
9:20:08,09_20_08.jpg,35.7712645,-78.67387202,23.28901488,-7.847943774,-0.06919904825,-0.3546799302,35.77116017,-78.673845,29.75
9:20:10,09_20_10.jpg,35.77129297,-78.67386273,12.72865008,-10.87445727,1.407588596,-1.039603128,35.7711875,-78.6738325,25.26000023
9:20:12,09_20_12.jpg,35.77132269,-78.67385988,5.100898025,-14.10260529,2.440460249,-2.594009834,35.771223,-78.67383133,14.82999992
9:20:14,09_20_14.jpg,35.77135185,-78.67384747,17.16512958,-17.03022043,4.08701328,-1.752359628,35.77126033,-78.67382567,22.0
9:20:16,09_20_16.jpg,35.7713842,-78.67384551,357.8895527,-20.40848573,4.954207114,-3.601253873,35.77128683,-78.6738135,18.62000084
9:20:18,09_20_18.jpg,35.77140476,-78.67384985,352.9239219,-22.76897962,5.10231442,-1.322609636,35.77131633,-78.67381267,5.300000191
9:20:21,09_20_21.jpg,35.77143238,-78.67385936,344.4616535,-25.50952376,5.068916614,-2.019939428,35.77134917,-78.67381983,3.950000048
9:20:23,09_20_23.jpg,35.77146031,-78.67386854,342.5322417,-28.46514852,4.873859855,-1.010079878,35.77137517,-78.6738235,353.8699951
9:20:25,09_20_25.jpg,35.77148699,-78.67388067,338.8025525,-31.4625512,4.266116189,-2.697969958,35.77139967,-78.6738315,351.7900085
9:20:27,09_20_27.jpg,35.77150692,-78.67389374,336.9097431,-33.65874309,3.513915793,-2.855445521,35.77142417,-78.67384533,341.269989
9:20:29,09_20_29.jpg,35.77152976,-78.67390668,333.3440753,-36.1089826,2.917735407,-2.243457751,35.77145517,-78.67384067,350.6900024
9:20:31,09_20_31.jpg,35.77154858,-78.67392282,322.9000001,-38.313537,2.009863022,1.208254341,35.77147467,-78.67384433,346.7999878
9:20:33,09_20_33.jpg,35.77156715,-78.67394491,316.0000741,-40.54151057,0.6138325343,-3.092700389,35.77148767,-78.6738475,nan
9:20:35,09_20_35.jpg,35.77158921,-78.67396874,314.4988835,-43.37191977,-1.238917266,-1.115896692,35.77149333,-78.67384233,nan
9:20:37,09_20_37.jpg,35.77160711,-78.67398986,311.1018933,-45.50676553,-2.922415719,-1.683510743,35.7715145,-78.67384183,nan
9:20:39,09_20_39.jpg,35.77162238,-78.67401703,304.1548628,-47.48188405,-4.904645599,-1.357666414,35.7715265,-78.67386067,nan
9:20:41,09_20_41.jpg,35.77163569,-78.67404349,302.0053832,-49.31018493,-7.035746718,-0.6119069518,35.77153867,-78.67386867,nan
9:20:43,09_20_43.jpg,35.77164834,-78.67407317,316.8548579,-51.27825195,-9.30458,-2.749065387,35.77155233,-78.67389433,311.9500122
9:20:45,09_20_45.jpg,35.77166368,-78.67409689,303.575039,-53.12204888,-11.13762483,-2.377750466,35.771564,-78.6739165,311.5799866
9:20:47,09_20_47.jpg,35.77167879,-78.67411979,308.1087865,-55.27423362,-13.12365502,-1.860207953,35.77158067,-78.67395717,306.2900085
9:20:49,09_20_49.jpg,35.77169251,-78.674144,301.1004072,-57.20588603,-15.0850068,-3.232590924,35.77159333,-78.67398317,305.3099976
9:20:51,09_20_51.jpg,35.77170645,-78.67417658,298.2374455,-59.15320736,-17.60268092,-3.376605303,35.771597,-78.67403133,nan
9:20:53,09_20_53.jpg,35.77171653,-78.67420685,285.6394792,-60.67581762,-20.19574954,-2.915205745,35.77160583,-78.6740695,288.019989
9:20:55,09_20_55.jpg,35.77172289,-78.67423831,279.2717969,-61.78570697,-23.03578061,-3.317514219,35.77161683,-78.6741055,nan
9:20:57,09_20_57.jpg,35.77172729,-78.67426474,294.6799995,-62.73672917,-25.65357689,-2.912344574,35.77162617,-78.67414533,288.1499939
9:20:59,09_20_59.jpg,35.77173306,-78.6742967,274.947319,-63.82029074,-28.18872119,-2.568341575,35.771641,-78.67418383,290.8699951
9:21:01,09_21_01.jpg,35.77173956,-78.67432656,271.9568446,-64.53427985,-30.56201528,-0.7775650586,35.77164467,-78.674214,nan
9:21:03,09_21_03.jpg,35.77174043,-78.67436023,262.6453859,-65.03785139,-33.50539904,-1.090054179,35.7716595,-78.6742415,284.3900146
9:21:06,09_21_06.jpg,35.77173519,-78.67439335,256.5614952,-65.20533677,-36.72673335,-3.296959813,35.7716615,-78.67428967,268.3299866
9:21:08,09_21_08.jpg,35.77172644,-78.67443058,254.468123,-64.90335918,-40.3167399,-1.218874064,35.77165933,-78.67432483,258.5
9:21:10,09_21_10.jpg,35.77171389,-78.67446903,250.8865992,-64.16051366,-44.0568865,-1.399662149,35.77165,-78.6743575,247.1499939
9:21:12,09_21_12.jpg,35.77169896,-78.67450169,243.119397,-63.20503898,-47.42404938,-0.004293865651,35.77163883,-78.674387,241.1600037
9:21:14,09_21_14.jpg,35.77168311,-78.67453282,237.4293168,-62.09968128,-50.60571803,-1.300341447,35.77162683,-78.67442067,244.7799988
9:21:16,09_21_16.jpg,35.77166662,-78.67455993,223.253538,-60.8599491,-53.48002239,-0.8563942661,35.771617,-78.674458,245.6300049
9:21:18,09_21_18.jpg,35.77165256,-78.67458026,228.8593441,-59.64659097,-55.41934594,-3.021722769,35.77161183,-78.67448317,nan
9:21:20,09_21_20.jpg,35.77164425,-78.67460451,212.2028544,-58.34745859,-57.09968342,-1.057159863,35.7716085,-78.6745085,nan
9:21:22,09_21_22.jpg,35.77162569,-78.67462221,231.3479219,-56.65882632,-59.02770875,-1.948885849,35.771595,-78.67452833,nan
9:21:24,09_21_24.jpg,35.77160738,-78.6746429,215.8276232,-54.97415101,-61.19903045,-3.882603892,35.77158017,-78.67454583,nan
9:21:26,09_21_26.jpg,35.77158539,-78.67466209,212.7182885,-52.83906035,-63.37628052,-3.536668641,35.771566,-78.67456833,nan
9:21:28,09_21_28.jpg,35.77156369,-78.67468647,218.0797435,-50.43886708,-65.83992277,-2.075774833,35.77154833,-78.67459283,230.5599976
9:21:30,09_21_30.jpg,35.77154047,-78.67470952,213.9915281,-48.05462878,-67.99602218,-4.320922378,35.77152233,-78.6746085,nan
9:21:32,09_21_32.jpg,35.77151875,-78.67472947,215.4492129,-45.75274222,-70.12216028,-3.411679401,35.77150583,-78.67462933,222.3500061
9:21:34,09_21_34.jpg,35.77149979,-78.67475053,210.3595472,-43.64411121,-72.200204,-0.7211425925,35.77148117,-78.67464333,212.25
9:21:36,09_21_36.jpg,35.77147868,-78.67476866,209.1941331,-41.49990295,-74.09480229,-2.993840324,35.7714665,-78.67466533,209.0599976
9:21:39,09_21_39.jpg,35.77145496,-78.67478838,210.878283,-38.99947324,-76.26883373,-2.631543528,35.7714365,-78.6746915,211.3899994
9:21:41,09_21_41.jpg,35.77143001,-78.67480565,224.3292508,-36.83063889,-78.42612926,-6.557167525,35.77141617,-78.67471233,211.9900055
9:21:43,09_21_43.jpg,35.77141183,-78.67482494,221.3732177,-35.20685262,-80.39298052,-2.669467915,35.77139233,-78.67473033,210.1100006
9:21:45,09_21_45.jpg,35.77139355,-78.67484003,213.428312,-33.39512398,-82.02857289,-1.870771081,35.77137283,-78.67474567,nan
9:21:47,09_21_47.jpg,35.7713737,-78.67485462,207.7421961,-31.57261353,-83.64188504,-1.757805743,35.77135683,-78.67475517,nan
9:21:49,09_21_49.jpg,35.7713512,-78.67486834,217.4601381,-29.48084253,-85.44764732,-3.331002463,35.77133917,-78.67478283,nan
9:21:51,09_21_51.jpg,35.7713278,-78.67488502,211.7809151,-27.28344153,-87.48797018,-3.130012459,35.77131017,-78.6747935,213.3300018
9:21:53,09_21_53.jpg,35.7713062,-78.67490145,207.4115478,-24.80207693,-89.25392496,-2.097637447,35.77129167,-78.67481233,213.0200043
9:21:55,09_21_55.jpg,35.77128214,-78.67492031,213.809558,-22.0802006,-91.19069564,-1.162702338,35.77127383,-78.67483167,nan
9:21:57,09_21_57.jpg,35.77125579,-78.67493628,205.4761995,-19.66790048,-93.05544564,-1.517303897,35.77126083,-78.674851,nan
9:21:59,09_21_59.jpg,35.77123455,-78.6749583,217.9659086,-17.27211493,-95.08523794,-5.376950559,35.771251,-78.67485733,nan
9:22:01,09_22_01.jpg,35.77121111,-78.67497857,200.2717933,-14.69081788,-97.37049061,-3.55164982,35.77122783,-78.6748825,nan
9:22:03,09_22_03.jpg,35.7711894,-78.67499348,229.9357704,-12.56388692,-98.99447025,-3.152134688,35.77121583,-78.67491267,nan
9:22:05,09_22_05.jpg,35.7711658,-78.67500819,209.1446856,-10.49527852,-100.9096068,-4.863689897,35.77119467,-78.67492283,nan
9:22:07,09_22_07.jpg,35.77114154,-78.67502411,211.4132705,-8.180590123,-102.9877856,-1.798141942,35.77117,-78.67493917,nan
9:22:09,09_22_09.jpg,35.77111805,-78.67503866,212.4497573,-6.200289113,-105.0025756,-3.07301915,35.77115467,-78.674958,nan
9:22:11,09_22_11.jpg,35.7710982,-78.6750608,225.5498466,-4.180739351,-107.276145,-0.6056108249,35.77113267,-78.6749755,nan
9:22:13,09_22_13.jpg,35.77108312,-78.67507841,208.8991129,-2.36649756,-108.92838,-5.05107172,35.77112633,-78.67499017,nan
9:22:15,09_22_15.jpg,35.77106224,-78.67509379,208.7203268,-0.148490565,-110.4525761,-2.410084675,35.77110717,-78.6750015,nan
9:22:17,09_22_17.jpg,35.77104104,-78.67511198,215.8711481,1.96877961,-111.9811757,-4.394626998,35.77108783,-78.67502183,nan
9:22:19,09_22_19.jpg,35.77102039,-78.67512504,208.6338959,4.027378842,-113.771941,-3.712418183,35.7710675,-78.67504217,nan
9:22:21,09_22_21.jpg,35.77099663,-78.67514266,210.1777726,6.436414174,-115.9235388,-2.607648723,35.7710425,-78.67506217,217.2100067
9:22:23,09_22_23.jpg,35.77097576,-78.67516031,211.0660442,8.536481812,-117.8098789,-1.646517252,35.771021,-78.675084,215.8699951
9:22:25,09_22_25.jpg,35.77095322,-78.67517415,207.5679035,10.74207392,-119.7046765,-1.700498247,35.77100133,-78.67510283,214.7100067
9:22:27,09_22_27.jpg,35.77092796,-78.67519152,210.3606653,13.07783565,-121.8885791,0.2068105868,35.77097317,-78.6751205,213.5599976
9:22:30,09_22_30.jpg,35.77090121,-78.67520891,212.8544814,15.44504439,-124.1115109,-3.061483835,35.77093133,-78.67515117,210.4600067
9:22:32,09_22_32.jpg,35.77087805,-78.67522378,207.9084246,17.71326767,-125.9986147,-3.173172243,35.77091167,-78.6751715,211.6000061
9:22:34,09_22_34.jpg,35.77085632,-78.67524199,204.3868944,19.97036619,-127.8548555,-2.771803017,35.7708895,-78.67518917,210.8099976
9:22:36,09_22_36.jpg,35.7708376,-78.67525548,216.326826,21.80138913,-129.3459741,0.3622653723,35.7708715,-78.67520633,211.7700043
9:22:38,09_22_38.jpg,35.77081385,-78.67527337,208.9471327,23.98563083,-131.2527078,-0.8461649697,35.7708545,-78.67523,219.75
9:22:40,09_22_40.jpg,35.77078518,-78.67529146,210.662453,26.69122097,-133.5280256,-2.125623703,35.77082883,-78.67525017,219.4799957
9:22:42,09_22_42.jpg,35.77075631,-78.67531136,209.5977538,29.60417643,-135.8159446,-2.160773346,35.77080417,-78.67527783,218.7799988
9:22:44,09_22_44.jpg,35.77073354,-78.67532953,212.5018213,31.91816949,-137.8400458,-1.012113506,35.77078783,-78.67530117,220.4900055
9:22:46,09_22_46.jpg,35.77071362,-78.67534935,214.841721,34.04137022,-139.815085,1.526994762,35.77076167,-78.67530967,210.3200073
9:22:48,09_22_48.jpg,35.77069558,-78.67536669,221.0104776,35.95176825,-141.6476599,-0.6520716462,35.77073583,-78.67531933,203.6199951
9:22:50,09_22_50.jpg,35.77067211,-78.67538925,212.6169563,38.15509288,-143.8517103,0.1767753171,35.77070817,-78.67533667,203.9799957
9:22:52,09_22_52.jpg,35.77064936,-78.67540975,212.0332566,40.41838577,-145.9769294,-1.21206718,35.77068517,-78.675356,202.6699982
9:22:54,09_22_54.jpg,35.77063016,-78.6754249,210.2593357,42.17622296,-147.5711844,-0.00558683383,35.77067917,-78.67537383,nan
9:22:56,09_22_56.jpg,35.77060851,-78.67543677,211.0579507,44.21764803,-149.1785801,-1.706793627,35.77065967,-78.675394,nan
9:22:58,09_22_58.jpg,35.77059103,-78.67545206,219.2220718,45.91021418,-150.8733502,-0.3361212766,35.7706455,-78.67541133,nan
9:23:00,09_23_00.jpg,35.77057307,-78.67546967,211.544157,47.71708695,-152.7342646,-0.8360394203,35.77063317,-78.6754385,nan
9:23:02,09_23_02.jpg,35.77055319,-78.67548882,216.4492942,49.75862981,-154.7071022,-1.636190062,35.77062117,-78.6754625,nan
9:23:04,09_23_04.jpg,35.77052868,-78.67550469,212.8986372,51.91850415,-156.7709401,-1.02202207,35.7706005,-78.67548317,nan
9:23:06,09_23_06.jpg,35.77050412,-78.67552097,203.7099546,54.28224738,-158.5576815,-0.8232959618,35.770585,-78.6755005,nan
9:23:08,09_23_08.jpg,35.77048088,-78.6755415,207.2460982,56.92839564,-160.5803234,1.038888419,35.770566,-78.675533,223.9299927
9:23:10,09_23_10.jpg,35.7704616,-78.67556047,220.9491513,58.93794557,-162.5334592,-0.697108751,35.7705495,-78.675557,226.2100067
9:23:12,09_23_12.jpg,35.77043959,-78.67557473,213.4937378,61.05190826,-164.3097422,-2.007946995,35.77052717,-78.67557383,220.7700043
9:23:14,09_23_14.jpg,35.77041579,-78.6755937,212.9555465,63.3493992,-166.6404785,-1.314099501,35.77051517,-78.675599,230.25
9:23:17,09_23_17.jpg,35.77039047,-78.67561168,209.2651432,65.65375483,-168.729921,-1.262482722,35.77048767,-78.675628,234.6999969
9:23:19,09_23_19.jpg,35.7703718,-78.67563057,215.5996679,67.52498454,-170.7919905,-3.244066455,35.77045617,-78.67563633,220.5
9:23:21,09_23_21.jpg,35.77035095,-78.67564562,221.6919553,69.31283286,-172.6203663,-0.4375816373,35.77044167,-78.67565567,nan
9:23:23,09_23_23.jpg,35.77032947,-78.67566197,209.8904249,71.52723302,-174.5376715,0.7357422321,35.770415,-78.67566933,216.0
9:23:25,09_23_25.jpg,35.77030856,-78.67567935,206.974167,73.78903074,-176.2969195,-0.4017581709,35.77038767,-78.6756805,211.7899933
9:23:27,09_23_27.jpg,35.77028682,-78.67569374,208.5851663,75.81212104,-178.0057301,0.4337039469,35.770352,-78.6756785,205.0700073
9:23:29,09_23_29.jpg,35.77026389,-78.67571084,202.7509763,78.05351664,-179.907019,-1.963883391,35.77033233,-78.6756985,211.2799988
9:23:31,09_23_31.jpg,35.77024128,-78.67573137,217.8207456,80.33489967,-181.984986,-1.933943297,35.7703165,-78.67571983,218.9900055
9:23:33,09_23_33.jpg,35.77021934,-78.67574898,212.3233113,82.35193168,-183.9019228,-0.4399447935,35.77031167,-78.6757245,nan
9:23:35,09_23_35.jpg,35.77019234,-78.67576604,208.5941276,85.05373372,-186.0095451,-2.976780421,35.7702765,-78.6757465,221.3699951
9:23:37,09_23_37.jpg,35.77017063,-78.67578168,224.4003515,87.03645749,-187.9758655,0.4007139694,35.77025533,-78.67576833,216.9900055
9:23:39,09_23_39.jpg,35.77014828,-78.67580087,215.6905451,89.17229058,-190.1756176,-2.137665186,35.77023467,-78.67579233,213.1699982
9:23:41,09_23_41.jpg,35.77012597,-78.675816,213.3885136,91.23663715,-191.9624192,-2.021775876,35.7702035,-78.675808,203.2100067
9:23:43,09_23_43.jpg,35.77010621,-78.67583164,209.772152,93.19076766,-193.7024309,-1.135536892,35.770183,-78.67582533,202.2899933
9:23:45,09_23_45.jpg,35.77008464,-78.67584635,208.9808433,95.31270649,-195.4477805,-2.539597217,35.77016733,-78.67585267,205.7299957
9:23:47,09_23_47.jpg,35.77006546,-78.67586522,211.8944485,97.34880736,-197.419733,-2.766559994,35.77015567,-78.6758735,nan
9:23:49,09_23_49.jpg,35.77004541,-78.67588108,209.8107133,99.3978448,-199.2048899,0.2604918171,35.77015217,-78.67590483,nan
9:23:51,09_23_51.jpg,35.7700233,-78.6758873,172.2987088,101.7697607,-200.1141935,0.03214580675,35.77014833,-78.67593433,nan
9:23:53,09_23_53.jpg,35.76999978,-78.67588327,169.7536326,104.3782054,-200.1754477,-0.7643628822,35.77013033,-78.67593983,205.8099976
9:23:56,09_23_56.jpg,35.76997355,-78.67587469,155.3161174,107.4574211,-199.8367071,5.346828284,35.770079,-78.67591883,171.9100037
9:23:58,09_23_58.jpg,35.76995748,-78.67585068,123.6091577,109.4840604,-198.020127,0.736773776,35.770059,-78.67589283,153.3000031
9:24:00,09_24_00.jpg,35.76994956,-78.67582515,105.5171576,110.6309751,-195.802768,2.174902083,35.770053,-78.675876,nan
9:24:02,09_24_02.jpg,35.76994534,-78.67579511,99.92526881,111.5037814,-193.3165494,2.868519068,35.77004333,-78.675851,nan
9:24:04,09_24_04.jpg,35.76994482,-78.67576367,91.619656,112.0664435,-190.8016429,3.757670425,35.7700315,-78.675821,108.0899963
9:24:06,09_24_06.jpg,35.76994459,-78.67573186,94.60149382,112.6459046,-187.8349819,3.322310852,35.770018,-78.6757905,100.6699982
9:24:08,09_24_08.jpg,35.76994555,-78.67570075,91.99017225,113.0966237,-184.808482,3.649724631,35.7700105,-78.67576317,94.41999817
9:24:10,09_24_10.jpg,35.76994952,-78.67566889,80.73044559,113.2989517,-181.8901569,1.381429076,35.7700045,-78.67573883,88.41000366
9:24:12,09_24_12.jpg,35.76995613,-78.67563957,62.99743315,112.9504549,-179.1856538,2.331007696,35.77000083,-78.675711,80.08000183
9:24:14,09_24_14.jpg,35.76996052,-78.6756103,79.86149668,112.9279888,-176.2212157,1.109564403,35.77,-78.6756855,77.01000214
9:24:16,09_24_16.jpg,35.76995895,-78.67558998,84.60891421,113.0410616,-172.8098563,0.8353794724,35.76999917,-78.675652,78.44999695
9:24:18,09_24_18.jpg,35.76995775,-78.67556675,84.4278022,113.157375,-169.9448355,3.076887918,35.77000683,-78.67562317,70.37999725
9:24:20,09_24_20.jpg,35.76995873,-78.67553571,82.32525424,113.3327935,-166.7224411,3.43317382,35.77000467,-78.67558733,77.77999878
9:24:22,09_24_22.jpg,35.76996026,-78.67550241,82.46706595,113.4731853,-163.4096667,2.961287315,35.7700035,-78.67555217,82.0
9:24:24,09_24_24.jpg,35.76996212,-78.67547338,83.20903561,113.603692,-160.4132687,1.628349824,35.77000017,-78.67552467,84.31999969
9:24:26,09_24_26.jpg,35.76996432,-78.6754297,85.15826832,113.7101639,-157.9937672,1.394736636,35.7699925,-78.67549983,87.69999695
9:24:28,09_24_28.jpg,35.76996802,-78.67538563,83.12542709,113.8078947,-155.3043064,1.530567304,35.7699875,-78.67548717,nan
9:24:30,09_24_30.jpg,35.76997342,-78.67534572,79.81809872,113.8516187,-152.1087956,1.844356936,35.76999083,-78.67546117,85.80999756
9:24:32,09_24_32.jpg,35.76997424,-78.67530635,90.9662462,114.269591,-148.773008,1.427169185,35.76998983,-78.67542833,87.77999878
9:24:34,09_24_34.jpg,35.76997643,-78.67527067,87.6949423,114.6324416,-145.6589762,2.183323245,35.76998817,-78.67539617,86.98000336
9:24:36,09_24_36.jpg,35.76997962,-78.67523971,81.80130525,114.8041488,-142.8869847,1.274360356,35.7699855,-78.67536733,88.62999725
9:24:39,09_24_39.jpg,35.76998394,-78.67520448,83.75162833,114.8840856,-139.651384,-0.3141359216,35.7699825,-78.67531267,86.12000275
9:24:41,09_24_41.jpg,35.76998895,-78.67516942,77.84611926,114.9335033,-136.3002899,2.258844468,35.76998,-78.67527667,87.51999664
9:24:43,09_24_43.jpg,35.76999352,-78.67513644,81.72723652,114.8528318,-133.3484404,2.214359779,35.76998133,-78.67524783,86.31999969
9:24:45,09_24_45.jpg,35.76999657,-78.67509914,93.44085692,114.9599593,-130.0478304,2.389122049,35.76997717,-78.67521333,92.93000031
9:24:47,09_24_47.jpg,35.76999963,-78.67506622,85.96118802,115.3097179,-127.0406437,1.651889881,35.769976,-78.67518367,94.25
9:24:49,09_24_49.jpg,35.77000484,-78.67503389,85.12268299,115.4470183,-123.8902909,0.8850578727,35.76997667,-78.675153,92.73999786
9:24:51,09_24_51.jpg,35.77000785,-78.67500288,87.6715439,115.4936941,-121.1405707,3.079609408,35.76998467,-78.675131,nan
9:24:53,09_24_53.jpg,35.77001309,-78.67496979,75.585789,115.4584717,-118.0057765,2.515804166,35.76999717,-78.67510583,75.87000275
9:24:55,09_24_55.jpg,35.77001894,-78.67493358,76.26289967,115.3189446,-114.6845155,1.435249145,35.77001533,-78.67507483,66.40000153
9:24:57,09_24_57.jpg,35.77002382,-78.67490488,78.40403485,115.0991133,-112.0554089,1.365257983,35.77003567,-78.67505133,49.72000122
9:24:59,09_24_59.jpg,35.7700301,-78.6748783,69.66434011,114.7162303,-109.6552152,3.284390021,35.77004017,-78.675028,59.90000153
9:25:01,09_25_01.jpg,35.77004319,-78.67485198,56.76327346,113.5703184,-107.2186298,-0.6020752465,35.77004583,-78.67500133,66.23000336
9:25:03,09_25_03.jpg,35.77006445,-78.67482358,39.11422968,111.5490969,-104.5760644,2.188544584,35.77005683,-78.67496933,60.38000107
9:25:05,09_25_05.jpg,35.77008341,-78.67480641,30.76271953,109.6263035,-102.7292035,0.3295621953,35.77007967,-78.67495083,43.15999985
9:25:07,09_25_07.jpg,35.77010157,-78.6747908,32.17514154,107.7954104,-101.1079965,-1.277587211,35.7700945,-78.67493583,37.75999832
9:25:09,09_25_09.jpg,35.77012712,-78.67477141,36.36199303,105.1949823,-98.85461971,2.132657042,35.77011833,-78.67491183,37.43000031
9:25:11,09_25_11.jpg,35.77014765,-78.67474894,31.68912317,102.9744094,-96.86095052,2.09020231,35.77014267,-78.67489767,33.79999924
9:25:13,09_25_13.jpg,35.77017126,-78.67472911,37.95147997,100.5189298,-94.57460625,-2.008970533,35.77016933,-78.67487967,31.13999939
9:25:15,09_25_15.jpg,35.77019271,-78.67470715,34.62580759,98.28413198,-92.51019298,-0.09527786393,35.770191,-78.6748565,33.45000076
9:25:17,09_25_17.jpg,35.77021482,-78.67469139,33.28974359,96.17624734,-90.61546038,0.1218255981,35.77021267,-78.67483833,33.24000168
9:25:19,09_25_19.jpg,35.77023414,-78.67467547,27.04584364,94.04636228,-88.73737796,1.053939638,35.77022983,-78.67481633,37.06999969
9:25:21,09_25_21.jpg,35.77025784,-78.6746596,33.85017508,91.78596044,-86.83443117,1.277208517,35.77025183,-78.674795,36.06000137
9:25:24,09_25_24.jpg,35.77028038,-78.67464401,33.72848668,89.71004358,-84.91292864,2.411589921,35.77027433,-78.6747705,42.36999893
9:25:26,09_25_26.jpg,35.77029765,-78.6746273,22.08977839,87.95910672,-83.22975457,0.1499527525,35.77029183,-78.67474883,40.84000015
9:25:28,09_25_28.jpg,35.77031444,-78.67461021,31.88259576,86.0391717,-81.48695759,0.8422085163,35.7703075,-78.67473033,38.77999878
9:25:30,09_25_30.jpg,35.77034299,-78.67459768,33.86116304,83.53815847,-79.4269053,-0.3652489865,35.77033083,-78.67471233,36.63000107
9:25:32,09_25_32.jpg,35.77036709,-78.67458121,35.53246102,81.33408627,-77.27806063,2.622529728,35.77035117,-78.67469067,39.25
9:25:34,09_25_34.jpg,35.77038654,-78.67456166,32.93183599,79.31863788,-75.34127166,-0.254503276,35.7703655,-78.67467067,37.61000061
9:25:36,09_25_36.jpg,35.77040926,-78.67454305,31.47966954,77.03211083,-73.2688297,-2.432625787,35.77038917,-78.6746535,38.95000076
9:25:38,09_25_38.jpg,35.77043379,-78.67452654,47.47929956,74.72501802,-71.27785322,-3.896151809,35.77041417,-78.67463933,28.20999908
9:25:40,09_25_40.jpg,35.77045648,-78.67450669,28.5088079,72.47425567,-69.01728514,-1.083405919,35.77043283,-78.67461333,32.22999954
9:25:42,09_25_42.jpg,35.7704825,-78.67449606,16.8960294,70.20344908,-67.37018459,1.446912133,35.77045117,-78.67458267,33.86000061
9:25:44,09_25_44.jpg,35.77050731,-78.67448161,23.77710551,67.61464978,-65.66511218,-1.978590879,35.77046933,-78.67456167,35.56000137
9:25:46,09_25_46.jpg,35.77052682,-78.67446012,34.11552342,65.4771915,-63.78722298,-0.1701389455,35.7704835,-78.67453583,41.83000183
9:25:48,09_25_48.jpg,35.77055007,-78.67443836,30.67106033,63.07250507,-61.51830966,-1.229325594,35.7705005,-78.67450783,42.41999817
9:25:50,09_25_50.jpg,35.77057915,-78.67441559,35.53425817,60.35851245,-59.00481854,-1.39701327,35.77051983,-78.67448533,42.59000015
9:25:52,09_25_52.jpg,35.77060709,-78.67439582,27.82154025,57.61870041,-56.61310121,-0.4080845416,35.770546,-78.67445917,38.70999908
9:25:54,09_25_54.jpg,35.77063227,-78.67437905,27.54591034,54.99117401,-54.54901927,-1.704014865,35.7705745,-78.67444117,31.54000092
9:25:56,09_25_56.jpg,35.77065349,-78.67436387,37.239136,52.94370037,-52.69411915,-0.5869690599,35.770606,-78.674436,25.38999939
9:25:59,09_25_59.jpg,35.77067236,-78.67435068,38.78867119,51.06347609,-50.93018028,-0.6391725405,35.7706335,-78.67441933,29.19000053
9:26:01,09_26_01.jpg,35.7706894,-78.67432901,45.968497,49.30333346,-48.73627796,-1.072913136,35.7706525,-78.674407,31.03000069
9:26:03,09_26_03.jpg,35.7707115,-78.67430778,29.67397071,47.12626251,-46.55207555,-2.276974793,35.77066583,-78.67437983,35.68999863
9:26:05,09_26_05.jpg,35.77073387,-78.67428892,32.73737605,44.93047379,-44.64193802,-0.6971250845,35.7706915,-78.67436,33.31000137
9:26:07,09_26_07.jpg,35.7707568,-78.67427023,24.78742262,42.52443636,-42.72880788,-1.571071622,35.77070333,-78.67433617,40.77999878
9:26:09,09_26_09.jpg,35.7707875,-78.6742552,29.07524825,39.70551429,-40.7608674,-0.9202754363,35.77072283,-78.67430883,38.22000122
9:26:11,09_26_11.jpg,35.77080657,-78.67423887,30.49384421,37.55608798,-39.06999993,-0.5934733629,35.77074,-78.674293,31.37000084
9:26:13,09_26_13.jpg,35.77082588,-78.67421748,30.91884887,35.43884965,-37.18865313,-0.7332502861,35.7707545,-78.6742715,36.84000015
9:26:15,09_26_15.jpg,35.77085199,-78.67419661,38.90206222,33.06120868,-34.75969719,-1.853345599,35.770775,-78.67424983,38.93999863
9:26:17,09_26_17.jpg,35.77087995,-78.67417622,34.86186325,30.48930592,-32.33698313,-0.7291876322,35.77079033,-78.67422083,46.56999969
9:26:19,09_26_19.jpg,35.77090538,-78.67415705,22.1245633,27.94818368,-30.27960187,-0.9037851095,35.77081633,-78.6741975,41.22999954
9:26:21,09_26_21.jpg,35.77092745,-78.67413707,36.90460658,25.68825626,-28.19902978,0.9109891966,35.77083983,-78.6741765,40.66999817
9:26:23,09_26_23.jpg,35.77095071,-78.67412094,29.46921257,23.41553955,-26.40251055,0.4224924557,35.7708555,-78.67415683,39.15999985
9:26:25,09_26_25.jpg,35.7709745,-78.67410524,30.46949417,20.90053911,-24.44565929,-1.841644174,35.77086367,-78.67413567,nan
9:26:27,09_26_27.jpg,35.77099951,-78.67408695,26.59981803,18.31174623,-22.45702859,-1.884928945,35.77088167,-78.67411117,45.13000107
9:26:29,09_26_29.jpg,35.77102258,-78.67406945,41.86288921,16.06178041,-20.50517477,0.4312359025,35.7708965,-78.67408833,nan
9:26:31,09_26_31.jpg,35.77104529,-78.6740506,32.52898248,13.96213701,-18.50306791,-0.3265418965,35.77090983,-78.6740645,nan
9:26:33,09_26_33.jpg,35.77106535,-78.67402645,39.04589257,11.96552055,-16.19316575,0.8365446871,35.77091867,-78.67403183,48.88999939
9:26:36,09_26_36.jpg,35.77108591,-78.67400363,37.46464216,9.840883968,-13.99042378,-0.2712921263,35.77094233,-78.67399833,51.20999908
9:26:38,09_26_38.jpg,35.77110665,-78.67398818,34.77147741,7.755389206,-12.08756313,0.2791531956,35.77096167,-78.67397567,50.38999939
9:26:40,09_26_40.jpg,35.77112898,-78.67397289,25.86931624,5.598049628,-10.36437671,-1.765051777,35.77098767,-78.67395817,44.88999939
9:26:42,09_26_42.jpg,35.77115256,-78.6739606,31.31486833,3.21447387,-8.711245654,-1.739477231,35.77102133,-78.67394967,37.38999939
9:26:44,09_26_44.jpg,35.7711752,-78.67394478,34.54243919,1.117310414,-6.810393861,1.378061539,35.771046,-78.6739295,37.50999832
9:26:46,09_26_46.jpg,35.77119775,-78.67393218,28.64298082,-0.9993697517,-5.008832262,-0.2647470818,35.77107317,-78.673912,35.31999969
9:26:48,09_26_48.jpg,35.77122763,-78.67391397,22.55216698,-3.769929855,-2.968806157,-3.488816932,35.77110817,-78.67389867,30.93000031
9:26:50,09_26_50.jpg,35.77125315,-78.67390184,23.89935895,-6.430725416,-1.206726275,-2.336089311,35.77113883,-78.67388067,28.80999947
9:26:52,09_26_52.jpg,35.77127805,-78.6738884,22.99669685,-8.90994651,0.4925872743,-0.7113792431,35.771167,-78.67386567,28.12000084
9:26:54,09_26_54.jpg,35.77129944,-78.67387765,19.58105369,-11.32146259,1.872985138,-0.7682145827,35.77118967,-78.67384917,27.78000069
9:26:56,09_26_56.jpg,35.77132159,-78.67386943,9.779782277,-13.81943693,2.931122598,-1.21939574,35.7712165,-78.67383467,19.44000053
9:26:58,09_26_58.jpg,35.77135275,-78.67386743,4.532261709,-16.86466709,3.808247477,-3.821197492,35.771239,-78.67382383,15.85000038
9:27:00,09_27_00.jpg,35.77137947,-78.67386589,4.31602752,-19.75700182,4.291023619,-0.9379476017,35.77126767,-78.67381683,4.869999886
9:27:02,09_27_02.jpg,35.77140284,-78.67386787,345.4998332,-22.45941004,4.453193804,-0.2087572975,35.77130383,-78.67382633,354.8099976
9:27:04,09_27_04.jpg,35.77142702,-78.67387261,348.9664394,-25.34446317,4.642930923,-1.155583044,35.77132567,-78.67382233,0.1899999976
9:27:06,09_27_06.jpg,35.77145227,-78.67387526,351.2917418,-28.18783833,4.619299246,-2.282629457,35.771351,-78.67382317,3.710000038
9:27:08,09_27_08.jpg,35.77147988,-78.67388459,343.4755771,-31.15518838,4.365366786,-1.953934141,35.77138317,-78.67383817,359.5499878
9:27:10,09_27_10.jpg,35.77150226,-78.67389426,341.0513112,-33.84809356,3.878574495,-1.930820247,35.77140883,-78.6738465,353.0799866
9:27:12,09_27_12.jpg,35.77152945,-78.67391162,331.4204291,-36.79662779,2.998994745,-2.653321325,35.771443,-78.673869,339.8500061
9:27:14,09_27_14.jpg,35.77155672,-78.67393487,318.929211,-39.93658958,1.415652851,-2.280162216,35.77148033,-78.6739055,328.0499878
9:27:17,09_27_17.jpg,35.77158205,-78.67396601,309.6073989,-42.97568186,-0.8824663238,-0.7628587389,35.77152183,-78.6739455,318.2600098
9:27:19,09_27_19.jpg,35.77160314,-78.67399891,306.3383566,-45.78569812,-3.514455918,-1.939118218,35.77154817,-78.67396933,315.1799927
9:27:21,09_27_21.jpg,35.77161719,-78.67402234,298.9320162,-47.4899672,-5.326262996,-1.688197111,35.77156683,-78.67399483,311.0100098
9:27:23,09_27_23.jpg,35.77163089,-78.67404486,310.0699734,-49.24098184,-7.001732366,-0.2053814781,35.77158067,-78.67399617,313.1300049
9:27:25,09_27_25.jpg,35.77164428,-78.67406923,302.1273426,-51.09277878,-8.95389942,-2.944134128,35.77159467,-78.67401583,310.980011
9:27:27,09_27_27.jpg,35.77166044,-78.67409822,303.323621,-53.18430818,-11.26969982,-2.512853997,35.77161667,-78.67403667,311.9899902
9:27:29,09_27_29.jpg,35.77167325,-78.67412906,297.0479569,-55.14366486,-13.71477142,-2.424586188,35.77163267,-78.67406183,305.6600037
9:27:31,09_27_31.jpg,35.77168745,-78.6741541,299.9504338,-57.23960819,-15.98665935,-0.8724282467,35.77165067,-78.67408917,306.25
9:27:33,09_27_33.jpg,35.77169804,-78.67418216,297.6135272,-59.21222311,-18.37250954,-2.161677407,35.7716705,-78.67412333,301.9100037
9:27:35,09_27_35.jpg,35.77170761,-78.67421141,283.779519,-60.93063997,-21.03428886,-3.249348495,35.771681,-78.674146,296.5100098
9:27:37,09_27_37.jpg,35.77171756,-78.67424342,289.9282441,-62.34400455,-23.72572888,-2.2754964,35.77171,-78.67418583,300.480011
9:27:39,09_27_39.jpg,35.77172258,-78.67426597,274.4858398,-63.18780511,-25.71575066,-1.637077433,35.77171833,-78.67421383,296.2099915
9:27:41,09_27_41.jpg,35.77172617,-78.67428504,287.7626694,-63.77473787,-27.35817304,-1.537586348,35.77173717,-78.67423783,299.6300049
9:27:43,09_27_43.jpg,35.7717301,-78.67431007,278.1367701,-64.40477019,-29.28291358,-1.865443158,35.77173833,-78.674258,nan
9:27:45,09_27_45.jpg,35.77172856,-78.6743384,260.6685895,-64.6974831,-31.81731199,-1.407623516,35.771739,-78.67428167,nan
9:27:47,09_27_47.jpg,35.77172415,-78.67436619,262.0518967,-64.76114628,-34.61009466,-1.678862672,35.7717275,-78.67430217,nan
9:27:49,09_27_49.jpg,35.77171939,-78.67440113,254.2598909,-64.62940613,-37.89854329,-3.629951985,35.77172167,-78.67433117,268.6400146
9:27:51,09_27_51.jpg,35.77171094,-78.67443184,248.119654,-64.24577207,-41.07202305,-3.893741574,35.7717125,-78.67436667,252.5299988
9:27:53,09_27_53.jpg,35.77169895,-78.67446892,245.7579526,-63.66966611,-44.38753641,-4.571049579,35.77170283,-78.67440033,248.4499969
9:27:56,09_27_56.jpg,35.77168404,-78.6744947,242.8164259,-62.83541925,-47.39643784,-2.69974556,35.77168417,-78.6744465,243.3800049
9:27:58,09_27_58.jpg,35.77167087,-78.67451872,240.1143431,-62.10914213,-50.00796781,-1.996813755,35.77167233,-78.6744715,241.7700043
9:28:00,09_28_00.jpg,35.77165862,-78.67454184,240.4670473,-61.16729005,-52.62053084,-0.6587160956,35.7716635,-78.67449,238.3500061
9:28:02,09_28_02.jpg,35.77164602,-78.6745657,238.2772217,-60.25371651,-54.93003931,-2.012981307,35.77165017,-78.67450467,nan
9:28:04,09_28_04.jpg,35.77163206,-78.67458599,230.7518258,-59.09694937,-57.01569379,-1.063899321,35.77164317,-78.67451717,nan
9:28:06,09_28_06.jpg,35.77161453,-78.6746099,210.4299837,-57.4969144,-59.34310871,-1.239102884,35.77162767,-78.674532,nan
9:28:08,09_28_08.jpg,35.7715957,-78.67463424,222.6397827,-55.43633919,-61.65577708,-1.714976649,35.77161683,-78.67455133,nan
9:28:10,09_28_10.jpg,35.77157452,-78.674659,211.0750331,-53.26427157,-64.03572914,-2.632006904,35.77160767,-78.674575,nan
9:28:12,09_28_12.jpg,35.77155189,-78.67467843,207.3886535,-51.06856021,-66.1528458,-1.673047454,35.771582,-78.6745985,234.6799927
9:28:14,09_28_14.jpg,35.77152725,-78.67469271,210.4701056,-48.89635771,-68.01345411,-2.777508726,35.771557,-78.67461967,224.2799988
9:28:16,09_28_16.jpg,35.77150158,-78.67470769,212.4094687,-46.5747239,-69.80493029,-2.39050974,35.77153033,-78.674641,217.3500061
9:28:18,09_28_18.jpg,35.77147831,-78.67472366,207.8193774,-44.25219931,-71.6056828,-3.838076041,35.77151633,-78.674655,nan
9:28:20,09_28_20.jpg,35.77145694,-78.67474455,210.3755248,-41.71639305,-73.74482721,-1.146897555,35.77150117,-78.67467417,215.3600006
9:28:22,09_28_22.jpg,35.77143494,-78.67476198,214.1107051,-39.1615594,-75.68969654,-1.840937312,35.77148083,-78.67469033,213.6000061
9:28:24,09_28_24.jpg,35.77141111,-78.6747856,209.9387556,-36.89756211,-78.10323741,-0.95546408,35.77145417,-78.67470133,207.6399994
9:28:26,09_28_26.jpg,35.77138629,-78.67480563,215.3148345,-34.29908093,-80.37243208,-2.139949374,35.77143417,-78.6747145,205.8600006
9:28:29,09_28_29.jpg,35.77135531,-78.6748234,206.2401526,-31.48431002,-82.51144907,-1.554200712,35.771395,-78.6747325,202.4700012
9:28:31,09_28_31.jpg,35.77132769,-78.67484037,209.5842939,-28.85068784,-84.40584852,-3.148539708,35.771373,-78.67475,201.7899933
9:28:33,09_28_33.jpg,35.77131004,-78.67485653,219.1330556,-27.06579604,-85.93595536,-1.856400755,35.77135217,-78.674768,202.1199951
9:28:35,09_28_35.jpg,35.7712895,-78.67487306,219.6552452,-25.07343341,-87.78862238,-1.074861036,35.77133733,-78.67478233,nan
9:28:37,09_28_37.jpg,35.77127085,-78.6748849,213.5335609,-23.23271072,-89.49322155,-1.454452219,35.77133,-78.67480583,nan
9:28:39,09_28_39.jpg,35.77125848,-78.67490029,217.4487335,-21.52430219,-90.90108313,-1.833213697,35.77131067,-78.674824,nan
9:28:41,09_28_41.jpg,35.7712421,-78.67491894,225.2932205,-19.65158465,-92.60586223,-5.715893745,35.771289,-78.67483667,nan
9:28:43,09_28_43.jpg,35.77122204,-78.67494077,213.5356318,-17.75713081,-94.83350495,-2.677035257,35.77126833,-78.674853,204.0700073
9:28:45,09_28_45.jpg,35.77120403,-78.67495739,212.5452787,-15.99616706,-96.61756267,-4.072266959,35.77124783,-78.6748715,209.4700012
9:28:47,09_28_47.jpg,35.77118454,-78.67497188,220.774655,-13.96725027,-98.38444113,-4.925212281,35.7712325,-78.67488467,nan
9:28:49,09_28_49.jpg,35.77116017,-78.67498453,199.4224937,-11.77407338,-100.036574,-3.190683932,35.7712205,-78.674906,nan
9:28:51,09_28_51.jpg,35.77113751,-78.6750022,212.1136304,-9.560178206,-101.8549791,-3.184777474,35.771189,-78.67491667,207.75
9:28:53,09_28_53.jpg,35.77111433,-78.67501619,212.2913003,-7.551714336,-103.5777811,-0.9892574902,35.7711625,-78.67492767,205.7299957
9:28:55,09_28_55.jpg,35.77108736,-78.67503341,214.7696839,-5.176818254,-105.6702095,-5.339009135,35.7711565,-78.67496117,nan
9:28:57,09_28_57.jpg,35.77106987,-78.67505013,241.227361,-3.295510878,-107.3822544,-5.129517058,35.771137,-78.67497167,nan
9:28:59,09_28_59.jpg,35.77105337,-78.67507016,216.5345264,-1.567065114,-109.4980932,-2.157688659,35.77112633,-78.67499133,nan
9:29:01,09_29_01.jpg,35.77103659,-78.67508918,209.6128636,0.3951455781,-111.2936635,-2.330560788,35.7711105,-78.67501083,209.8800049
9:29:04,09_29_04.jpg,35.77101972,-78.67510989,212.0381156,2.094562259,-112.7380339,-2.07267457,35.77109083,-78.67503233,nan
9:29:06,09_29_06.jpg,35.77099767,-78.67512373,212.6232508,4.470172261,-114.6997601,-1.983314403,35.77106367,-78.67505667,205.3500061
9:29:08,09_29_08.jpg,35.77097133,-78.67514268,211.7122676,7.106332185,-117.0656293,-0.8834481889,35.7710405,-78.675075,206.4700012
9:29:10,09_29_10.jpg,35.77094309,-78.67515874,210.8542045,9.849582481,-119.2366183,-1.900225927,35.77100883,-78.67509717,208.5099945
9:29:12,09_29_12.jpg,35.77091867,-78.67517193,210.5009316,12.02543382,-121.0132653,-2.093731022,35.77097867,-78.67510767,203.7100067
9:29:14,09_29_14.jpg,35.77089836,-78.67518291,204.6111107,13.89649367,-122.4409662,-0.08671553054,35.77095867,-78.67512317,204.6999969
9:29:16,09_29_16.jpg,35.77087321,-78.67519867,207.7017231,16.1908583,-124.456351,-3.18015272,35.77093533,-78.67514217,207.8000031
9:29:18,09_29_18.jpg,35.77084949,-78.67521678,211.2140798,18.5688208,-126.4081453,-1.89938015,35.770917,-78.675167,212.2599945
9:29:20,09_29_20.jpg,35.77082681,-78.67523238,210.6889587,20.80237983,-128.2125781,-1.618036534,35.77088767,-78.6751755,213.4900055
9:29:22,09_29_22.jpg,35.77080643,-78.67524648,216.9099087,22.82023099,-130.0184122,-0.4039018629,35.77086883,-78.675193,213.7899933
9:29:24,09_29_24.jpg,35.77078739,-78.67526149,209.8879059,24.64228928,-131.6339068,-1.03740975,35.77085117,-78.67521583,216.75
9:29:26,09_29_26.jpg,35.77076463,-78.67527842,210.2045657,26.88317097,-133.5195869,-2.638757828,35.77083133,-78.67523167,215.2899933
9:29:28,09_29_28.jpg,35.77074138,-78.67530553,218.8217959,29.13120519,-136.2671022,-0.331911593,35.77081133,-78.67525617,212.1699982
9:29:30,09_29_30.jpg,35.77072057,-78.6753262,213.6438115,31.13831411,-138.2654034,-1.512749064,35.77078967,-78.67528283,218.3099976
9:29:32,09_29_32.jpg,35.77070434,-78.67533839,205.5753953,32.7182231,-139.6680863,-4.164946585,35.770774,-78.67530233,214.8600006
9:29:34,09_29_34.jpg,35.77068168,-78.67535109,205.1282027,34.74037804,-141.3024871,-0.9704945632,35.770758,-78.6753185,210.8999939
9:29:36,09_29_36.jpg,35.77065964,-78.67536963,217.6228454,36.77955979,-143.3962736,-0.09886086234,35.770739,-78.67534183,211.5899963
9:29:39,09_29_39.jpg,35.77063737,-78.67538839,216.7070103,38.92542307,-145.5653875,-0.7054251252,35.770708,-78.67536733,216.4799957
9:29:41,09_29_41.jpg,35.7706159,-78.67540373,206.641778,40.87675192,-147.343796,-4.290100749,35.770694,-78.67538933,218.3000031
9:29:43,09_29_43.jpg,35.77059337,-78.67541947,212.506826,43.04499919,-149.1765625,-1.527614671,35.77067983,-78.67541217,222.6399994
9:29:45,09_29_45.jpg,35.7705715,-78.67543473,207.0292196,45.27839572,-150.8873625,0.1465759006,35.77066183,-78.67542683,220.1499939
9:29:47,09_29_47.jpg,35.7705544,-78.67544749,220.7309629,46.96993251,-152.3268984,0.108324493,35.77064033,-78.67543433,nan
9:29:49,09_29_49.jpg,35.77053308,-78.67546231,209.2358046,48.89541184,-154.124897,0.1214872635,35.770636,-78.675452,nan
9:29:51,09_29_51.jpg,35.77050436,-78.67548074,208.084652,51.53709926,-156.3655135,-2.074488451,35.7706065,-78.67546283,211.8699951
9:29:53,09_29_53.jpg,35.77047953,-78.67550209,207.3609794,54.31772676,-158.5482261,-1.181433221,35.77058517,-78.67547883,217.7100067
9:29:55,09_29_55.jpg,35.77045752,-78.67552399,223.776045,56.82654919,-160.7110456,-1.815805123,35.7705665,-78.67550433,218.8099976
9:29:57,09_29_57.jpg,35.77044087,-78.67554595,209.0870255,58.76199803,-162.6794302,-1.415597922,35.77055367,-78.67553183,221.4299927
9:29:59,09_29_59.jpg,35.77042289,-78.67556401,211.1472684,60.76344612,-164.5437096,-1.98457285,35.77054433,-78.67555083,nan
9:30:01,09_30_01.jpg,35.77040047,-78.67558125,210.0774321,62.89882455,-166.4842077,-1.974081048,35.7705265,-78.67557217,219.25
9:30:03,09_30_03.jpg,35.77038066,-78.6755975,211.3427036,64.94782532,-168.2812238,-1.257538479,35.77050917,-78.67560333,213.2299957
9:30:05,09_30_05.jpg,35.77036386,-78.67561035,211.6294787,66.49938061,-169.7221352,-1.353342054,35.77049333,-78.67561533,211.6799927
9:30:07,09_30_07.jpg,35.77034524,-78.67562918,216.7579373,68.48822415,-171.5610557,-1.71177169,35.77047917,-78.6756365,215.2400055
9:30:09,09_30_09.jpg,35.7703234,-78.67564276,212.3245284,70.46091871,-173.3562326,-0.6839069139,35.770459,-78.675649,221.5200043
9:30:11,09_30_11.jpg,35.77029917,-78.6756592,212.1384883,72.74426005,-175.2900203,-0.76181384,35.7704325,-78.67566383,221.1000061
9:30:13,09_30_13.jpg,35.77027425,-78.6756768,210.5521918,75.11572566,-177.2556708,-0.6794588432,35.77040883,-78.67568367,215.3899994
9:30:15,09_30_15.jpg,35.77025726,-78.67569438,211.4295656,77.11434535,-179.0964823,-2.903425884,35.77038417,-78.67569567,211.8699951
9:30:17,09_30_17.jpg,35.77023798,-78.67570895,212.6924315,79.08262651,-180.7689157,-3.254856935,35.7703675,-78.67571233,210.9100037
9:30:19,09_30_19.jpg,35.77021568,-78.67572653,209.8029585,81.13663419,-182.6850324,-0.5972953906,35.7703465,-78.67572817,206.6699982
9:30:22,09_30_22.jpg,35.77019124,-78.67574151,210.5340974,83.62842181,-184.8294172,0.1272612897,35.77031267,-78.67574817,211.1300049
9:30:24,09_30_24.jpg,35.77016793,-78.67575744,205.7085941,85.96927029,-186.5739315,-1.649138225,35.77029183,-78.675772,215.4199982
9:30:26,09_30_26.jpg,35.77014262,-78.6757759,215.6629416,88.45161441,-188.6337929,-3.389421976,35.77026583,-78.6757955,212.9199982
9:30:28,09_30_28.jpg,35.7701153,-78.6757983,215.2005993,90.9882165,-190.9437524,-4.267920788,35.77024033,-78.67582017,215.1199951
9:30:30,09_30_30.jpg,35.77009349,-78.67582182,215.0846129,93.09379823,-193.2492308,-2.641541597,35.77021933,-78.67584983,216.4799957
9:30:32,09_30_32.jpg,35.77007188,-78.67584165,204.8442363,95.49029856,-195.2862564,-0.721107775,35.77020483,-78.67587733,220.6799927
9:30:34,09_30_34.jpg,35.77004481,-78.67585493,203.7885477,98.03604925,-197.1797839,-1.899029626,35.77018667,-78.67590083,222.0899963
9:30:36,09_30_36.jpg,35.7700176,-78.6758659,201.0724066,100.6339583,-198.8404641,1.296567638,35.7701695,-78.67592117,222.1399994
9:30:38,09_30_38.jpg,35.76999128,-78.67587017,179.2916519,103.6813956,-199.644953,-1.389932837,35.77014533,-78.67592817,200.9900055
9:30:40,09_30_40.jpg,35.76996608,-78.67586638,157.0766343,106.5041337,-199.7195434,3.123759565,35.77011983,-78.67593383,198.3399963
9:30:42,09_30_42.jpg,35.76994874,-78.67585291,152.5798514,108.9088236,-198.8882629,1.289772645,35.770094,-78.67591917,172.2700043
9:30:44,09_30_44.jpg,35.76993726,-78.67583437,109.8742385,110.4258035,-197.3964722,4.494297036,35.7700775,-78.67590117,144.5599976
9:30:46,09_30_46.jpg,35.76993212,-78.67581146,96.01126543,111.16559,-195.4032812,4.174673483,35.77006783,-78.67588433,132.0
9:30:48,09_30_48.jpg,35.76993072,-78.67578105,86.92165171,111.5909702,-192.8662469,4.282629729,35.7700575,-78.67585983,108.4599991
9:30:50,09_30_50.jpg,35.76993451,-78.67575083,89.49469076,111.9212249,-189.9947031,1.897643522,35.7700535,-78.67583517,90.12999725
9:30:52,09_30_52.jpg,35.76993584,-78.67572077,88.65527561,112.2464735,-187.247174,2.808880082,35.77004667,-78.67580883,86.12000275
9:30:54,09_30_54.jpg,35.76993623,-78.67568947,82.24643858,112.5474318,-184.5066346,3.124053421,35.7700445,-78.67578067,79.87000275
9:30:56,09_30_56.jpg,35.76993785,-78.67565721,87.59025851,112.790795,-181.6825208,1.719588431,35.77003917,-78.67574633,81.08000183
9:30:58,09_30_58.jpg,35.76994013,-78.67562938,80.40686574,113.0337753,-179.1870049,3.246956484,35.770032,-78.675718,87.09999847
9:31:00,09_31_00.jpg,35.7699411,-78.67560074,86.41288916,113.277047,-176.6057035,1.643202191,35.770027,-78.67568883,88.15000153
9:31:02,09_31_02.jpg,35.76994273,-78.67557252,82.13786065,113.5119058,-173.8396156,2.935457634,35.77002767,-78.6756615,80.55999756
9:31:04,09_31_04.jpg,35.76994437,-78.67554489,83.14488102,113.6056495,-171.3853258,2.973080708,35.77002567,-78.675635,78.86000061
9:31:07,09_31_07.jpg,35.76994875,-78.67551523,82.69532395,113.6446052,-168.7612454,2.701960325,35.77002467,-78.67558933,79.30000305
9:31:09,09_31_09.jpg,35.76995191,-78.67548449,79.0179092,113.7650072,-165.8983116,3.777861076,35.77002367,-78.67555933,83.12000275
9:31:11,09_31_11.jpg,35.76995441,-78.67545584,84.82214254,113.8944296,-163.1288602,2.518176362,35.77002067,-78.67553067,86.59999847
9:31:13,09_31_13.jpg,35.76995697,-78.67542695,86.03208186,114.0113607,-160.4847048,3.942628235,35.77002,-78.67550417,85.05999756
9:31:15,09_31_15.jpg,35.76995933,-78.67539997,86.21208463,114.1293207,-158.0295249,2.320619187,35.77001967,-78.67547967,84.54000092
9:31:17,09_31_17.jpg,35.76996098,-78.67537233,83.4023349,114.2335079,-155.6562621,0.368525125,35.77002517,-78.67545583,76.87999725
9:31:19,09_31_19.jpg,35.76996429,-78.6753487,85.80581721,114.3778749,-153.3624875,2.600665766,35.77002867,-78.67543167,79.88999939
9:31:21,09_31_21.jpg,35.76996659,-78.6753215,84.39629354,114.5127352,-150.8655989,3.823641132,35.7700305,-78.67540883,85.04000092
9:31:23,09_31_23.jpg,35.76996944,-78.67529459,82.74054988,114.651236,-148.3719939,2.614020363,35.770035,-78.67538567,85.55000305
9:31:25,09_31_25.jpg,35.76997186,-78.67526696,82.48355828,114.80639,-145.7782178,3.939575525,35.7700425,-78.6753585,82.55000305
9:31:27,09_31_27.jpg,35.7699753,-78.67523981,79.45466899,114.8978804,-143.2331697,1.818268509,35.77005067,-78.67533517,78.5
9:31:29,09_31_29.jpg,35.76998037,-78.67521286,87.67178262,115.0031635,-140.5655411,1.999233227,35.77005967,-78.6753115,73.63999939
9:31:31,09_31_31.jpg,35.76998408,-78.67518415,81.5238063,115.1574341,-137.9613878,1.174147725,35.77005817,-78.6752855,82.58000183
9:31:33,09_31_33.jpg,35.76998616,-78.67515473,77.46590329,115.2230046,-135.3907331,1.428651004,35.77005983,-78.67526,83.31999969
9:31:36,09_31_36.jpg,35.76998885,-78.67512661,81.79101411,115.3333619,-132.8095504,2.031077816,35.77005733,-78.67522083,87.37999725
9:31:38,09_31_38.jpg,35.76999263,-78.67509849,78.20037193,115.2895018,-130.309964,2.242595117,35.77006317,-78.67519467,81.69999695
9:31:40,09_31_40.jpg,35.76999795,-78.67507316,71.53607001,115.1456305,-127.7666436,1.835784373,35.77007067,-78.67517183,77.66999817
9:31:42,09_31_42.jpg,35.77000438,-78.675046,76.36618678,114.89873,-125.1038387,1.86209734,35.77008033,-78.67514617,69.55000305
9:31:44,09_31_44.jpg,35.77001172,-78.67501124,75.07441475,114.535544,-121.9180912,3.333986047,35.77008467,-78.67511667,72.44999695
9:31:46,09_31_46.jpg,35.77001722,-78.67499752,76.34094515,114.37832,-120.4985798,3.297812039,35.77008017,-78.67509817,nan
9:31:48,09_31_48.jpg,35.7700201,-78.67497214,86.96340275,114.3683091,-118.0858653,1.455431231,35.77008017,-78.675077,nan
9:31:50,09_31_50.jpg,35.77001649,-78.67493761,91.9881538,115.0082085,-115.0971512,5.253099462,35.77008433,-78.67505033,81.44000244
9:31:52,09_31_52.jpg,35.77002119,-78.67490209,70.50746447,114.9047348,-111.93197,2.729385173,35.77008033,-78.67501383,87.25
9:31:54,09_31_54.jpg,35.7700339,-78.67487192,45.77664183,113.9743354,-109.1422677,3.971730341,35.77009367,-78.67498083,72.61000061
9:31:56,09_31_56.jpg,35.77005033,-78.67485314,39.98910049,112.4599429,-107.15107,3.097464652,35.770109,-78.67495633,51.79999924
9:31:58,09_31_58.jpg,35.77006709,-78.67483388,39.78843719,110.8777497,-105.208169,2.499975444,35.7701235,-78.674936,44.99000168
9:32:00,09_32_00.jpg,35.77008382,-78.67481722,45.45575227,109.2731876,-103.2974035,0.2100076692,35.77013717,-78.67491667,40.00999832
9:32:02,09_32_02.jpg,35.77010162,-78.67480057,34.1071704,107.6009545,-101.465485,3.078341762,35.77015,-78.67489867,35.70000076
9:32:04,09_32_04.jpg,35.77012133,-78.67478362,36.79764576,105.6918276,-99.47024012,-0.8221683427,35.77016367,-78.67487733,35.97999954
9:32:06,09_32_06.jpg,35.77013793,-78.67475797,44.73596602,104.1895289,-96.9972714,2.159775186,35.77016717,-78.67484883,58.27000046
9:32:08,09_32_08.jpg,35.77015211,-78.6747342,21.31349003,102.4026798,-95.07168122,3.122109617,35.77017283,-78.67482183,63.95000076
9:32:11,09_32_11.jpg,35.77017297,-78.67472179,36.09325582,100.4353018,-93.49317635,0.6878616289,35.770199,-78.674802,32.61999893
9:32:13,09_32_13.jpg,35.77019311,-78.67470953,29.90284484,98.52445728,-91.81562935,0.04584929432,35.77021667,-78.674786,34.75
9:32:15,09_32_15.jpg,35.77021474,-78.67469716,25.91027077,96.45497103,-90.15864129,-0.7192456669,35.77023717,-78.67477117,25.38999939
9:32:17,09_32_17.jpg,35.77023191,-78.67468282,29.04965499,94.54024584,-88.81271155,1.507200117,35.77025683,-78.67475717,24.02000046
9:32:19,09_32_19.jpg,35.77024938,-78.67466941,27.56690951,92.59348083,-87.55538223,-1.793496831,35.7702705,-78.67474683,28.06999969
9:32:21,09_32_21.jpg,35.77026497,-78.67465215,25.58253306,90.70381606,-85.89749374,3.129919509,35.77028333,-78.6747335,34.84000015
9:32:23,09_32_23.jpg,35.77028874,-78.67464319,44.02425381,89.03408303,-84.45683539,1.006663702,35.77029517,-78.67472167,37.40999985
9:32:25,09_32_25.jpg,35.77030461,-78.67462756,42.41697933,87.53424163,-82.90097514,0.4019778123,35.77030733,-78.67470667,35.22000122
9:32:27,09_32_27.jpg,35.77032615,-78.67461549,28.40732329,85.67871806,-81.24936221,-0.06726741084,35.770322,-78.67469267,35.18999863
9:32:29,09_32_29.jpg,35.77034707,-78.67460253,20.71071252,83.66875982,-79.6984749,-0.2919364022,35.770336,-78.67467767,39.47000122
9:32:31,09_32_31.jpg,35.77036105,-78.67458726,33.99860401,81.91510218,-78.24611387,3.464290783,35.77034317,-78.67465967,nan
9:32:33,09_32_33.jpg,35.77037731,-78.67457368,31.46552316,80.28638943,-76.82342478,0.6593967704,35.77035467,-78.67464933,nan
9:32:35,09_32_35.jpg,35.77039876,-78.67455913,29.75540974,78.29106726,-75.15559916,-0.07663410324,35.77035933,-78.67463733,nan
9:32:37,09_32_37.jpg,35.77041631,-78.67454436,28.72652624,76.25069406,-73.54484304,-0.9808937055,35.77037983,-78.67462667,nan
9:32:39,09_32_39.jpg,35.77043678,-78.67453511,24.6037933,74.43216866,-72.2045378,0.6673813976,35.770379,-78.67460317,nan
9:32:41,09_32_41.jpg,35.7704521,-78.674522,37.67126618,72.98639022,-70.78045036,-0.1390769041,35.7703975,-78.67458583,nan
9:32:43,09_32_43.jpg,35.77046666,-78.67450826,30.20056793,71.33930146,-69.32298098,-0.2980622018,35.7704095,-78.6745645,nan
9:32:46,09_32_46.jpg,35.77048431,-78.67449558,31.54071619,69.54755166,-67.90337477,-0.3714755308,35.77040883,-78.674533,nan
9:32:48,09_32_48.jpg,35.77049992,-78.67448566,21.05553423,67.77287472,-66.7098278,-0.7985563887,35.77042017,-78.67451817,nan
9:32:50,09_32_50.jpg,35.7705133,-78.67448151,38.84647933,66.58020946,-65.61567498,0.2585456929,35.77043783,-78.67450517,nan
9:32:52,09_32_52.jpg,35.77052313,-78.67447169,31.57816493,65.39196967,-64.58962777,0.1672783262,35.7704545,-78.6744945,nan
9:32:54,09_32_54.jpg,35.77053442,-78.67446069,13.110799,64.20392115,-63.67406615,-1.130702473,35.77046383,-78.67448567,nan
9:32:56,09_32_56.jpg,35.77055501,-78.67444899,32.12846339,62.5221277,-62.1931079,1.193395876,35.77048333,-78.67447017,38.72999954
9:32:58,09_32_58.jpg,35.77057459,-78.67442683,38.84381655,60.37608597,-59.9671545,1.251557489,35.7705155,-78.674458,34.11999893
9:33:00,09_33_00.jpg,35.77059965,-78.67440893,38.79017385,58.21348408,-57.60505925,2.142522978,35.77054883,-78.67444617,25.06999969
9:33:02,09_33_02.jpg,35.77062378,-78.67439005,39.15466269,56.02691926,-55.38033352,0.9538417926,35.77057183,-78.67443367,nan
9:33:04,09_33_04.jpg,35.77064724,-78.6743704,36.43313994,54.00092528,-53.19255492,1.12146298,35.77060583,-78.67441733,nan
9:33:06,09_33_06.jpg,35.77067271,-78.67435231,31.21554915,51.44689522,-51.11875186,1.71201313,35.77067533,-78.67443533,25.79000092
9:33:08,09_33_08.jpg,35.77069754,-78.67433532,38.83977727,49.05942906,-49.07620831,3.441889046,35.770741,-78.67444083,22.79999924
9:33:10,09_33_10.jpg,35.77072076,-78.67431682,33.17988873,46.74529226,-47.06412189,1.303175406,35.770776,-78.67443517,19.19000053
9:33:12,09_33_12.jpg,35.77074407,-78.67429779,29.95089799,44.68223076,-45.02949485,1.859613095,35.770806,-78.67441917,31.45000076
9:33:14,09_33_14.jpg,35.77076716,-78.67427801,28.39892732,42.23149129,-42.91474951,0.6578747225,35.770842,-78.67440467,32.45999908
9:33:16,09_33_16.jpg,35.77078995,-78.67425498,37.69424047,39.89061631,-40.79720146,1.164264142,35.77087683,-78.67438933,27.59000015
9:33:18,09_33_18.jpg,35.77081213,-78.67423416,25.5234245,37.63004313,-38.75754005,0.6354761524,35.77090533,-78.67438583,nan
9:33:20,09_33_20.jpg,35.77083725,-78.67421812,33.72851461,35.26995699,-36.80220601,1.985950881,35.7709135,-78.67436617,nan
9:33:22,09_33_22.jpg,35.7708624,-78.67419885,37.37384901,32.88156941,-34.66433562,2.987700053,35.77095733,-78.674355,20.44000053
9:33:25,09_33_25.jpg,35.77088508,-78.67417393,33.61117494,30.46305781,-32.43975515,2.538827913,35.77098983,-78.67430717,40.13999939
9:33:27,09_33_27.jpg,35.77090866,-78.67414983,31.70316975,27.95788511,-30.26262809,1.78120519,35.7710195,-78.67429,36.61999893
9:33:29,09_33_29.jpg,35.77093226,-78.67412742,35.85918174,25.36187555,-28.10095034,4.189773986,35.77102667,-78.674265,nan
9:33:31,09_33_31.jpg,35.77095745,-78.67411338,21.39115208,23.01193557,-26.07087335,3.274299437,35.77104983,-78.67425417,nan
9:33:33,09_33_33.jpg,35.77098192,-78.67409925,34.96099753,20.60629162,-24.00776041,3.190406395,35.771079,-78.67424483,21.89999962
9:33:35,09_33_35.jpg,35.7710056,-78.67408241,38.40128421,18.41022616,-21.94698936,3.276169475,35.77112083,-78.67423683,16.67000008
9:33:37,09_33_37.jpg,35.77102875,-78.67406459,33.64711717,16.0790325,-19.9612186,1.05520736,35.77114883,-78.67422267,18.61000061
9:33:39,09_33_39.jpg,35.77105069,-78.67404132,38.26441951,13.73399656,-17.77719679,0.4933689884,35.77117217,-78.67420267,24.06999969
9:33:41,09_33_41.jpg,35.77107309,-78.6740196,42.7702901,11.45350781,-15.56013053,1.127892775,35.77119883,-78.67418317,28.84000015
9:33:43,09_33_43.jpg,35.7710955,-78.67399716,29.57508058,9.32028307,-13.29547524,1.298168816,35.77121133,-78.6741535,37.56999969
9:41:23,09_41_23.jpg,35.77127881,-78.67389472,0.3043571877,-7.364430512,-8.543910588,-2.199406149,35.77118583,-78.67365417,27.40999985
9:41:25,09_41_25.jpg,35.7713045,-78.67388643,12.86437768,-10.04628744,-7.408651986,-1.280207553,35.771214,-78.67366183,14.32999992
9:41:27,09_41_27.jpg,35.77133373,-78.67387698,10.81807132,-12.69854858,-6.623760894,-0.982494825,35.77123233,-78.6736535,22.29000092
9:41:29,09_41_29.jpg,35.77135946,-78.67387276,358.923278,-15.5345779,-5.881947917,-0.4880276778,35.771256,-78.673639,17.07999992
9:41:31,09_41_31.jpg,35.77138544,-78.67387415,350.3112134,-18.73027835,-5.664039998,-1.920836297,35.7712815,-78.67366667,7.619999886
9:41:33,09_41_33.jpg,35.77141074,-78.67387735,4.623244711,-21.93506313,-5.673498022,-0.641401291,35.77130383,-78.673673,2.079999924
9:41:35,09_41_35.jpg,35.77143596,-78.67387662,353.7927267,-24.91691697,-5.31270471,-1.584681867,35.77132383,-78.673682,4.21999979
9:41:37,09_41_37.jpg,35.77146422,-78.67388062,343.3378994,-28.35120979,-4.742798571,-1.559252838,35.77134633,-78.6736855,2.579999924
9:41:39,09_41_39.jpg,35.77149267,-78.6738894,343.7034691,-31.26553818,-4.72917942,-0.5122619905,35.77137033,-78.673701,351.980011
9:41:42,09_41_42.jpg,35.77152023,-78.67390279,340.3527043,-34.21940479,-5.057863454,-2.563920668,35.77140767,-78.67372933,341.7000122
9:41:44,09_41_44.jpg,35.77154233,-78.67391859,327.9682132,-36.74032622,-5.658424334,-1.604401226,35.77142733,-78.67374817,340.25
9:41:46,09_41_46.jpg,35.77156749,-78.6739392,323.5741884,-39.73940465,-6.764473777,-1.657119616,35.77145017,-78.67377667,335.25
9:41:48,09_41_48.jpg,35.77158744,-78.67395906,312.7996868,-42.37191081,-8.177960947,0.416666568,35.77147333,-78.6738015,329.6099854
9:41:50,09_41_50.jpg,35.77160219,-78.67398027,306.8343488,-44.37671287,-9.69708387,-0.3491549268,35.77148783,-78.67380383,322.9500122
9:41:52,09_41_52.jpg,35.77161417,-78.67400169,304.5970084,-46.08373432,-11.26430141,-1.112622629,35.77149867,-78.673821,317.1199951
9:41:54,09_41_54.jpg,35.77162725,-78.67403179,289.3619841,-47.97270824,-13.63561028,-0.8533001894,35.77151117,-78.67385483,305.9899902
9:41:56,09_41_56.jpg,35.77163805,-78.67406244,310.4161716,-49.68753713,-15.71269043,-3.812989785,35.77152333,-78.6738715,299.6799927
9:41:58,09_41_58.jpg,35.77165578,-78.67408907,306.1353766,-51.88270086,-17.62844683,-0.9595165254,35.77154233,-78.673896,309.6499939
9:42:00,09_42_00.jpg,35.77166988,-78.67411843,295.8163624,-53.92826995,-19.92106535,-0.1653292589,35.7715615,-78.6739275,309.9200134
9:42:02,09_42_02.jpg,35.77168563,-78.67414157,308.0695479,-56.08923821,-21.60915066,-0.4433639171,35.77157533,-78.67394967,311.6300049
9:42:04,09_42_04.jpg,35.77170357,-78.6741707,305.6423665,-58.59981178,-23.69652228,-2.244853826,35.77158367,-78.67396967,nan
9:42:06,09_42_06.jpg,35.77171743,-78.67419927,291.7064255,-60.79060878,-26.02108725,-0.4907944517,35.77159233,-78.67399183,308.4700012
9:42:08,09_42_08.jpg,35.77172932,-78.6742349,283.5820586,-63.04071221,-29.05229092,-1.183270238,35.77159783,-78.6740185,nan
9:42:10,09_42_10.jpg,35.77173714,-78.67426689,278.2112396,-64.51108004,-31.82943424,-0.04677216719,35.77159883,-78.67403917,nan
9:42:12,09_42_12.jpg,35.77174231,-78.67429921,274.1058739,-65.66112547,-34.73339135,-1.242482385,35.771601,-78.674068,nan
9:42:14,09_42_14.jpg,35.77174968,-78.67432617,284.3033778,-66.75477454,-36.85101245,-2.507832136,35.771607,-78.67410283,nan
9:42:16,09_42_16.jpg,35.77175279,-78.67435893,264.2964892,-67.72626444,-39.82214387,-1.511412194,35.77161383,-78.674139,nan
9:42:19,09_42_19.jpg,35.77174761,-78.67439715,259.2598247,-67.91908183,-43.24439386,-1.706589233,35.77162267,-78.6742115,269.2999878
9:42:21,09_42_21.jpg,35.77173886,-78.67443144,254.811543,-67.82172361,-46.52536131,-1.110684799,35.77162,-78.67425967,259.2099915
9:42:23,09_42_23.jpg,35.77172705,-78.67446802,249.1939351,-67.58843479,-49.81091692,-1.411997819,35.77161533,-78.67430683,250.9600067
9:42:25,09_42_25.jpg,35.77171396,-78.67450289,239.2047981,-67.0463448,-53.15303301,-1.308750158,35.77161083,-78.67434933,251.3399963
9:42:27,09_42_27.jpg,35.77170051,-78.67452848,241.6912431,-66.3834279,-55.73330844,3.091030759,35.7716035,-78.67438233,244.2100067
9:42:29,09_42_29.jpg,35.7716889,-78.67455047,233.7436251,-65.5704241,-58.02066543,0.5699843418,35.77159833,-78.67440883,239.1799927
9:42:31,09_42_31.jpg,35.77167011,-78.67457302,230.2406538,-64.29326895,-60.55542569,0.2158086949,35.77158583,-78.67442967,232.8699951
9:42:33,09_42_33.jpg,35.77165466,-78.67459815,229.4124114,-62.88485898,-62.84962611,-2.36824059,35.77156933,-78.674451,224.9900055
9:42:35,09_42_35.jpg,35.77162713,-78.67461014,231.6018145,-61.30410459,-65.21113965,-3.185051811,35.77155633,-78.674479,229.9199982
9:42:37,09_42_37.jpg,35.77160912,-78.6746298,200.5990625,-59.50515761,-67.24124058,0.6072972503,35.77154217,-78.6745015,226.1900024
9:42:39,09_42_39.jpg,35.77158571,-78.67465636,212.2205902,-57.08799982,-69.84456958,-2.937908885,35.7715255,-78.67452633,222.7700043
9:42:41,09_42_41.jpg,35.77155892,-78.67467656,210.3331217,-54.6875915,-72.21509958,-1.620693149,35.77150267,-78.674554,221.3500061
9:42:43,09_42_43.jpg,35.77154009,-78.67469752,212.8948312,-52.70404774,-74.34360092,-2.333501568,35.77148267,-78.6745775,217.4799957
9:42:45,09_42_45.jpg,35.77151861,-78.67471716,203.1138056,-50.53625796,-76.60234534,-0.05578619167,35.77146667,-78.6745995,215.8200073
9:42:47,09_42_47.jpg,35.77149499,-78.67473944,210.2318625,-48.44939685,-78.9942898,-4.060882606,35.771445,-78.67462033,216.5299988
9:42:49,09_42_49.jpg,35.77146928,-78.67476435,221.4561086,-46.09112386,-81.61050586,-2.717317386,35.7714245,-78.67464433,216.3000031
9:42:51,09_42_51.jpg,35.7714508,-78.67478201,201.3273548,-44.27172971,-83.61535977,-2.623483988,35.77141283,-78.67466883,nan
9:42:53,09_42_53.jpg,35.77143657,-78.67479607,224.8523308,-42.90196816,-85.01448799,-2.727729523,35.7714,-78.67468433,nan
9:42:55,09_42_55.jpg,35.77142122,-78.67480676,219.0291478,-41.51048385,-86.51075763,-2.255759642,35.771385,-78.67468833,nan
9:42:57,09_42_57.jpg,35.77139635,-78.67482061,208.3729261,-39.32231805,-88.56662284,-1.8475178,35.77136167,-78.67470917,212.0399933
9:42:59,09_42_59.jpg,35.77136999,-78.67483749,203.5781469,-36.95557215,-90.72189311,-2.787712417,35.77133083,-78.67471983,203.8699951
9:43:02,09_43_02.jpg,35.77134446,-78.67485338,209.534408,-34.60563129,-93.01227104,-4.330638969,35.77130517,-78.67475783,213.7400055
9:43:04,09_43_04.jpg,35.7713226,-78.67487364,208.4501664,-32.80824199,-95.43875305,-4.949520442,35.7712895,-78.67478267,221.4799957
9:43:06,09_43_06.jpg,35.77130175,-78.67489386,230.7311711,-30.73532936,-97.54622722,-4.380099044,35.7712675,-78.6748035,214.6399994
9:43:08,09_43_08.jpg,35.77128132,-78.6749155,216.3051247,-28.68410036,-99.83127314,-4.043850049,35.77125933,-78.674815,212.8399963
9:43:10,09_43_10.jpg,35.7712566,-78.67493627,216.3560779,-26.66788901,-102.4205202,-2.725975859,35.771249,-78.67484883,nan
9:43:12,09_43_12.jpg,35.77123052,-78.67495556,215.3812659,-24.21714089,-104.7943735,-2.686797668,35.77123017,-78.67487633,216.9900055
9:43:14,09_43_14.jpg,35.77121082,-78.67497375,211.8326092,-22.02085227,-106.6541908,-1.505002467,35.77120717,-78.67488667,205.3800049
9:43:16,09_43_16.jpg,35.77118966,-78.67498634,202.6041795,-19.96531535,-108.1275468,-2.612249885,35.77120417,-78.674915,nan
9:43:18,09_43_18.jpg,35.77116962,-78.67500307,215.5214635,-17.64670274,-109.9231253,-2.393843949,35.77119283,-78.674938,211.6100006
9:43:20,09_43_20.jpg,35.77114898,-78.67501973,219.0756669,-15.76522646,-111.7293045,-4.120022807,35.77117733,-78.67496283,211.7899933
9:43:22,09_43_22.jpg,35.77112386,-78.67503581,211.1436485,-13.59348116,-113.9179124,-3.525122295,35.77116083,-78.674989,214.4100037
9:43:24,09_43_24.jpg,35.77109221,-78.67504394,205.8285425,-11.36889874,-115.8023067,-4.20796397,35.77114667,-78.6750145,214.8200073
9:43:26,09_43_26.jpg,35.7710727,-78.67506011,200.7072689,-9.66144728,-117.6974213,-3.347237711,35.771127,-78.67503017,nan
9:43:28,09_43_28.jpg,35.77105567,-78.67508394,214.5860365,-7.668101039,-119.858129,-2.447957063,35.77111383,-78.6750475,205.6499939
9:43:30,09_43_30.jpg,35.77103867,-78.6751059,212.5888426,-5.788100588,-121.5609192,-4.503359479,35.77109667,-78.6750635,201.9100037
9:43:32,09_43_32.jpg,35.77101425,-78.67512446,208.1937306,-3.415699239,-123.7036133,-0.8136616937,35.77107167,-78.67507233,197.6199951
9:43:34,09_43_34.jpg,35.77098888,-78.6751395,203.2653688,-0.9376319716,-125.6679078,-5.470797483,35.7710405,-78.67508567,200.1000061
9:43:37,09_43_37.jpg,35.77096581,-78.67515739,213.2794923,1.354121242,-127.9234287,-2.839041912,35.77100133,-78.67510783,206.0299988
9:43:39,09_43_39.jpg,35.77094098,-78.675171,209.0073192,3.623027999,-130.4229587,-2.47291,35.77097733,-78.6751265,209.3300018
9:43:41,09_43_41.jpg,35.77091168,-78.67518167,221.6652763,5.810108791,-132.7357348,-1.938859422,35.770953,-78.67514533,212.5399933
9:43:43,09_43_43.jpg,35.77088365,-78.67519657,211.6795911,7.908477038,-135.1684582,-3.149565794,35.77092333,-78.67516217,209.1799927
9:43:45,09_43_45.jpg,35.77085766,-78.67520925,210.4557934,10.37127957,-137.490573,-2.571491921,35.77090533,-78.67518683,212.3000031
9:43:47,09_43_47.jpg,35.77083488,-78.67522189,211.1816739,12.52560232,-139.6011367,-1.112130209,35.7708875,-78.67520483,211.4499969
9:43:49,09_43_49.jpg,35.77081577,-78.6752335,215.2357928,14.06826945,-141.186017,-0.3326282537,35.77087283,-78.67521817,209.8000031
9:43:51,09_43_51.jpg,35.77079123,-78.67524671,216.9912154,15.92941042,-143.1914882,-3.365008434,35.77085583,-78.675239,212.3099976
9:43:53,09_43_53.jpg,35.77076156,-78.67527164,214.3767991,18.50150362,-146.2950182,-2.997744855,35.77083283,-78.67526817,216.9799957
9:43:55,09_43_55.jpg,35.77073254,-78.67529098,208.2741504,21.05448891,-148.7107603,0.4597190578,35.77080183,-78.6752895,209.8300018
9:43:57,09_43_57.jpg,35.77070726,-78.67530556,226.9964301,23.35440535,-150.9061069,-1.736566592,35.7707805,-78.67531133,208.0599976
9:43:59,09_43_59.jpg,35.77068457,-78.67532549,212.9704735,25.37834314,-152.9570624,-1.36660569,35.770758,-78.67532617,204.4400024
9:44:01,09_44_01.jpg,35.77065982,-78.67534277,210.1218218,27.89516768,-155.0723539,0.1015507716,35.77074433,-78.67535733,212.4100037
9:44:03,09_44_03.jpg,35.77063508,-78.67536312,211.7230227,30.23329534,-157.3298296,-1.905347938,35.770726,-78.67538,214.2799988
9:44:05,09_44_05.jpg,35.77061184,-78.67537815,224.9309412,32.22754493,-159.4827251,-3.341496698,35.7707045,-78.6754005,215.7400055
9:44:07,09_44_07.jpg,35.77058836,-78.67539967,218.1130881,34.14488331,-161.9999383,-0.2559065669,35.770687,-78.6754225,221.2899933
9:44:10,09_44_10.jpg,35.77056175,-78.67542009,207.4063384,36.49317854,-164.3579461,-1.238077789,35.77067017,-78.6754705,234.8300018
9:44:12,09_44_12.jpg,35.77053413,-78.67543702,205.6913271,38.76441696,-166.3912877,-0.4084354359,35.770649,-78.67549267,223.0399933
9:44:14,09_44_14.jpg,35.77050729,-78.67545315,212.5224407,41.33009188,-168.5449042,-0.8052964988,35.77062183,-78.67550933,210.9700012
9:44:16,09_44_16.jpg,35.77048295,-78.67547193,221.3236946,43.45147709,-170.6918737,0.8348752789,35.77060017,-78.67553267,211.9600067
9:44:18,09_44_18.jpg,35.77045962,-78.67549092,213.9869983,45.60707994,-173.1403118,-2.436053576,35.77057933,-78.6755505,212.3600006
9:44:20,09_44_20.jpg,35.77043462,-78.67550851,207.9270718,47.93077384,-175.5488279,-1.868913671,35.77055983,-78.6755705,222.6100006
9:44:22,09_44_22.jpg,35.77040582,-78.67552925,223.2036985,50.4964031,-178.1908681,-3.275145835,35.770533,-78.6755895,219.1799927
9:44:24,09_44_24.jpg,35.77037716,-78.67555265,209.7107586,53.06587274,-180.8822954,-0.9544229649,35.77050133,-78.67560933,210.2200012
9:44:26,09_44_26.jpg,35.7703496,-78.67557734,214.5860566,55.64944239,-183.7542655,-1.013707971,35.77046933,-78.675632,212.6100006
9:44:28,09_44_28.jpg,35.77032434,-78.67559844,210.0304492,57.94953575,-186.1579195,-0.08348620992,35.77043767,-78.6756475,207.3300018
9:44:30,09_44_30.jpg,35.7703013,-78.67561843,212.7507092,60.22777888,-188.3841868,-1.642573043,35.77041133,-78.67566667,206.4700012
9:44:32,09_44_32.jpg,35.7702758,-78.67563522,211.9164278,62.29899237,-190.5269096,-1.286727571,35.77038767,-78.67568583,210.7299957
9:44:34,09_44_34.jpg,35.77025232,-78.67565303,211.7260362,64.28811836,-192.7555471,-2.190329299,35.77036067,-78.6756965,207.4400024
9:44:36,09_44_36.jpg,35.77023137,-78.6756714,211.6648937,66.33293063,-195.0137249,-2.622658714,35.77034117,-78.675716,210.3600006
9:44:38,09_44_38.jpg,35.77020993,-78.67568795,208.3456936,68.35157914,-196.9439641,-2.731362217,35.77032117,-78.675731,nan
9:44:40,09_44_40.jpg,35.77018737,-78.67570249,205.3058165,70.49108447,-198.6884553,-1.792034415,35.7702985,-78.67574783,211.9499969
9:44:42,09_44_42.jpg,35.77015763,-78.67571654,212.9825152,73.14467647,-200.6452917,-6.809133552,35.77027467,-78.67576633,210.7100067
9:44:44,09_44_44.jpg,35.77013176,-78.67573597,215.1189703,75.68352375,-202.9633389,-2.807291447,35.7702495,-78.67578617,212.5
9:44:46,09_44_46.jpg,35.77010993,-78.67575505,210.1686141,78.10981316,-205.3608905,-3.173835693,35.7702285,-78.67580567,213.1199951
9:44:48,09_44_48.jpg,35.7700873,-78.67577195,208.378841,80.42518065,-207.5292205,-2.679931826,35.770211,-78.67582567,212.1699982
9:44:50,09_44_50.jpg,35.77006759,-78.67578788,218.3438836,82.28209823,-209.2448654,-0.9765146289,35.77018967,-78.67584,211.8000031
9:44:53,09_44_53.jpg,35.77004773,-78.67581242,204.7706575,84.5030711,-211.3144545,-3.270866312,35.77016867,-78.6758765,216.8600006
9:44:55,09_44_55.jpg,35.77002481,-78.67583154,201.6765343,87.05239113,-213.2680641,-2.150838014,35.77015317,-78.67590383,223.1399994
9:44:57,09_44_57.jpg,35.77000377,-78.67584412,192.0414032,89.49829958,-214.7174444,-1.124966073,35.7701285,-78.67591467,208.1399994
9:44:59,09_44_59.jpg,35.76998051,-78.67584578,165.4803748,92.18458678,-215.3091191,-1.366231903,35.77010367,-78.67591717,191.8099976
9:45:01,09_45_01.jpg,35.76995276,-78.67583321,132.9029223,95.71074354,-214.6898691,1.277852313,35.77006617,-78.675901,168.3600006
9:45:03,09_45_03.jpg,35.76993752,-78.67580663,121.3758374,97.88152128,-212.615148,2.437944715,35.77003617,-78.6758685,132.0899963
9:45:05,09_45_05.jpg,35.76993298,-78.67577536,85.4805026,98.76494374,-210.0430084,2.465485899,35.77002067,-78.675841,119.3199997
9:45:07,09_45_07.jpg,35.76993642,-78.6757381,88.35605917,99.33885339,-206.5930396,2.64234456,35.770016,-78.67580833,101.0100021
9:45:09,09_45_09.jpg,35.76993948,-78.67569918,92.48637741,100.102831,-203.0192026,2.212944917,35.77001217,-78.67577467,94.69000244
9:45:11,09_45_11.jpg,35.76993972,-78.67566594,93.30117716,101.0535105,-200.1368649,1.064422385,35.7699975,-78.67573683,94.58000183
9:45:13,09_45_13.jpg,35.76993714,-78.67563134,81.83702572,101.9837414,-197.1227453,2.163840156,35.76998667,-78.67570167,99.01000214
9:45:15,09_45_15.jpg,35.76994199,-78.67559716,76.80718507,102.2529077,-194.0570345,1.502062507,35.76998433,-78.67566833,90.87000275
9:45:17,09_45_17.jpg,35.76994847,-78.67556145,78.5725308,102.0590065,-190.7600147,0.3399186425,35.7699895,-78.67563583,78.19000244
9:45:19,09_45_19.jpg,35.76995134,-78.67552409,83.84729639,102.5843013,-187.6400707,0.6216861766,35.76998933,-78.67560083,81.0
9:45:21,09_45_21.jpg,35.76995404,-78.67549054,84.09980058,102.8426169,-184.6955747,-0.5911453873,35.7699855,-78.6755655,87.44000244
9:45:23,09_45_23.jpg,35.76995995,-78.67545654,80.38391902,103.0213853,-181.3218902,2.618358443,35.76998767,-78.675532,84.69999695
9:45:25,09_45_25.jpg,35.76996585,-78.67542122,79.44311688,103.2145976,-177.8683428,-0.3528357556,35.76999267,-78.67549583,80.84999847
9:45:27,09_45_27.jpg,35.76996918,-78.6753841,84.46684647,103.5906685,-174.3257824,2.067270393,35.76999983,-78.67545983,79.06999969
9:45:29,09_45_29.jpg,35.7699719,-78.67534935,86.60682576,103.972768,-171.305443,0.5003760033,35.76999883,-78.67542483,85.19000244
9:45:32,09_45_32.jpg,35.76997529,-78.67531407,84.61187028,104.2737891,-167.8750993,0.7229534138,35.77000083,-78.6753755,85.81999969
9:45:34,09_45_34.jpg,35.76997829,-78.67527538,81.01799754,104.6061499,-164.4371259,0.1949071968,35.7700035,-78.675339,83.97000122
9:45:36,09_45_36.jpg,35.76998223,-78.67524588,91.90534456,105.0203266,-161.1318709,2.07421868,35.77000467,-78.67530533,87.43000031
9:45:38,09_45_38.jpg,35.76998529,-78.67521627,88.83006502,105.60903,-158.0381002,2.040285814,35.7700005,-78.67527417,93.66999817
9:45:40,09_45_40.jpg,35.76998572,-78.67518164,83.68134532,106.2350324,-154.7578031,-1.108188126,35.7699965,-78.675239,94.38999939
9:45:42,09_45_42.jpg,35.76998924,-78.67514197,84.5854329,106.8545484,-150.8193725,0.6981848452,35.76999767,-78.67520033,87.83000183
9:45:44,09_45_44.jpg,35.76999604,-78.67510154,83.35472179,107.2097599,-146.8474236,0.6330673982,35.77000383,-78.67515983,85.37000275
9:45:46,09_45_46.jpg,35.77000215,-78.67506671,83.55324462,107.4837695,-143.559407,0.5087641066,35.77000983,-78.6751245,82.59999847
9:45:48,09_45_48.jpg,35.77000722,-78.67503882,77.44586446,107.7303776,-140.7619691,0.5398600454,35.770009,-78.67509883,94.63999939
9:45:50,09_45_50.jpg,35.77001059,-78.67500368,83.91736158,108.1192542,-137.513806,2.618024458,35.77001433,-78.6750665,82.84999847
9:45:52,09_45_52.jpg,35.77001305,-78.67497966,82.47007322,108.4179691,-135.2888546,0.7786639078,35.770012,-78.67503367,90.37999725
9:45:54,09_45_54.jpg,35.77001617,-78.67495146,79.78833626,108.6540823,-132.672798,0.4499911725,35.77001417,-78.67500833,93.40000153
9:45:56,09_45_56.jpg,35.77001853,-78.67492134,82.45101254,108.9086351,-129.983021,-1.410452215,35.770017,-78.67497633,90.80999756
9:45:58,09_45_58.jpg,35.77002433,-78.67488928,77.07535692,109.1172864,-126.9064107,-0.9797503076,35.77002067,-78.674946,87.48000336
9:46:00,09_46_00.jpg,35.7700357,-78.67486555,39.63059684,108.3176369,-124.4260813,3.939724883,35.77002483,-78.6749135,78.62000275
9:46:03,09_46_03.jpg,35.77005892,-78.6748503,30.09868762,106.1775993,-122.5570345,3.638967744,35.770062,-78.67488883,35.34999847
9:46:05,09_46_05.jpg,35.77008657,-78.67483221,38.73620986,103.6144528,-120.2608707,2.66069209,35.77008767,-78.67486867,32.79000092
9:46:07,09_46_07.jpg,35.77011288,-78.67481149,36.75624075,101.2387809,-117.732473,3.63872913,35.770115,-78.67484883,33.00999832
9:46:09,09_46_09.jpg,35.77014005,-78.67478619,39.88883768,98.9888365,-114.9009546,1.445441499,35.77014017,-78.674828,39.15999985
9:46:11,09_46_11.jpg,35.77016468,-78.67476306,34.28687698,96.82482244,-112.3399531,2.379337372,35.770165,-78.6747995,37.15999985
9:46:13,09_46_13.jpg,35.77019233,-78.67474308,28.54876404,94.2683904,-109.7515098,0.5433189184,35.77019067,-78.674776,34.25
9:46:15,09_46_15.jpg,35.77021939,-78.67472118,30.39471104,91.82922734,-107.2048535,3.52696722,35.77021517,-78.67475167,31.92000008
9:46:17,09_46_17.jpg,35.77024336,-78.67470477,35.53767779,89.63205182,-105.018143,1.853446115,35.77023717,-78.6747345,28.94000053
9:46:19,09_46_19.jpg,35.77026618,-78.6746865,33.61299792,87.78716887,-102.928211,3.640612354,35.77025383,-78.67471767,31.44000053
9:46:21,09_46_21.jpg,35.77028518,-78.67466743,29.33110096,85.81518163,-100.8486415,3.507855848,35.77026867,-78.67470033,38.70999908
9:46:23,09_46_23.jpg,35.77030409,-78.67464771,38.95734061,84.09356951,-98.8014787,2.626862456,35.77028483,-78.67468,42.40999985
9:46:25,09_46_25.jpg,35.77032527,-78.67463164,34.57894603,82.34336278,-96.71283737,4.830680756,35.7703035,-78.67465683,42.18999863
9:46:27,09_46_27.jpg,35.77034546,-78.67461362,28.12004713,80.45743007,-94.81081763,1.740868621,35.77032183,-78.67463967,36.27000046
9:46:29,09_46_29.jpg,35.77037247,-78.67459184,25.32495304,77.86199933,-92.34068857,4.091378453,35.770345,-78.67461633,36.65999985
9:46:31,09_46_31.jpg,35.77040028,-78.67457162,37.72125828,75.26500427,-89.97784134,0.989576924,35.77037217,-78.674594,33.70000076
9:46:33,09_46_33.jpg,35.77042541,-78.67455084,34.51345505,72.92322891,-87.63936758,0.3968660908,35.77039633,-78.67457633,33.29999924
9:46:35,09_46_35.jpg,35.770452,-78.67453013,29.27711751,70.42978848,-85.26069012,1.51935162,35.770421,-78.67455767,34.59000015
9:46:37,09_46_37.jpg,35.77048124,-78.67451518,49.35107795,67.83701585,-83.12100972,-4.348962988,35.77045033,-78.67454367,27.96999931
9:46:39,09_46_39.jpg,35.77050099,-78.67449691,41.26611248,65.85873414,-80.86919247,-0.8663175964,35.770471,-78.6745255,35.29999924
9:46:41,09_46_41.jpg,35.77052201,-78.67447388,31.12695318,63.76971332,-78.33828312,1.000690966,35.77049117,-78.674503,39.68000031
9:46:44,09_46_44.jpg,35.7705469,-78.67445663,30.56523694,61.42462294,-76.29474962,-1.693507933,35.77052617,-78.67447767,30.87999916
9:46:46,09_46_46.jpg,35.77057541,-78.67443947,26.84050953,58.83206907,-74.05249986,0.8611074391,35.77055267,-78.67446167,27.18000031
9:46:48,09_46_48.jpg,35.77060365,-78.67442279,32.19463671,56.18468395,-71.66246719,-3.442430545,35.77058167,-78.67444383,27.77000046
9:46:50,09_46_50.jpg,35.7706239,-78.67440274,38.34687801,54.16882851,-69.50480997,-0.794918481,35.77060467,-78.67442483,29.57999992
9:46:52,09_46_52.jpg,35.77064367,-78.6743777,32.15724596,52.2190389,-67.18326619,1.367906341,35.770626,-78.6744065,35.0
9:46:54,09_46_54.jpg,35.77066693,-78.67436236,45.29057085,50.17104759,-64.99722506,-1.6227664,35.77064683,-78.67439283,32.72000122
9:46:56,09_46_56.jpg,35.77068562,-78.67433959,27.783153,48.3933666,-62.63260515,1.339261403,35.7706615,-78.67437483,36.58000183
9:46:58,09_46_58.jpg,35.77071148,-78.67431556,27.28458358,45.91577858,-60.08575057,1.611871042,35.77068333,-78.67435683,32.90999985
9:47:00,09_47_00.jpg,35.77073825,-78.67430449,22.94379972,43.37818608,-58.13736137,0.228014659,35.77070717,-78.67432967,35.88000107
9:47:02,09_47_02.jpg,35.77076171,-78.67428648,35.1636557,41.33897362,-55.93023894,3.221455082,35.77072967,-78.67431067,35.38999939
9:47:04,09_47_04.jpg,35.77078127,-78.67426841,46.67860103,39.37846383,-53.88252195,-0.7297563089,35.77075,-78.6743,31.30999947
9:47:06,09_47_06.jpg,35.77080572,-78.67424353,38.10206701,37.29873911,-50.92618232,1.880557697,35.7707735,-78.67427833,37.52999878
9:47:08,09_47_08.jpg,35.77082913,-78.67422328,28.77548,35.21376428,-48.54564412,1.544898231,35.7707975,-78.67425967,36.43999863
9:47:10,09_47_10.jpg,35.77086227,-78.67420611,23.30997539,32.3081126,-46.16716816,1.439170095,35.770826,-78.67423967,32.97000122
9:47:12,09_47_12.jpg,35.77089133,-78.67418809,20.38448831,29.56635456,-43.86794917,0.3076952919,35.77085633,-78.674228,24.11000061
9:47:14,09_47_14.jpg,35.77091064,-78.67416876,37.62834276,27.80492414,-41.62565032,0.8408240459,35.7708745,-78.67421383,31.02000046
9:47:16,09_47_16.jpg,35.77093163,-78.67414872,40.84975701,25.77892766,-39.41659752,1.322677543,35.77089367,-78.67419867,35.40999985
9:47:18,09_47_18.jpg,35.77095465,-78.67413683,25.6987116,23.78838062,-37.71379721,2.668174446,35.77091467,-78.67418617,29.89999962
9:47:20,09_47_20.jpg,35.770977,-78.67412451,30.38885489,21.80911698,-35.84113512,1.687915124,35.770935,-78.67417367,28.25
9:47:22,09_47_22.jpg,35.7709984,-78.67410601,48.29520995,19.91886942,-33.72719836,-0.06999582825,35.7709575,-78.674158,29.38999939
9:47:25,09_47_25.jpg,35.77101968,-78.67408427,35.78488003,18.07507548,-31.44799437,3.135666225,35.77099083,-78.67413167,35.45000076
9:47:27,09_47_27.jpg,35.77104437,-78.67406713,24.73232704,15.56565974,-29.08480118,2.303036495,35.771016,-78.67411767,28.10000038
9:47:29,09_47_29.jpg,35.77107358,-78.6740522,16.59267671,12.79124375,-26.90788971,0.8742553411,35.77104383,-78.67410133,23.47999954
9:47:31,09_47_31.jpg,35.7711027,-78.67403659,19.97444241,10.03545221,-24.65331944,1.182953773,35.77106367,-78.67408517,26.63999939
9:47:33,09_47_33.jpg,35.77112881,-78.67402238,28.57149455,7.551037567,-22.74872941,-0.5677997001,35.77108933,-78.67407117,25.85000038
9:47:35,09_47_35.jpg,35.77115542,-78.67400053,27.75101001,5.145313035,-20.19569273,2.614397977,35.77111317,-78.67404967,30.98999977
9:47:37,09_47_37.jpg,35.77117925,-78.6739837,27.11885957,2.910428238,-18.05620505,-0.4343559969,35.7711385,-78.67403633,29.47999954
9:47:39,09_47_39.jpg,35.7712021,-78.67396767,29.71576759,0.8443241849,-15.97324389,1.70039531,35.77116167,-78.67402217,30.98999977
9:47:41,09_47_41.jpg,35.77122252,-78.67395325,36.5302992,-0.9121895818,-14.08351536,0.3238447727,35.7711795,-78.6740075,30.47999954
9:47:43,09_47_43.jpg,35.77123863,-78.67393706,29.45940779,-2.542379678,-12.36700053,1.594893844,35.771199,-78.67399467,27.60000038
9:47:45,09_47_45.jpg,35.77125818,-78.67392248,35.2314397,-4.29734478,-10.69943239,-0.179660541,35.771217,-78.67398217,26.95999908
9:47:47,09_47_47.jpg,35.77128384,-78.67390467,23.33267938,-6.479948148,-8.659070175,2.61318136,35.7712385,-78.67396967,23.93000031
9:47:49,09_47_49.jpg,35.77130917,-78.67389177,15.44795667,-9.102975056,-6.870000118,1.710887974,35.771264,-78.67395667,21.12000084
9:47:51,09_47_51.jpg,35.77132948,-78.67388604,11.49119027,-10.99945712,-5.819112789,2.981726945,35.77128767,-78.67395117,11.28999996
9:47:53,09_47_53.jpg,35.77135347,-78.67388002,13.0343118,-13.39472526,-4.688253632,3.15754952,35.771307,-78.6739535,11.11999989
9:47:55,09_47_55.jpg,35.77138315,-78.67387328,4.197095703,-16.44923033,-3.428431032,0.7264838811,35.77133417,-78.673953,6.980000019
9:47:57,09_47_57.jpg,35.77141316,-78.67387298,358.5311993,-19.54406821,-2.685901313,2.821867262,35.77136267,-78.673947,2.069999933
9:47:59,09_47_59.jpg,35.77143643,-78.67387634,354.4621894,-22.06425102,-2.348406472,1.877788824,35.77138367,-78.67394967,356.0899963
9:48:01,09_48_01.jpg,35.77146166,-78.67388271,339.1959412,-24.97320808,-2.273284366,1.889041695,35.7714035,-78.67395117,349.9200134
9:48:04,09_48_04.jpg,35.77148647,-78.67388405,339.9739109,-28.06200578,-2.586581838,1.110650983,35.77143967,-78.67396833,340.6799927
9:48:06,09_48_06.jpg,35.77150604,-78.67389355,331.8973304,-30.38355148,-3.103358014,0.550923943,35.77145883,-78.67398567,328.769989
9:48:08,09_48_08.jpg,35.77152964,-78.67391093,328.8584782,-33.1342638,-3.835354293,1.22042641,35.771479,-78.67399783,329.730011
9:48:10,09_48_10.jpg,35.77155569,-78.67393565,320.3036792,-36.48967187,-5.06443867,-0.8371772469,35.77149883,-78.6739995,332.5799866
9:48:12,09_48_12.jpg,35.77158333,-78.67396022,323.1843854,-39.89490016,-6.391766177,1.920400204,35.77152617,-78.67401783,330.4599915
9:48:14,09_48_14.jpg,35.77160763,-78.67399075,314.5588949,-43.19015324,-8.229843175,2.378679839,35.7715465,-78.674043,322.8099976
9:48:16,09_48_16.jpg,35.77162567,-78.67401722,305.5600677,-45.78066005,-10.17149883,1.493473006,35.7715625,-78.6740685,312.2200012
9:48:18,09_48_18.jpg,35.77164756,-78.67404598,308.960458,-48.63616312,-12.17558552,2.070021238,35.77158217,-78.67409883,312.2600098
9:48:20,09_48_20.jpg,35.7716672,-78.67408091,301.92404,-51.52719998,-14.76227517,-0.8515665707,35.77160183,-78.6741095,316.8599854
9:48:22,09_48_22.jpg,35.77168259,-78.67411552,299.3100071,-53.92047875,-17.29647982,-0.8313916827,35.771625,-78.6741385,314.0899963
9:48:24,09_48_24.jpg,35.77169484,-78.67413592,303.3159981,-55.57234052,-18.83454458,0.291165639,35.77164183,-78.67416367,311.6900024
9:48:26,09_48_26.jpg,35.77170526,-78.67415762,301.3970839,-57.00493863,-20.43145966,-0.844411134,35.77165333,-78.674184,313.0299988
9:48:28,09_48_28.jpg,35.77171515,-78.67417934,303.366366,-58.66893472,-22.22418865,0.2356085369,35.77166067,-78.67421533,301.3699951
9:48:30,09_48_30.jpg,35.7717254,-78.67420796,291.4706148,-60.24699322,-24.43487254,0.7396961402,35.77166883,-78.67424,296.9500122
9:48:32,09_48_32.jpg,35.77173189,-78.67423867,284.4207731,-61.72712044,-26.89990451,-0.7471498012,35.77166983,-78.674252,nan
9:48:34,09_48_34.jpg,35.77173611,-78.67426625,284.6102813,-62.78279458,-28.9753989,-0.2053035601,35.77166333,-78.67426883,nan
9:48:37,09_48_37.jpg,35.77174125,-78.67429132,280.5576469,-63.79898064,-30.97145872,-0.5452311728,35.77168117,-78.67432217,290.9599915
9:48:39,09_48_39.jpg,35.77174384,-78.6743243,275.6786616,-64.7498718,-33.64871102,0.2136834355,35.77167617,-78.67434433,nan
9:48:41,09_48_41.jpg,35.77174484,-78.6743587,263.8154915,-65.71210269,-36.88901729,0.4872993779,35.77167867,-78.67437317,277.5700073
9:48:43,09_48_43.jpg,35.77174409,-78.67439486,260.5852706,-66.10195429,-39.93625027,-0.7085717919,35.77167233,-78.6743995,268.019989
9:48:45,09_48_45.jpg,35.77173907,-78.67443165,266.3237114,-66.27967909,-43.25580128,0.9824412064,35.7716775,-78.67443433,270.9700012
9:48:47,09_48_47.jpg,35.77173137,-78.6744667,244.0205752,-66.24308344,-46.6958154,0.880565022,35.7716645,-78.67446667,262.5799866
9:48:49,09_48_49.jpg,35.77172243,-78.67449544,249.7530357,-65.86232018,-49.28967289,-1.517044686,35.7716415,-78.67447617,nan
9:48:51,09_48_51.jpg,35.7717122,-78.67451642,239.1529353,-65.19824019,-51.96675902,-0.4052391667,35.771606,-78.67446983,nan
9:48:53,09_48_53.jpg,35.77169561,-78.67454354,238.1874792,-64.22215587,-54.83575246,-1.005294301,35.771588,-78.674478,229.3999939
9:48:55,09_48_55.jpg,35.77167578,-78.67456878,235.7460915,-62.86478914,-57.8714623,-3.397361065,35.77156317,-78.6744855,222.8899994
9:48:57,09_48_57.jpg,35.77165651,-78.67458803,225.6334967,-61.40449307,-60.1618273,-3.290430768,35.7715455,-78.67449817,218.1199951
9:48:59,09_48_59.jpg,35.77163189,-78.67460965,222.3675651,-59.47845296,-62.58258061,-3.952578074,35.77152217,-78.67451333,218.9100037
9:49:02,09_49_02.jpg,35.77160625,-78.67463051,205.1027684,-57.15237322,-65.18990506,-5.027474158,35.771495,-78.674548,221.1799927
9:49:04,09_49_04.jpg,35.77158763,-78.67465194,208.9329405,-55.20170649,-67.70105122,-2.572238792,35.77146917,-78.67456667,218.9499969
9:49:06,09_49_06.jpg,35.77156534,-78.67467006,215.2772019,-53.10268229,-69.97694836,-3.189583722,35.77145267,-78.67458717,216.8800049
9:49:08,09_49_08.jpg,35.77154475,-78.67469121,213.5833053,-51.13888306,-72.47697466,-4.742803223,35.7714465,-78.674621,220.3300018
9:49:10,09_49_10.jpg,35.77152214,-78.67470691,211.2647057,-48.90040558,-74.54772379,-4.764385178,35.7714355,-78.67464833,224.2400055
9:49:12,09_49_12.jpg,35.77149644,-78.67472092,212.8101843,-46.81515762,-76.61416712,-2.647400992,35.77142433,-78.67467483,nan
9:49:14,09_49_14.jpg,35.77147234,-78.67473733,203.3607174,-44.82327851,-78.8219198,-5.640087021,35.77140933,-78.67469767,226.1000061
9:49:16,09_49_16.jpg,35.77144647,-78.67475752,213.5214566,-42.69841497,-80.98233869,-4.509814223,35.77140267,-78.67471383,nan
9:49:18,09_49_18.jpg,35.77142659,-78.67477875,211.2678962,-40.5238734,-83.2331299,-5.17930932,35.77138417,-78.67473033,nan
9:49:20,09_49_20.jpg,35.77140746,-78.67480173,215.9754594,-38.51699536,-85.44690578,-3.74607668,35.77136583,-78.67475067,nan
9:49:22,09_49_22.jpg,35.77138439,-78.67481985,219.6803994,-36.49007557,-87.48286231,-6.72233483,35.771348,-78.67476983,nan
9:49:24,09_49_24.jpg,35.77136099,-78.67483177,209.1983303,-34.60120039,-89.49510699,-1.215619805,35.77133983,-78.67479433,nan
9:49:26,09_49_26.jpg,35.7713357,-78.67485495,216.5003409,-32.71361161,-91.71737205,-3.604685877,35.77132483,-78.67481333,nan
9:49:28,09_49_28.jpg,35.77130576,-78.67486902,202.9416605,-30.24179323,-94.37799363,-3.497947353,35.77131183,-78.6748395,nan
9:49:30,09_49_30.jpg,35.77127745,-78.67488388,212.4928495,-27.87386212,-96.46974815,-3.43810315,35.77129333,-78.67485817,nan
9:49:32,09_49_32.jpg,35.77124761,-78.67489129,207.8859812,-25.67334473,-98.4525132,-3.66722123,35.77127167,-78.67486817,nan
9:49:34,09_49_34.jpg,35.77122311,-78.67490877,211.6020837,-23.62685024,-100.5082623,-3.743916115,35.7712505,-78.67487067,nan
9:49:36,09_49_36.jpg,35.7711998,-78.67492591,213.6529107,-21.48580703,-102.5868541,-5.78438552,35.77122067,-78.67488033,206.3999939
9:49:38,09_49_38.jpg,35.77118468,-78.67494791,207.1381635,-19.63401393,-104.5516526,-4.275195137,35.7712025,-78.67490767,206.3899994
9:49:40,09_49_40.jpg,35.77116098,-78.67496789,213.4475186,-17.39503426,-106.7225115,-4.135194693,35.77119067,-78.67493283,206.7899933
9:49:42,09_49_42.jpg,35.77113617,-78.67498925,208.4575524,-14.88690453,-108.9324265,-4.74765638,35.77116967,-78.674961,211.1699982
9:49:44,09_49_44.jpg,35.77111948,-78.67500626,215.3071266,-12.94621918,-110.6810122,-6.532716927,35.77115267,-78.674984,nan
9:49:47,09_49_47.jpg,35.77110517,-78.67501382,215.5657502,-11.59437675,-112.0906242,-5.543843343,35.771119,-78.67499533,nan
9:49:49,09_49_49.jpg,35.77109045,-78.67501939,205.3900807,-10.3327397,-113.0907086,-8.27735834,35.7711175,-78.675013,nan
9:49:51,09_49_51.jpg,35.77108619,-78.67502407,238.2097102,-9.81744485,-113.440173,-7.216747199,35.77111217,-78.6750175,nan
9:49:53,09_49_53.jpg,35.77108735,-78.67502656,238.2097102,-9.817429078,-113.4494141,-6.514583223,35.77111567,-78.675023,nan
9:49:55,09_49_55.jpg,35.77107252,-78.67503349,210.6349008,-8.775310804,-114.2872378,-3.970502809,35.77110033,-78.67502367,nan
9:49:57,09_49_57.jpg,35.77105981,-78.67504907,199.5296394,-6.960216453,-115.5119674,-3.248624763,35.77107383,-78.675026,194.3200073
9:49:59,09_49_59.jpg,35.77105561,-78.67505977,221.6466595,-5.970224128,-116.2835048,-2.989798162,35.77105767,-78.67502967,nan
9:50:01,09_50_01.jpg,35.77105634,-78.67505874,210.0797625,-5.803204365,-116.4335714,-2.664317883,35.77105583,-78.67503683,nan
9:50:03,09_50_03.jpg,35.77105931,-78.67505934,210.0797625,-5.8180909,-116.407016,-2.662873174,35.77104983,-78.67503617,nan
9:50:05,09_50_05.jpg,35.77106362,-78.67506163,210.0797625,-5.825481402,-116.4086667,-2.557194812,35.77107,-78.67505417,nan
9:50:07,09_50_07.jpg,35.77106634,-78.67506144,210.0797625,-5.782999805,-116.4201229,-2.542896662,35.77105733,-78.6750455,nan
9:50:09,09_50_09.jpg,35.7710697,-78.67506215,210.0797625,-5.815634067,-116.4006046,-2.650026267,35.77105883,-78.6750475,nan
9:50:11,09_50_11.jpg,35.77107048,-78.67506186,210.0797625,-5.799999022,-116.4021011,-2.670725067,35.77104567,-78.6750375,nan
9:50:13,09_50_13.jpg,35.77107047,-78.67506279,210.0797625,-5.807317553,-116.4167343,-2.674951364,35.77104,-78.67502983,nan
9:50:15,09_50_15.jpg,35.77107088,-78.67506295,210.0797625,-5.806485254,-116.4192191,-2.672491379,35.77103967,-78.67503033,nan
9:50:17,09_50_17.jpg,35.77107147,-78.67506287,210.0797625,-5.813370997,-116.4170233,-2.682485814,35.77103217,-78.67502533,nan
9:50:20,09_50_20.jpg,35.77107221,-78.67506334,210.0797625,-5.816513904,-116.4165869,-2.674117465,35.77102583,-78.67502717,nan
9:50:22,09_50_22.jpg,35.77107226,-78.67506364,210.0797625,-5.815885366,-116.4172512,-2.662139412,35.77102433,-78.67502867,nan
9:50:24,09_50_24.jpg,35.77107249,-78.67506426,210.0797625,-5.808982922,-116.4165971,-2.646164216,35.77102333,-78.67503,nan
9:50:26,09_50_26.jpg,35.77107252,-78.67506443,210.0797625,-5.809298611,-116.4165442,-2.651027237,35.7710205,-78.67502817,nan
9:50:28,09_50_28.jpg,35.77107081,-78.67506459,210.0797625,-5.809433502,-116.4163469,-2.662947671,35.77102533,-78.67503083,nan
9:50:30,09_50_30.jpg,35.77107037,-78.67506497,210.0797625,-5.809701868,-116.4161741,-2.660097921,35.77102467,-78.67502667,nan
9:50:32,09_50_32.jpg,35.77106956,-78.67506283,210.0797625,-5.815321703,-116.4174417,-2.629012079,35.77102083,-78.67502383,nan
9:50:34,09_50_34.jpg,35.77106929,-78.67506138,210.0797625,-5.8109408,-116.4168166,-2.635351334,35.77102217,-78.67502267,nan
9:50:36,09_50_36.jpg,35.77106762,-78.67505884,210.0797625,-5.811035393,-116.4177252,-2.565873266,35.77102167,-78.6750215,nan
9:50:38,09_50_38.jpg,35.77105359,-78.67506731,205.7395664,-4.562237009,-117.6959767,-2.938520312,35.77101783,-78.67502767,nan
9:50:40,09_50_40.jpg,35.77102256,-78.67509099,202.5927975,-1.503501944,-120.2709121,-4.311971577,35.77098883,-78.6750465,209.3800049
9:50:42,09_50_42.jpg,35.77100144,-78.67511759,214.7188268,0.3409196306,-122.650436,-2.363924444,35.77096333,-78.67506267,208.0
9:50:44,09_50_44.jpg,35.7709758,-78.67514007,213.7610001,2.819616785,-125.4870519,-3.914865304,35.7709385,-78.67508,210.1499939
9:50:46,09_50_46.jpg,35.77095201,-78.67515363,206.5650512,5.073190703,-127.6002993,-3.586329198,35.77091783,-78.67510333,215.3800049
9:50:48,09_50_48.jpg,35.77093103,-78.67516774,216.8287664,7.03999231,-129.3812875,0.178659374,35.77089533,-78.67511667,208.9700012
9:50:50,09_50_50.jpg,35.77091036,-78.67518416,207.1425699,8.887337873,-131.222524,-2.851309201,35.77087633,-78.67513433,210.3800049
9:50:52,09_50_52.jpg,35.7708906,-78.67519577,205.626933,10.59724867,-132.6578948,-4.355341797,35.77086117,-78.6751515,nan
9:50:54,09_50_54.jpg,35.77087419,-78.67520817,220.3408815,12.32896389,-134.4039122,-0.07575168993,35.77084533,-78.67516567,209.8500061
9:50:57,09_50_57.jpg,35.77084733,-78.67522846,211.6496919,14.87023118,-136.9725425,-3.193210864,35.77081433,-78.67520083,213.4199982
9:50:59,09_50_59.jpg,35.77082622,-78.67524425,211.368252,16.97309258,-138.9660514,-2.478570116,35.77079117,-78.67521717,213.4700012
9:51:01,09_51_01.jpg,35.77080075,-78.67526318,210.8528309,19.39331073,-141.3697391,-2.370034245,35.77077117,-78.67524383,214.5700073
9:51:03,09_51_03.jpg,35.77077142,-78.67528491,212.3516634,21.99703408,-143.6912971,-3.28614499,35.77074333,-78.675266,212.6999969
9:51:05,09_51_05.jpg,35.77074738,-78.67530406,204.9588737,24.43620343,-145.8392004,-2.81109032,35.77071833,-78.67528333,207.75
9:51:07,09_51_07.jpg,35.77072362,-78.67532394,212.2742335,26.41983447,-147.9074479,-2.567087154,35.7706995,-78.67530717,211.6399994
9:51:09,09_51_09.jpg,35.77069724,-78.67534615,219.3217721,28.66127802,-150.4898316,-2.280411031,35.77067817,-78.67532933,214.2599945
9:51:11,09_51_11.jpg,35.77067334,-78.67536614,206.5992474,30.7365826,-152.820658,-2.177051739,35.77064833,-78.67534217,205.8500061
9:51:13,09_51_13.jpg,35.77065304,-78.67538422,216.2241473,32.69336442,-154.8863101,-2.531465979,35.77062433,-78.67535233,200.3500061
9:51:15,09_51_15.jpg,35.77063157,-78.67539988,215.7498477,34.64200909,-156.7638018,-2.390229412,35.77061183,-78.67537433,209.3800049
9:51:17,09_51_17.jpg,35.77061259,-78.67541931,215.8358756,36.71485502,-158.9100503,-3.466469467,35.77059433,-78.67539433,213.4900055
9:51:19,09_51_19.jpg,35.77058864,-78.67543836,210.9577463,38.84331204,-161.1031962,-1.57091633,35.77057917,-78.67542117,215.7799988
9:51:21,09_51_21.jpg,35.77056631,-78.67545487,211.3908311,40.92357368,-163.1471805,-1.207663285,35.77056183,-78.67544467,217.3699951
9:51:23,09_51_23.jpg,35.77054231,-78.67547333,213.6161375,43.17554907,-165.4115217,-0.6722022894,35.7705385,-78.67545983,210.3899994
9:51:25,09_51_25.jpg,35.77051803,-78.67549128,211.5889282,45.22182658,-167.5652941,-1.488400052,35.77051217,-78.67547117,207.3099976
9:51:27,09_51_27.jpg,35.77049272,-78.67551179,214.53862,47.57579857,-169.8093247,-2.480251943,35.77049683,-78.67549333,211.3500061
9:51:29,09_51_29.jpg,35.7704668,-78.6755356,211.7687833,50.07017857,-172.7457455,-2.280923565,35.7704685,-78.67550983,212.0700073
9:51:31,09_51_31.jpg,35.7704431,-78.67555502,219.3654896,52.17140025,-174.8462694,-4.070075612,35.77044667,-78.6755305,212.4299927
9:51:33,09_51_33.jpg,35.77042109,-78.67557377,204.9808556,54.19646932,-176.885176,-2.608481788,35.770429,-78.67555117,211.2200012
9:51:35,09_51_35.jpg,35.77039266,-78.67559611,214.1827178,56.90131594,-179.6616079,-2.835654778,35.77041433,-78.67558,216.0800018
9:51:37,09_51_37.jpg,35.77036716,-78.67561331,217.2310007,58.99177673,-181.6683686,-2.814812214,35.77038767,-78.67559983,213.9100037
9:51:40,09_51_40.jpg,35.77034346,-78.67563073,217.1466867,61.41269402,-184.1691081,-4.228470078,35.770366,-78.675636,216.7599945
9:51:42,09_51_42.jpg,35.77032103,-78.6756516,217.8954245,63.39969373,-186.6003473,-3.318688288,35.77034817,-78.67566383,218.8399963
9:51:44,09_51_44.jpg,35.77029776,-78.67566957,220.4185796,65.51052248,-188.7684056,-2.048431595,35.77032967,-78.67568683,217.5200043
9:51:46,09_51_46.jpg,35.77027163,-78.67568947,209.7448813,67.86005611,-190.9343671,-3.82629677,35.770313,-78.67571067,216.3699951
9:51:48,09_51_48.jpg,35.77024563,-78.67571384,214.6513159,70.57106077,-193.7037549,-1.027395983,35.77031383,-78.67574667,227.3500061
9:51:50,09_51_50.jpg,35.77021253,-78.67573648,210.686537,73.67672169,-196.7465785,-3.908836021,35.77029283,-78.675776,229.25
9:51:52,09_51_52.jpg,35.77018389,-78.67575886,205.5544256,76.25993483,-199.3154941,0.2211941151,35.77027167,-78.6758025,227.0200043
9:51:54,09_51_54.jpg,35.77016032,-78.67577624,206.7612078,78.54316935,-201.3065432,-2.340766693,35.77025233,-78.67582083,220.5700073
9:51:56,09_51_56.jpg,35.77013938,-78.67579033,206.3249865,80.65749982,-203.0309197,-3.114119549,35.7702365,-78.6758375,nan
9:51:58,09_51_58.jpg,35.77011988,-78.67580621,214.2157021,82.82700824,-204.965944,-1.656707118,35.77022467,-78.67585667,nan
9:52:00,09_52_00.jpg,35.77009366,-78.67582377,207.5642948,85.46075193,-207.0821863,-3.522535719,35.7702035,-78.675874,219.3899994
9:52:02,09_52_02.jpg,35.77006564,-78.67584037,209.4574214,87.79963487,-209.3643189,-2.386626988,35.77017033,-78.67588667,215.1199951
9:52:05,09_52_05.jpg,35.77003876,-78.67585436,204.3045493,90.0435957,-211.175947,-2.381571856,35.77012383,-78.675904,206.0899963
9:52:07,09_52_07.jpg,35.77000757,-78.67585561,176.4155403,93.57881228,-212.3120839,-0.4411019568,35.77009583,-78.67591,197.4799957
9:52:09,09_52_09.jpg,35.76998001,-78.67584682,147.3831711,96.9792493,-212.0532124,5.252533534,35.7700665,-78.67590283,180.2400055
9:52:11,09_52_11.jpg,35.76996035,-78.67582002,117.0140143,99.79078235,-210.0938662,10.15712563,35.7700295,-78.67587267,146.9700012
9:52:13,09_52_13.jpg,35.76994633,-78.67579048,117.4136922,101.7296464,-207.918896,6.298302094,35.77001017,-78.67584633,128.8600006
9:52:15,09_52_15.jpg,35.76993819,-78.67574922,95.12938758,103.2452068,-204.4962673,2.790875168,35.76999517,-78.6758115,116.1399994
9:52:17,09_52_17.jpg,35.76994204,-78.67571479,83.87713997,103.4764027,-201.5559066,3.242592714,35.76998867,-78.67578283,104.4000015
9:52:19,09_52_19.jpg,35.76994709,-78.67568042,86.89178677,103.7560354,-198.5243401,1.883355811,35.77000317,-78.6757605,67.25
9:52:21,09_52_21.jpg,35.76994971,-78.67564573,86.29889483,104.2266845,-195.5275465,-0.8768900842,35.77001233,-78.675734,65.20999908
9:52:23,09_52_23.jpg,35.76995365,-78.67560858,83.31642658,104.5321097,-192.2176189,1.225659011,35.77001733,-78.67570033,73.30999756
9:52:25,09_52_25.jpg,35.76995832,-78.67557215,71.89975453,104.6209579,-189.0303286,0.1099022085,35.7700205,-78.67566467,77.06999969
9:52:27,09_52_27.jpg,35.76996698,-78.67553811,71.8432964,104.3156576,-185.8582688,-0.7896744828,35.77002817,-78.675628,73.41000366
9:52:29,09_52_29.jpg,35.76997354,-78.67549989,78.76798237,104.2558427,-182.295876,1.932786062,35.77003133,-78.67558917,78.5
9:52:31,09_52_31.jpg,35.76997749,-78.67546495,86.2364639,104.4640326,-179.1648387,0.8178394862,35.7700345,-78.67555167,79.88999939
9:52:33,09_52_33.jpg,35.76998035,-78.67543207,82.97211073,104.8550459,-176.0714597,1.830106282,35.7700355,-78.675517,82.66000366
9:52:35,09_52_35.jpg,35.76998152,-78.67540033,90.33777518,105.32152,-173.0261037,-0.1381650934,35.77003433,-78.675482,85.66000366
9:52:38,09_52_38.jpg,35.76998415,-78.67536687,82.28094787,105.6310006,-170.0127782,2.036925951,35.7700335,-78.67543283,85.94000244
9:52:40,09_52_40.jpg,35.76998729,-78.67532557,85.94388996,105.992128,-166.2940767,1.702590657,35.770032,-78.67539067,85.86000061
9:52:42,09_52_42.jpg,35.76998941,-78.67528744,89.05974621,106.4981496,-162.7348324,1.460210613,35.77003183,-78.67535,84.86000061
9:52:44,09_52_44.jpg,35.76999203,-78.67525025,77.82976031,106.7151216,-159.6500551,1.604645344,35.770035,-78.67531133,81.5
9:52:46,09_52_46.jpg,35.76999388,-78.67521375,85.85537626,107.0282672,-156.3276454,0.9034362272,35.77003717,-78.67527617,82.47000122
9:52:48,09_52_48.jpg,35.76999331,-78.67518614,79.11102316,107.3340392,-153.559264,1.25528551,35.77003617,-78.67524833,85.44999695
9:52:50,09_52_50.jpg,35.76999664,-78.67515569,81.37045778,107.5271634,-150.7893141,-0.8666624342,35.77003667,-78.67521767,86.76000214
9:52:52,09_52_52.jpg,35.77000033,-78.67511858,81.16269787,107.8760645,-147.2126676,-0.7187748883,35.77003783,-78.67517867,86.80000305
9:52:54,09_52_54.jpg,35.77000404,-78.67508227,86.59273038,108.1366659,-144.0033884,0.6459003022,35.77004017,-78.67514617,83.69000244
9:52:56,09_52_56.jpg,35.77000769,-78.67504773,79.05016653,108.5495563,-140.6905253,0.6184119903,35.77003933,-78.6751035,87.63999939
9:52:58,09_52_58.jpg,35.77000883,-78.6750125,75.77504778,109.0633769,-137.4759357,4.499427592,35.77003783,-78.675076,90.19000244
9:53:00,09_53_00.jpg,35.77001445,-78.67497856,82.42257291,109.2923286,-134.2833622,-0.7022154449,35.7700395,-78.67504083,82.23000336
9:53:02,09_53_02.jpg,35.77001722,-78.67494175,85.54923125,109.6653961,-131.076379,-1.61969169,35.77004067,-78.67500717,83.69999695
9:53:04,09_53_04.jpg,35.77002009,-78.67490567,82.87498365,109.989089,-127.9619554,-0.3715106324,35.770044,-78.674972,80.87999725
9:53:06,09_53_06.jpg,35.77003917,-78.67487134,52.79441348,108.5581842,-123.9984765,0.8856809607,35.7700515,-78.67494317,54.40999985
9:53:08,09_53_08.jpg,35.77006263,-78.67484764,41.2199943,106.1782546,-120.7817643,0.9419442379,35.77007133,-78.67490917,47.43000031
9:53:10,09_53_10.jpg,35.77007686,-78.67482985,42.49686022,104.4780623,-118.7193793,0.2224047571,35.770094,-78.67488217,42.31000137
9:53:12,09_53_12.jpg,35.77008758,-78.67481539,32.87500769,103.3390724,-117.6374328,-0.0784487374,35.7701035,-78.67486683,43.83000183
9:53:15,09_53_15.jpg,35.77010648,-78.67479761,38.95801399,101.5164879,-115.5771639,-1.138289004,35.77012883,-78.67483933,36.41999817
9:53:17,09_53_17.jpg,35.770124,-78.67477788,34.06424798,99.69329328,-113.6541106,-0.7518384459,35.770147,-78.67482033,36.84999847
9:53:19,09_53_19.jpg,35.77014745,-78.67475672,38.70880831,97.48529604,-111.5386825,-2.256857016,35.77016683,-78.67480267,32.43999863
9:53:21,09_53_21.jpg,35.77016993,-78.67473718,26.35334452,95.24890739,-109.3417136,0.9833021226,35.770189,-78.67478283,33.34999847
9:53:23,09_53_23.jpg,35.77019735,-78.6747166,31.81275959,92.71737996,-107.0667647,0.3264157852,35.77021167,-78.67476283,32.31999969
9:53:25,09_53_25.jpg,35.77022116,-78.6746993,28.99562271,90.44943719,-105.0717893,1.77068634,35.77023283,-78.674741,31.55999947
9:53:27,09_53_27.jpg,35.77025154,-78.67467698,28.79572681,87.85149006,-102.4815854,1.850390806,35.77025733,-78.67471633,34.59999847
9:53:29,09_53_29.jpg,35.7702806,-78.6746566,34.22038699,85.50661154,-100.2520899,3.168723401,35.77028333,-78.67469133,34.13999939
9:53:31,09_53_31.jpg,35.77030568,-78.67463851,34.54181996,83.48840125,-98.27379224,2.398716382,35.77030617,-78.67467483,31.95000076
9:53:33,09_53_33.jpg,35.77032854,-78.67461829,37.34305023,81.36110451,-95.98221544,1.266653922,35.77032817,-78.67465483,36.18000031
9:53:35,09_53_35.jpg,35.77035026,-78.67459821,35.35065056,79.34561693,-93.50886148,2.64786268,35.770349,-78.67464067,38.45000076
9:53:37,09_53_37.jpg,35.77037053,-78.67457914,37.8010938,77.40167067,-91.26023645,1.661799733,35.77036883,-78.674617,37.29999924
9:53:39,09_53_39.jpg,35.77039174,-78.67455863,35.56761065,75.5402059,-89.08531081,2.4793056,35.77038583,-78.6746005,39.31999969
9:53:42,09_53_42.jpg,35.77041521,-78.67453896,33.96589885,73.42666449,-86.6974207,1.06527206,35.77041233,-78.67458133,38.93999863
9:53:44,09_53_44.jpg,35.77044123,-78.67451898,28.83173671,70.8615482,-84.13229541,1.641280564,35.77043867,-78.67456367,32.74000168
9:53:46,09_53_46.jpg,35.77046713,-78.6744989,25.62097374,68.30056653,-81.81618655,2.8031362,35.7704655,-78.67455117,31.42000008
9:53:48,09_53_48.jpg,35.7704925,-78.67448175,30.9050719,65.97996249,-79.74833855,0.6642214243,35.77049033,-78.67453933,32.27999878
9:53:50,09_53_50.jpg,35.77051571,-78.67446156,30.2704055,63.71782042,-77.4154021,3.187796784,35.77051633,-78.67452867,27.22999954
9:53:52,09_53_52.jpg,35.77054271,-78.67444032,30.28935064,61.0659191,-74.85153111,1.563739189,35.77054383,-78.67451867,29.25
9:53:54,09_53_54.jpg,35.77056535,-78.6744255,31.6607511,58.88969194,-72.80908984,1.50455842,35.77056583,-78.67450533,30.43000031
9:53:56,09_53_56.jpg,35.77058654,-78.67441128,27.10967146,56.85549279,-70.97365527,-0.3394112996,35.77058717,-78.674485,30.36000061
9:53:58,09_53_58.jpg,35.77061028,-78.67439387,39.88742903,54.65832179,-68.90892055,0.1543843767,35.77060867,-78.67447317,29.45000076
9:54:00,09_54_00.jpg,35.77063072,-78.67437924,31.69805521,52.67942103,-66.9854272,1.242704874,35.77063233,-78.67445433,28.26000023
9:54:02,09_54_02.jpg,35.77065239,-78.67436481,29.9707208,50.71996621,-65.03568244,1.329316803,35.7706505,-78.67444283,29.23999977
9:54:04,09_54_04.jpg,35.7706777,-78.67434469,33.37272255,48.3055378,-62.57158101,2.16794424,35.77067567,-78.67442317,31.84000015
9:54:06,09_54_06.jpg,35.77070163,-78.67431965,30.48651772,46.0191355,-59.92964082,1.526220682,35.7707015,-78.674405,34.02999878
9:54:08,09_54_08.jpg,35.77072447,-78.67430182,22.77135361,44.08822666,-57.89917643,1.666650237,35.770726,-78.67438967,35.20000076
9:54:10,09_54_10.jpg,35.77074884,-78.6742828,32.7728727,41.84464514,-55.69371949,0.03467834474,35.770749,-78.67436983,34.54999924
9:54:12,09_54_12.jpg,35.77077608,-78.67426482,24.82794994,39.33659395,-53.49320156,0.4872230998,35.77077433,-78.6743605,22.17000008
9:54:14,09_54_14.jpg,35.77080592,-78.67424423,29.67086082,36.3113764,-50.96937393,-2.272088268,35.77080133,-78.6743435,26.62999916
9:54:16,09_54_16.jpg,35.77083092,-78.67422413,31.74528742,34.05215113,-48.54726547,0.9411142152,35.77082883,-78.674327,28.27000046
9:54:18,09_54_18.jpg,35.77085635,-78.67420984,27.95511934,31.93462018,-46.55666169,-0.7792603824,35.7708485,-78.67431283,29.10000038
9:54:20,09_54_20.jpg,35.77087754,-78.67419674,30.34140832,29.95962264,-44.76255035,1.191918638,35.77086883,-78.67429883,30.75
9:54:22,09_54_22.jpg,35.77089738,-78.67417927,39.71969316,28.13562142,-42.64406377,0.755979661,35.77088767,-78.6742965,40.16999817
9:54:24,09_54_24.jpg,35.77091614,-78.67416448,16.61789902,26.57512514,-40.89882327,1.230293945,35.77090683,-78.67427967,35.02000046
9:54:27,09_54_27.jpg,35.77093226,-78.67414791,43.44598464,24.79162986,-39.12142781,1.573156784,35.7709335,-78.67425033,32.40000153
9:54:29,09_54_29.jpg,35.77095259,-78.67413449,31.01464087,22.8999994,-37.24951026,2.702277052,35.77095517,-78.67423233,31.63999939
9:54:31,09_54_31.jpg,35.77098209,-78.6741143,32.55056593,20.29888321,-34.66089627,3.234373913,35.77098167,-78.67421183,33.31999969
9:54:33,09_54_33.jpg,35.77100709,-78.67409495,41.65603964,17.97525781,-32.15522125,1.542067433,35.7710055,-78.6741925,35.0
9:54:35,09_54_35.jpg,35.77103173,-78.67407729,35.08674408,15.84004385,-29.74792991,1.833566977,35.77102833,-78.67417267,34.33000183
9:54:37,09_54_37.jpg,35.77105808,-78.67405697,31.66391833,13.39700661,-27.40702807,-0.0150949687,35.77105333,-78.67415433,31.63999939
9:54:39,09_54_39.jpg,35.77108538,-78.67403866,31.22055861,10.87882168,-25.06219453,0.9485876752,35.77107767,-78.674133,33.15000153
9:54:41,09_54_41.jpg,35.77110452,-78.67401987,33.88087103,9.040492436,-23.18619593,1.184645427,35.77109517,-78.67411617,33.79999924
9:54:43,09_54_43.jpg,35.77112576,-78.67400233,30.06109122,7.015013301,-21.23615631,2.628407861,35.77111333,-78.674103,28.57999992
9:54:45,09_54_45.jpg,35.77114676,-78.67398841,26.54554291,5.040921004,-19.47759019,1.876160016,35.77113233,-78.6740895,28.82999992
9:54:47,09_54_47.jpg,35.77116709,-78.67397989,9.287868438,3.23703858,-18.12508273,2.459136816,35.77115,-78.67407983,23.71999931
9:54:49,09_54_49.jpg,35.77118611,-78.67399199,310.5544929,1.384157027,-18.47807751,5.148005108,35.771164,-78.67408733,nan
9:54:51,09_54_51.jpg,35.77120032,-78.6740208,297.9436575,0.4337187811,-19.22287436,1.98919912,35.77117567,-78.674116,340.9599915
9:54:53,09_54_53.jpg,35.7712153,-78.67404489,306.5910883,0.3333136816,-18.84050605,2.617803659,35.77119117,-78.67413767,316.9599915
9:54:55,09_54_55.jpg,35.77123211,-78.67406957,308.7703616,0.3721728761,-18.18405158,3.229133836,35.77120583,-78.67416017,309.9700012
9:54:57,09_54_57.jpg,35.7712488,-78.67409636,308.502718,-0.9758383145,-17.86732709,2.186902258,35.771221,-78.67418933,306.1600037
9:54:59,09_54_59.jpg,35.77126133,-78.67412284,296.3702235,-4.390502238,-19.88656874,2.235975455,35.77123733,-78.67421317,308.1700134
9:55:01,09_55_01.jpg,35.77127391,-78.67415501,297.8138077,-7.533787019,-22.52488976,4.163506636,35.7712495,-78.67424083,303.5
9:55:03,09_55_03.jpg,35.77128829,-78.67418344,314.4807171,-10.56320707,-24.95624256,4.398850461,35.7712655,-78.67427,304.6499939
9:55:05,09_55_05.jpg,35.77130553,-78.67420753,308.6013167,-12.86169456,-27.81419068,3.469570588,35.77128067,-78.67428633,312.4899902
9:55:07,09_55_07.jpg,35.77131969,-78.67423372,301.0940519,-15.47347872,-29.52640653,3.682477134,35.77129383,-78.674307,308.6099854
9:55:09,09_55_09.jpg,35.77133214,-78.67426426,302.7433219,-17.61774531,-31.78093364,3.170070214,35.77130717,-78.67434133,303.5400085
9:55:11,09_55_11.jpg,35.77134236,-78.6742921,303.0302002,-19.57423046,-34.04395583,3.431088038,35.77131783,-78.674349,304.9400024
9:55:14,09_55_14.jpg,35.77135644,-78.67432775,299.9837429,-21.97718118,-36.8574741,4.811376503,35.77134,-78.67437617,302.9200134
9:55:16,09_55_16.jpg,35.77137093,-78.67435958,302.9233129,-24.38232095,-39.47493503,1.770499082,35.77135417,-78.67440233,299.6000061
9:55:18,09_55_18.jpg,35.77138507,-78.67438584,298.8556612,-26.16803859,-41.47981246,2.67569565,35.7713675,-78.67442167,300.7999878
9:55:20,09_55_20.jpg,35.77139923,-78.6744156,300.0049209,-28.40888247,-43.55931574,3.753443953,35.7713785,-78.6744445,299.269989
9:55:22,09_55_22.jpg,35.77141056,-78.67444188,299.678103,-30.26747429,-45.71393539,4.120889638,35.7713895,-78.6744615,301.3599854
9:55:24,09_55_24.jpg,35.77142262,-78.6744685,301.5885185,-32.60092026,-47.77576667,3.909515632,35.77140167,-78.67448417,301.730011
9:55:26,09_55_26.jpg,35.7714345,-78.6744926,304.4653352,-34.32147041,-50.11615427,3.230016774,35.77141283,-78.67450383,301.3299866
9:55:28,09_55_28.jpg,35.77144967,-78.67452248,302.1566089,-36.28668992,-52.12442039,4.653581092,35.7714265,-78.674527,302.519989
9:55:30,09_55_30.jpg,35.77146418,-78.67455266,303.3231014,-38.74062248,-54.80375859,3.491801134,35.77143967,-78.67455333,301.7799988
9:55:32,09_55_32.jpg,35.77148247,-78.67458758,300.5397643,-42.2219364,-58.2021509,3.804956358,35.771456,-78.67458417,302.3299866
9:55:34,09_55_34.jpg,35.77150016,-78.67462017,301.8812143,-44.25522387,-60.7149587,3.89830305,35.77146867,-78.674615,299.7000122
9:55:36,09_55_36.jpg,35.77151443,-78.67464074,318.9874577,-46.0920995,-62.50786251,1.463601359,35.77148117,-78.67463967,299.2200012
9:55:38,09_55_38.jpg,35.77152901,-78.67465457,341.5962241,-48.01869353,-63.4006126,3.529114523,35.77149467,-78.67464117,nan
9:55:40,09_55_40.jpg,35.77154412,-78.67466474,347.8359382,-50.21042485,-63.70036478,-1.680902444,35.771512,-78.6746425,337.8999939
9:55:42,09_55_42.jpg,35.77156522,-78.67466476,19.29539646,-52.7153223,-63.20104735,1.353097835,35.7715295,-78.67462667,nan
9:55:44,09_55_44.jpg,35.7715926,-78.67464653,21.24744688,-55.69386089,-61.42442247,3.514541574,35.77155233,-78.67461417,13.22999954
9:55:46,09_55_46.jpg,35.77161778,-78.67461406,42.73830896,-58.16127851,-58.67841751,2.89950215,35.77157667,-78.67461567,nan
9:55:48,09_55_48.jpg,35.77164204,-78.67459087,56.09229951,-60.01276524,-56.30193771,3.479250816,35.77160333,-78.6745965,16.86000061
9:55:50,09_55_50.jpg,35.77166356,-78.67456846,55.10264697,-61.67524727,-54.06017893,-0.4677437913,35.771618,-78.674574,nan
9:55:52,09_55_52.jpg,35.77168,-78.67454454,54.96694678,-63.0403791,-51.79798154,-1.149645261,35.77163167,-78.67454633,nan
9:55:55,09_55_55.jpg,35.77168672,-78.67451786,60.81377069,-63.70812848,-49.52418533,-1.328261149,35.77165083,-78.67450883,nan
9:55:57,09_55_57.jpg,35.77170142,-78.6744855,63.02349608,-64.80108091,-46.31608313,-1.619886345,35.77166633,-78.6744785,50.77999878
9:55:59,09_55_59.jpg,35.77171343,-78.67445768,77.3499173,-65.52412141,-43.23898445,0.3449130771,35.77168033,-78.67445383,55.47000122
9:56:01,09_56_01.jpg,35.7717238,-78.67443052,70.3160491,-66.01888387,-40.45519714,3.321972375,35.77169133,-78.6744305,nan
9:56:03,09_56_03.jpg,35.7717332,-78.67440558,74.95360817,-66.31640919,-37.77475682,0.99296744,35.77169667,-78.67440017,64.73000336
9:56:05,09_56_05.jpg,35.77173611,-78.67437103,94.63043916,-66.11389087,-34.74894975,-1.343048425,35.7716985,-78.67436733,81.09999847
9:56:07,09_56_07.jpg,35.77173357,-78.67433658,104.631046,-65.18026179,-31.75135968,2.17470642,35.77170867,-78.674333,83.11000061
9:56:09,09_56_09.jpg,35.77172985,-78.6743047,99.95971897,-64.20143292,-28.92930666,-0.4520259849,35.77171383,-78.67431017,89.19999695
9:56:11,09_56_11.jpg,35.77172549,-78.6742795,112.2512391,-63.2264173,-26.54547119,-1.339634826,35.77172917,-78.67428283,82.23999786
9:56:13,09_56_13.jpg,35.77171915,-78.67424901,107.8523,-61.99367502,-23.90732722,-0.2715697343,35.7717305,-78.67426283,nan
9:56:15,09_56_15.jpg,35.77171358,-78.67421353,113.2706713,-60.49385232,-21.20427013,-1.218962626,35.77173067,-78.674261,nan
9:56:17,09_56_17.jpg,35.77169847,-78.67417627,117.317909,-58.63733369,-18.3325532,-1.57266985,35.77173,-78.67422567,91.62999725
9:56:19,09_56_19.jpg,35.77168475,-78.67414543,122.7010375,-56.63382281,-15.77731452,-2.084009935,35.77172317,-78.67420167,108.4199982
9:56:21,09_56_21.jpg,35.77167018,-78.6741165,128.9140698,-54.58650128,-13.47451899,-1.425174494,35.77171433,-78.674179,117.8099976
9:56:23,09_56_23.jpg,35.77165214,-78.67408347,125.4601763,-52.27927598,-11.09893512,-2.10392356,35.7717085,-78.67415233,nan
9:56:25,09_56_25.jpg,35.77163776,-78.67405623,126.6778003,-50.19710868,-8.820796136,-0.9477566017,35.771691,-78.67411883,127.6399994
9:56:27,09_56_27.jpg,35.77162444,-78.67403337,121.6799165,-48.63372418,-7.127079209,-2.724635538,35.7716815,-78.67408767,128.3600006
9:56:29,09_56_29.jpg,35.77160962,-78.67400747,123.2713822,-46.41321652,-4.83551877,-1.924463901,35.77168383,-78.67405283,112.4899979
9:56:31,09_56_31.jpg,35.77159375,-78.67398092,124.0996818,-44.26613178,-2.533138915,-2.735898667,35.771674,-78.67403083,nan
9:56:33,09_56_33.jpg,35.77157311,-78.67395245,138.8614026,-41.66199138,-0.3727125424,-2.318703721,35.77166633,-78.6740105,nan
9:56:35,09_56_35.jpg,35.77155186,-78.67393101,133.3703173,-39.23359568,1.043254682,-3.281443049,35.7716475,-78.67398533,127.1900024
9:56:37,09_56_37.jpg,35.77153048,-78.67391104,147.4989195,-36.53978344,2.393457298,-3.170423996,35.77162717,-78.67398067,nan
9:56:40,09_56_40.jpg,35.77150484,-78.67389521,153.9779252,-33.60898212,3.232177038,-0.7753657222,35.77160167,-78.6739465,nan
9:56:42,09_56_42.jpg,35.77148639,-78.67388502,164.1556429,-31.15366777,3.749388442,-1.95479489,35.77158183,-78.67393383,nan
9:56:44,09_56_44.jpg,35.77146485,-78.67387874,166.1984538,-28.34457513,3.947164149,-2.481597615,35.77156567,-78.67392817,nan
9:56:46,09_56_46.jpg,35.77143827,-78.67387744,172.6276025,-25.20807983,3.915546368,-2.67238635,35.77154083,-78.67392383,nan
9:56:48,09_56_48.jpg,35.77141352,-78.67387473,181.5149748,-22.43971007,3.572000994,-2.631416733,35.77151567,-78.67391967,nan
9:56:50,09_56_50.jpg,35.77138804,-78.67387693,184.2901336,-19.68580804,2.882266535,-1.469458522,35.771488,-78.67392417,181.4499969
9:56:52,09_56_52.jpg,35.77136057,-78.67388049,189.110269,-16.66284024,2.07372103,-2.744237343,35.77146383,-78.67392433,187.6499939
9:56:54,09_56_54.jpg,35.77133331,-78.67388532,194.618146,-13.57005963,1.07409273,-3.178699017,35.77143317,-78.6739255,188.7100067
9:56:56,09_56_56.jpg,35.77130259,-78.67389627,195.6507518,-10.22469892,-0.4798364251,-1.300972764,35.77139783,-78.67392767,190.6999969
9:56:58,09_56_58.jpg,35.77127099,-78.67391109,206.2613661,-7.032001305,-2.17082873,-1.912884678,35.7713625,-78.67393967,197.3300018
9:57:00,09_57_00.jpg,35.7712535,-78.67392265,209.0546041,-5.410362325,-3.339117961,-2.055594667,35.77134133,-78.67395267,206.7599945
9:57:02,09_57_02.jpg,35.7712503,-78.6739213,200.4925948,-5.371825072,-3.388426861,-1.749238991,35.7713275,-78.67395033,nan
9:57:04,09_57_04.jpg,35.77124921,-78.67391932,200.4925948,-5.372494885,-3.399614851,-1.860087484,35.77132017,-78.6739485,nan
9:57:06,09_57_06.jpg,35.77124534,-78.67391746,203.4480626,-5.458713093,-3.441750799,-1.838473015,35.77131183,-78.67394617,nan
9:57:08,09_57_08.jpg,35.77122514,-78.67393228,204.5779597,-2.941651248,-5.047510177,-0.9893667458,35.77129283,-78.673954,205.4700012
9:57:11,09_57_11.jpg,35.77120228,-78.67394764,214.0369036,-0.6006273882,-6.976901452,-2.360428899,35.7712545,-78.673973,210.9100037
9:57:13,09_57_13.jpg,35.77117908,-78.67396796,215.5569472,1.693121948,-9.148398139,3.392806001,35.77122567,-78.67398683,209.8600006
9:57:15,09_57_15.jpg,35.77115292,-78.67399155,215.8357284,4.211418938,-11.58041244,-1.420783748,35.77119633,-78.6740055,214.2799988
9:57:17,09_57_17.jpg,35.77113659,-78.67400717,216.5929599,5.915819919,-13.25037721,-0.7942088555,35.77116083,-78.6740145,214.8500061
9:57:19,09_57_19.jpg,35.77111644,-78.67402625,209.360392,7.867331529,-15.28839683,-0.9492725366,35.771128,-78.67402317,nan
9:57:21,09_57_21.jpg,35.77109398,-78.67404464,211.0388165,10.21590962,-17.33053776,0.1499812919,35.77109933,-78.6740355,nan
9:57:23,09_57_23.jpg,35.77106976,-78.67406258,210.6428924,12.63744747,-19.44719983,0.5730363367,35.77107633,-78.67403717,204.5500031
9:57:25,09_57_25.jpg,35.77104611,-78.67408017,218.9566392,14.89291863,-21.52513934,-2.251099487,35.77105083,-78.6740535,nan
9:57:27,09_57_27.jpg,35.7710221,-78.67409989,204.8249215,17.37357073,-23.79382838,-0.03624989657,35.77102783,-78.67407083,206.1100006
9:57:29,09_57_29.jpg,35.77099743,-78.67411874,216.5056242,19.80329087,-26.03942789,-1.758422205,35.770995,-78.6740945,208.7100067
9:57:31,09_57_31.jpg,35.770976,-78.67413512,209.1297316,21.90614981,-27.9775277,0.01053694804,35.770967,-78.674116,212.1000061
9:57:33,09_57_33.jpg,35.77095365,-78.67414989,206.9035747,23.96050958,-29.83142297,-0.4884884721,35.77094067,-78.674131,nan
9:57:35,09_57_35.jpg,35.7709286,-78.67417193,210.8352123,26.3286324,-32.03538269,0.8306207627,35.770914,-78.67415567,219.3000031
9:57:37,09_57_37.jpg,35.77090379,-78.67418748,205.7459958,28.88370519,-33.77830378,1.275834201,35.7708895,-78.67417683,nan
9:57:39,09_57_39.jpg,35.77087696,-78.6742049,208.8077431,31.49788607,-35.7601465,0.3978641895,35.77086933,-78.674197,nan
9:57:41,09_57_41.jpg,35.77085415,-78.6742231,213.439191,33.82792964,-37.64718229,-1.084727239,35.770848,-78.67420267,nan
9:57:44,09_57_44.jpg,35.77083281,-78.67424017,217.2263209,35.92786333,-39.57685161,0.212550227,35.77081833,-78.67422517,216.0500031
9:57:46,09_57_46.jpg,35.77081311,-78.67425833,212.5484971,37.90431326,-41.57832416,-0.4879309624,35.77079733,-78.674244,217.1799927
9:57:48,09_57_48.jpg,35.77078939,-78.67427322,215.5281681,40.06808209,-43.58447028,-1.175835205,35.77077517,-78.67426167,215.6399994
9:57:50,09_57_50.jpg,35.77076893,-78.67429017,219.3758759,42.17384276,-45.6096756,-0.6072978815,35.7707655,-78.6742855,nan
9:57:52,09_57_52.jpg,35.77074628,-78.67430389,208.0422654,44.14499211,-47.49042191,-0.9893548961,35.770763,-78.67431183,nan
9:57:54,09_57_54.jpg,35.77072261,-78.67432712,219.0391034,46.48999967,-49.76102937,-2.385506218,35.7707445,-78.67433383,231.6600037
9:57:56,09_57_56.jpg,35.77069964,-78.674345,211.2770081,48.66017729,-51.94966365,-1.16567765,35.77071883,-78.6743565,231.0500031
9:57:58,09_57_58.jpg,35.77067931,-78.67435768,205.5412594,50.55547265,-53.61251372,-0.7493659057,35.77069717,-78.67437,220.6399994
9:58:00,09_58_00.jpg,35.77065418,-78.67437228,210.0023887,52.81279083,-55.43551649,0.3500479611,35.77067367,-78.67437383,209.3099976
9:58:02,09_58_02.jpg,35.77062737,-78.67439219,207.4933738,55.65793203,-57.76314266,-3.417787388,35.77064183,-78.67438567,203.9600067
9:58:04,09_58_04.jpg,35.77060571,-78.67441091,215.2700083,57.83660123,-59.81950211,-0.02707122948,35.7706175,-78.674398,208.3099976
9:58:06,09_58_06.jpg,35.7705879,-78.67442674,219.9072694,59.78709088,-61.55404616,-1.351846713,35.770599,-78.6744175,211.1699982
9:58:08,09_58_08.jpg,35.77056733,-78.67444663,216.7002047,62.02742292,-63.60831618,-3.295958771,35.7705755,-78.67442883,214.7799988
9:58:10,09_58_10.jpg,35.77054608,-78.67446511,218.6471936,64.23670784,-65.68279947,-0.9626738617,35.770551,-78.67444817,208.9299927
9:58:12,09_58_12.jpg,35.77052646,-78.67448158,211.2061914,66.23517225,-67.52081167,-0.7368041687,35.77052617,-78.674463,211.1799927
9:58:14,09_58_14.jpg,35.77050577,-78.67449508,213.2849311,68.26948772,-69.28319128,-1.888179825,35.770503,-78.67447133,208.9299927
9:58:16,09_58_16.jpg,35.77048664,-78.67450772,208.7272524,70.12710056,-70.99562438,-1.524226066,35.7704795,-78.67449217,209.2299957
9:58:19,09_58_19.jpg,35.77046466,-78.67452632,218.7912889,72.1830094,-72.92048326,-1.661999837,35.77045183,-78.67452083,220.1499939
9:58:21,09_58_21.jpg,35.77044086,-78.67454813,212.9202644,74.4640174,-74.94128825,-0.116054128,35.77042533,-78.67453733,218.2100067
9:58:23,09_58_23.jpg,35.77041511,-78.67456657,213.4421213,76.8791367,-77.17297962,-2.6808886,35.77040033,-78.6745535,214.5399933
9:58:25,09_58_25.jpg,35.77039521,-78.67458703,211.1950976,78.89189523,-79.01763655,-1.707406245,35.77037467,-78.67456667,209.8000031
9:58:27,09_58_27.jpg,35.7703732,-78.67460197,209.5030747,81.09217986,-80.99870624,-2.620281058,35.770348,-78.67457633,207.7599945
9:58:29,09_58_29.jpg,35.77035472,-78.67461812,214.6350215,82.97328446,-82.65426008,-2.855931671,35.77032683,-78.6745925,212.8099976
9:58:31,09_58_31.jpg,35.77033004,-78.67463828,215.1219081,85.35939482,-84.8830177,-1.509385404,35.77030633,-78.674616,216.7899933
9:58:33,09_58_33.jpg,35.77030784,-78.67465509,214.9920202,87.4930891,-86.89810958,-2.168966398,35.77028017,-78.67463133,212.7599945
9:58:35,09_58_35.jpg,35.77028529,-78.67467249,215.8620921,89.75707424,-89.01533174,-3.131575803,35.77025533,-78.67464433,210.2100067
9:58:37,09_58_37.jpg,35.77026021,-78.67469124,212.5253698,92.36781112,-91.29721548,-4.412523408,35.77022483,-78.6746585,207.8500061
9:58:39,09_58_39.jpg,35.77023786,-78.67470714,211.536245,94.60560921,-93.12662101,-3.107066157,35.77020017,-78.674672,208.4799957
9:58:41,09_58_41.jpg,35.77020902,-78.67472474,209.1034377,97.34604046,-95.49109318,-1.343510029,35.77017633,-78.67468883,217.8300018
9:58:43,09_58_43.jpg,35.77018488,-78.67474171,206.2819116,99.74776797,-97.51971135,-2.044946823,35.7701495,-78.674705,217.6399994
9:58:45,09_58_45.jpg,35.77016429,-78.67475618,210.6003959,101.7823821,-99.1705027,-2.881010138,35.7701315,-78.674718,218.6799927
9:58:47,09_58_47.jpg,35.77014369,-78.6747682,204.8594238,103.5383299,-100.6589826,-1.033774824,35.77011517,-78.67473,218.1399994
9:58:49,09_58_49.jpg,35.7701198,-78.67478409,210.5175661,105.7542248,-102.5655217,-2.548187546,35.77009783,-78.6747435,219.3600006
9:58:51,09_58_51.jpg,35.7700954,-78.67480269,214.1625993,108.0712039,-104.7301045,-4.159933274,35.77007333,-78.67475983,216.6999969
9:58:53,09_58_53.jpg,35.77007376,-78.67482223,213.8619973,110.2481398,-106.7887077,-5.70293912,35.77004567,-78.67477283,210.8800049
9:58:56,09_58_56.jpg,35.7700551,-78.6748388,207.5849299,112.3005167,-108.5819971,-2.462090678,35.77001183,-78.67479033,209.9100037
9:58:58,09_58_58.jpg,35.77003332,-78.67486169,224.0455467,114.4182096,-111.0631087,-3.81123113,35.76998817,-78.67481067,216.1300049
9:59:00,09_59_00.jpg,35.77001993,-78.67489641,257.8964105,115.6012618,-114.3455884,-3.22726508,35.76997133,-78.67483467,227.6399994
9:59:02,09_59_02.jpg,35.77001745,-78.67492847,260.1422734,115.5040337,-117.1274506,0.9649635911,35.76996533,-78.67485917,247.2899933
9:59:04,09_59_04.jpg,35.77001404,-78.67496182,262.557876,115.3634979,-120.0994352,-2.029599523,35.76996333,-78.67489217,263.2200012
9:59:06,09_59_06.jpg,35.77001033,-78.67500003,264.0658345,115.2625125,-123.5663895,-2.300016858,35.76996417,-78.6749365,267.6600037
9:59:08,09_59_08.jpg,35.77000367,-78.6750384,262.5049792,115.3633714,-127.2903181,-2.599738496,35.76995817,-78.67497133,262.6000061
9:59:10,09_59_10.jpg,35.76999887,-78.67507454,254.8697992,115.2926331,-130.6992241,-0.8755754669,35.76995517,-78.6750095,262.9200134
9:59:12,09_59_12.jpg,35.76999426,-78.6751192,258.6303775,115.2539531,-134.402367,0.6200267445,35.769951,-78.67504917,262.3299866
9:59:14,09_59_14.jpg,35.7699887,-78.67515691,258.7675466,115.0456335,-137.9418993,0.267852361,35.76994683,-78.67508817,261.9400024
9:59:16,09_59_16.jpg,35.76998434,-78.67519295,273.9499503,114.7242938,-141.2579429,1.311425185,35.76994583,-78.67512883,263.1099854
9:59:18,09_59_18.jpg,35.76998016,-78.67521456,263.7832637,114.483639,-143.4562073,-2.146894363,35.76994317,-78.67515333,264.5899963
9:59:20,09_59_20.jpg,35.76997688,-78.67523831,262.8909747,114.3207615,-145.9748747,-3.289992912,35.76994283,-78.67517167,271.4100037
9:59:22,09_59_22.jpg,35.76997519,-78.67526207,278.8508885,114.024735,-148.1854347,-2.114223033,35.769942,-78.6751795,267.6400146
9:59:24,09_59_24.jpg,35.76997574,-78.67529191,268.6408648,113.6448302,-150.8274793,-0.6208374892,35.7699425,-78.67519683,265.4599915
9:59:26,09_59_26.jpg,35.76997386,-78.67532258,265.8086015,113.3800974,-153.543903,-1.673042485,35.769945,-78.67521983,266.269989
9:59:28,09_59_28.jpg,35.76996991,-78.67535543,258.7956088,113.2022918,-156.4094692,-3.830913059,35.76994333,-78.67525183,267.730011
9:59:30,09_59_30.jpg,35.76996419,-78.67538621,260.7139906,113.2504636,-159.1999173,-3.631532196,35.76993783,-78.675279,265.9500122
9:59:32,09_59_32.jpg,35.76995926,-78.67541787,261.8377632,113.365906,-162.2183782,-2.259272224,35.76993317,-78.67531417,262.8099976
9:59:34,09_59_34.jpg,35.76995492,-78.6754447,260.0795698,113.4214613,-164.7830885,-1.160558581,35.76992867,-78.67534233,262.6799927
9:59:37,09_59_37.jpg,35.76994751,-78.67548032,256.7642645,113.6044406,-168.0506585,-3.430721884,35.76991967,-78.67539033,257.5799866
9:59:39,09_59_39.jpg,35.76994766,-78.67551085,270.3309467,113.3568901,-170.5617374,-2.187457209,35.76991767,-78.6754205,263.8999939
9:59:41,09_59_41.jpg,35.76994529,-78.67554542,264.5316416,113.063187,-173.5320454,-2.787169364,35.7699145,-78.67545233,264.3099976
9:59:43,09_59_43.jpg,35.76994145,-78.67557891,264.0403591,112.9583013,-176.656396,-2.875749208,35.76991,-78.67548717,261.2099915
9:59:45,09_59_45.jpg,35.76994019,-78.67561139,266.4906364,112.6294981,-179.7561041,-1.58854075,35.76990783,-78.6755205,263.8599854
9:59:47,09_59_47.jpg,35.76993863,-78.67565069,263.9491784,112.235449,-183.3348446,-3.118761218,35.76990733,-78.67555467,267.230011
9:59:49,09_59_49.jpg,35.76993527,-78.67568482,257.6756017,112.1079533,-186.447275,-1.990614633,35.76990867,-78.67559083,269.4400024
9:59:51,09_59_51.jpg,35.7699309,-78.67571345,260.9909334,112.0692434,-188.9743787,-1.770635753,35.76990567,-78.6756195,264.7600098
9:59:53,09_59_53.jpg,35.76992826,-78.67573519,257.6209745,112.2085742,-190.8874058,-2.705098416,35.76989883,-78.67564283,256.3900146
9:59:55,09_59_55.jpg,35.76992366,-78.67576169,253.3859372,112.5957812,-193.346685,-2.640574803,35.7698945,-78.67566117,nan
9:59:57,09_59_57.jpg,35.76991815,-78.67578953,258.8513202,112.8300344,-196.0412761,-3.621366771,35.76989433,-78.67568667,254.2400055
9:59:59,09_59_59.jpg,35.76991901,-78.67582348,289.7308011,112.1367545,-198.9046196,-5.731080894,35.76989817,-78.6757175,261.5
10:00:01,10_00_01.jpg,35.76993466,-78.67585003,321.6048355,109.9476379,-201.020368,-4.878811734,35.7699075,-78.67574917,278.5
10:00:03,10_00_03.jpg,35.76995317,-78.67586329,333.3429814,107.5706717,-201.9728004,2.349772365,35.76992417,-78.67577283,304.8299866
10:00:05,10_00_05.jpg,35.76997662,-78.67586846,4.009116529,104.9156408,-201.9711276,-3.365683985,35.769941,-78.67579083,323.9899902
10:00:07,10_00_07.jpg,35.77000674,-78.67586216,12.3343275,101.8784045,-200.8940992,1.490445851,35.769963,-78.675803,357.8399963
10:00:09,10_00_09.jpg,35.77002997,-78.67584681,31.06995804,99.62879329,-199.0726613,4.318579761,35.76999117,-78.67580483,17.21999931
10:00:11,10_00_11.jpg,35.77005071,-78.67582979,28.59904753,97.27336656,-197.0915635,2.238085648,35.77001767,-78.6757965,28.88999939
10:00:14,10_00_14.jpg,35.77007826,-78.67580963,31.64985923,94.3263044,-194.6814288,2.419035979,35.7700615,-78.6757785,32.27999878
10:00:16,10_00_16.jpg,35.77010154,-78.67579509,24.78411126,91.72630178,-192.6845639,2.352869534,35.77008717,-78.67576733,35.50999832
10:00:18,10_00_18.jpg,35.7701267,-78.67577376,30.28014936,88.88044167,-190.3205108,-0.1797108139,35.77011783,-78.67575383,30.04000092
10:00:20,10_00_20.jpg,35.7701492,-78.67575198,34.2050719,86.47224492,-188.1372348,1.413639087,35.77014417,-78.67574267,27.06999969
10:00:22,10_00_22.jpg,35.77017587,-78.67573189,32.73098622,83.66985735,-185.7399119,0.7532449929,35.77017533,-78.67572883,26.90999985
10:00:24,10_00_24.jpg,35.77020087,-78.67571504,29.7591624,81.15739021,-183.7555394,3.243531392,35.77020067,-78.67571333,nan
10:00:26,10_00_26.jpg,35.7702257,-78.67569278,36.46233931,78.8895815,-181.5335719,-0.5099123671,35.770221,-78.675697,44.52000046
10:00:28,10_00_28.jpg,35.77025267,-78.67566787,39.53615719,76.29817048,-178.8997291,0.3016081204,35.77024567,-78.675674,39.77000046
10:00:30,10_00_30.jpg,35.77028135,-78.67564185,32.12574389,73.21300407,-175.9281131,2.261207509,35.77027783,-78.67565683,30.61000061
10:00:32,10_00_32.jpg,35.77030093,-78.67562515,30.28901721,70.91173469,-173.919033,1.334331056,35.77030667,-78.675647,nan
10:00:34,10_00_34.jpg,35.77033254,-78.67560156,27.30601184,68.09147086,-171.5971659,1.608650028,35.77033017,-78.67562283,27.21999931
10:00:36,10_00_36.jpg,35.77036412,-78.67558013,29.81759164,65.12031705,-169.2789553,1.43236027,35.77036033,-78.675598,34.25
10:00:38,10_00_38.jpg,35.77037974,-78.67556908,39.54505294,63.64079018,-167.916766,2.176322421,35.77038183,-78.67558683,nan
10:00:40,10_00_40.jpg,35.77039879,-78.67555592,35.44518718,61.94333635,-166.1086446,0.002442239853,35.770395,-78.6755745,nan
10:00:42,10_00_42.jpg,35.7704205,-78.67554798,33.17452254,60.2028353,-164.5231264,1.165539903,35.77041467,-78.67555933,nan
10:00:44,10_00_44.jpg,35.77043535,-78.67553307,32.13775108,58.52342479,-162.9476833,2.106523061,35.770435,-78.67555417,nan
10:00:46,10_00_46.jpg,35.77045032,-78.67551559,27.57508123,56.64106195,-161.2670652,1.520670504,35.77045283,-78.67553767,nan
10:00:48,10_00_48.jpg,35.7704674,-78.67550703,29.75157317,55.05366096,-159.797226,1.176619183,35.7704725,-78.6755275,nan
10:00:50,10_00_50.jpg,35.77048627,-78.6754922,28.8518004,53.08079811,-158.1014413,1.903843288,35.77049183,-78.67551783,nan
10:00:53,10_00_53.jpg,35.77051115,-78.67547273,35.27450208,50.88682827,-156.1212281,2.693682083,35.77052617,-78.6754935,nan
10:00:55,10_00_55.jpg,35.77053737,-78.67544927,32.22401617,48.28952567,-153.5055793,1.138217988,35.770555,-78.675475,32.49000168
10:00:57,10_00_57.jpg,35.77056059,-78.67542341,35.29077499,45.67801007,-151.0423426,3.325106464,35.7705795,-78.675454,nan
10:00:59,10_00_59.jpg,35.77057958,-78.67540473,33.67851829,43.52497118,-148.8798711,2.349698148,35.770599,-78.6754325,nan
10:01:01,10_01_01.jpg,35.77059913,-78.67538609,38.0831628,41.53880212,-147.0126065,2.587052842,35.77061617,-78.67541533,nan
10:01:03,10_01_03.jpg,35.7706254,-78.67537226,27.26374556,39.16031628,-144.8509734,1.829812447,35.770642,-78.67540517,31.38999939
10:01:05,10_01_05.jpg,35.77065007,-78.67535793,28.75073207,36.90839219,-142.900315,1.256921709,35.77066383,-78.67539433,nan
10:01:07,10_01_07.jpg,35.77067188,-78.67533968,26.46218633,34.63774284,-141.0800967,0.06113092731,35.77068717,-78.67538583,nan
10:01:09,10_01_09.jpg,35.77069402,-78.67532499,35.53767779,32.51150018,-139.3877794,-3.395658772,35.77070933,-78.675374,nan
10:01:11,10_01_11.jpg,35.77072011,-78.67530802,33.46113537,30.29979904,-137.2908649,2.32490061,35.77073333,-78.67535967,nan
10:01:13,10_01_13.jpg,35.77074644,-78.67528779,32.6040217,28.02301338,-135.1540557,3.731305511,35.77075367,-78.67533583,27.63999939
10:01:15,10_01_15.jpg,35.77076727,-78.67526848,33.35292409,25.77610561,-133.0147322,1.938696184,35.770777,-78.67531833,nan
10:01:17,10_01_17.jpg,35.77079112,-78.6752476,36.0583319,23.25234574,-130.7032277,0.7860200662,35.77080333,-78.675299,34.13000107
10:01:19,10_01_19.jpg,35.77080828,-78.67523474,37.14803031,21.3294025,-128.8529393,2.076205332,35.77081717,-78.67527133,nan
10:01:21,10_01_21.jpg,35.77082703,-78.67521977,27.2784675,19.48584947,-127.2707024,3.982782781,35.7708365,-78.67526917,nan
10:01:23,10_01_23.jpg,35.77085141,-78.67520246,32.89390172,17.42074072,-125.5010468,3.998819534,35.77085683,-78.67525017,36.22999954
10:01:25,10_01_25.jpg,35.77087221,-78.67518669,31.34212524,15.14446036,-123.590728,4.203077846,35.77087583,-78.67523467,28.86000061
10:01:27,10_01_27.jpg,35.77089812,-78.67516614,33.15222769,12.52303524,-121.171329,3.45614327,35.77090067,-78.675219,nan
10:01:30,10_01_30.jpg,35.77092473,-78.675145,37.1833177,10.03318858,-118.7778407,2.943461471,35.77094367,-78.67520217,nan
10:01:32,10_01_32.jpg,35.77095401,-78.67513006,32.9968269,7.734897342,-116.6890281,2.317404937,35.77096517,-78.67518133,31.21999931
10:01:34,10_01_34.jpg,35.77098041,-78.67511392,27.70730034,5.655225828,-114.8410771,4.415054696,35.770984,-78.6751675,22.68000031
10:01:36,10_01_36.jpg,35.77100955,-78.67509787,28.85750552,2.91072602,-112.5534569,3.438909927,35.77101233,-78.67516717,15.98999977
10:01:38,10_01_38.jpg,35.77103532,-78.6750813,35.45664756,0.5813962785,-110.2626451,1.469382066,35.77104033,-78.67515867,24.65999985
10:01:40,10_01_40.jpg,35.77105284,-78.67506335,33.31949273,-0.9544676708,-108.6431333,4.40255125,35.77105817,-78.67515517,nan
10:01:42,10_01_42.jpg,35.7710668,-78.67505274,33.3651422,-2.566269259,-107.2007341,5.499544514,35.77107317,-78.67515633,nan
10:01:44,10_01_44.jpg,35.77108808,-78.67503444,35.30307219,-4.571590571,-105.0749313,4.616510838,35.77108917,-78.67514617,nan
10:01:46,10_01_46.jpg,35.77111404,-78.67501117,35.75217591,-6.620509767,-102.8715841,5.276187448,35.77111183,-78.67513117,nan
10:01:48,10_01_48.jpg,35.77113702,-78.6749901,28.490938,-8.83744718,-100.6290584,3.920838484,35.7711315,-78.67511717,nan
10:01:50,10_01_50.jpg,35.77115501,-78.67497844,29.71798818,-10.79779913,-98.92588784,2.157783211,35.771149,-78.6750975,nan
10:01:52,10_01_52.jpg,35.77117506,-78.67496597,30.5943559,-12.81111997,-97.17373551,3.884489465,35.77116767,-78.67507067,nan
10:01:54,10_01_54.jpg,35.77119193,-78.67495405,30.12637065,-14.54533185,-95.55888836,3.669464411,35.7711905,-78.67505983,nan
10:01:56,10_01_56.jpg,35.77121441,-78.67493632,34.33542448,-16.41859814,-93.72300731,3.576087437,35.77121267,-78.67504483,nan
10:01:58,10_01_58.jpg,35.77123172,-78.67491986,34.34400421,-18.07517656,-92.05644475,5.463783248,35.771227,-78.6750255,29.21999931
10:02:00,10_02_00.jpg,35.77125404,-78.67490739,32.23278305,-20.23527748,-90.1479087,3.085532809,35.77123917,-78.675002,nan
10:02:02,10_02_02.jpg,35.77127442,-78.67488898,27.46256177,-22.34975446,-88.35335466,3.33597977,35.77124833,-78.6749785,nan
10:02:04,10_02_04.jpg,35.77130148,-78.67487189,31.10990271,-24.98465443,-86.44463706,4.682889376,35.77125317,-78.67495183,nan
10:12:02,10_12_02.jpg,35.77119856,-78.67394705,177.4541296,-6.69570699,-1.295092265,1.094011716,35.77108883,-78.67384567,nan
10:12:04,10_12_04.jpg,35.77118852,-78.67395863,213.3343402,-7.531374195,-2.827590991,2.240947564,35.771087,-78.673857,nan
10:12:06,10_12_06.jpg,35.77117159,-78.67397941,221.7649849,-8.973611746,-5.120687971,4.25991481,35.7710705,-78.6738745,nan
10:12:08,10_12_08.jpg,35.77115323,-78.67399329,214.3144013,-9.863899655,-7.446262876,3.087189331,35.771051,-78.67387917,nan
10:12:10,10_12_10.jpg,35.77113594,-78.67400811,219.9448146,-10.93528602,-9.509960857,4.21769614,35.77103233,-78.67388367,nan
10:12:12,10_12_12.jpg,35.77111709,-78.67402761,223.415412,-12.30743254,-11.91850294,3.056180951,35.771011,-78.67389567,nan
10:12:14,10_12_14.jpg,35.77109966,-78.67404949,217.7910862,-13.70711524,-14.20045483,8.496023466,35.7709735,-78.6738975,232.5200043
10:12:16,10_12_16.jpg,35.77107721,-78.674064,191.2935106,-14.64317679,-16.91791976,7.955128492,35.77094583,-78.67390317,208.6999969
10:12:18,10_12_18.jpg,35.77104935,-78.67407537,204.002081,-15.21133129,-20.25612986,3.425007553,35.77091267,-78.67391867,199.8999939
10:12:20,10_12_20.jpg,35.77102259,-78.67409265,207.7166619,-16.34090309,-23.55129741,2.574768628,35.7708945,-78.67393133,nan
10:12:23,10_12_23.jpg,35.77100446,-78.6741057,215.3864221,-17.304105,-25.76681017,4.043249956,35.77086167,-78.6739605,nan
10:12:25,10_12_25.jpg,35.77098718,-78.67412103,206.8410624,-18.29241263,-27.85266671,4.475485407,35.77083983,-78.67397617,nan
10:12:27,10_12_27.jpg,35.77096643,-78.67413315,212.9740253,-19.31127121,-30.52194097,3.253610564,35.77080917,-78.67399783,202.8500061
10:12:29,10_12_29.jpg,35.77093995,-78.67415022,216.4091674,-20.65750713,-33.58445166,3.959604672,35.77078567,-78.67401833,nan
10:12:31,10_12_31.jpg,35.77091528,-78.67416656,212.6488436,-21.98765242,-36.65832827,1.614312921,35.77074633,-78.67403067,201.9499969
10:12:33,10_12_33.jpg,35.77088433,-78.67417603,216.5313131,-23.30818939,-39.61843841,2.073659038,35.7707445,-78.67407333,219.5299988
10:12:35,10_12_35.jpg,35.77086829,-78.67419486,204.9842377,-24.41587542,-42.33707462,4.036592048,35.7707085,-78.67407733,211.0200043
10:12:37,10_12_37.jpg,35.77085108,-78.67421184,210.673383,-25.27117076,-44.75860372,4.195185183,35.7706935,-78.6740865,nan
10:12:39,10_12_39.jpg,35.77083101,-78.67423093,207.5243474,-26.36596942,-47.50126614,3.797616512,35.77067917,-78.67411533,nan
10:12:41,10_12_41.jpg,35.77081147,-78.67424813,222.0417435,-27.57735959,-50.45074123,3.938710189,35.7706605,-78.67412417,nan
10:12:43,10_12_43.jpg,35.77079321,-78.6742645,200.5825343,-28.57455101,-53.17319613,4.61062255,35.77064033,-78.67413083,nan
10:12:45,10_12_45.jpg,35.77077468,-78.67428115,208.2796234,-29.31670691,-55.33972013,5.162430351,35.7706185,-78.67414183,nan
10:12:47,10_12_47.jpg,35.7707571,-78.67429775,216.5500114,-30.19703183,-57.34794957,3.834477112,35.77060117,-78.67416083,nan
10:12:49,10_12_49.jpg,35.7707411,-78.67431306,221.1702599,-31.0767543,-58.9991612,3.368845295,35.77058317,-78.67416883,nan
10:12:51,10_12_51.jpg,35.7707226,-78.67433218,217.2045866,-32.42042346,-61.5388864,2.399468662,35.77056133,-78.67418717,nan
10:12:53,10_12_53.jpg,35.77070285,-78.67434597,205.1253443,-33.12917395,-64.11240653,3.290873387,35.77054067,-78.67420767,nan
10:12:55,10_12_55.jpg,35.7706804,-78.67435999,209.035448,-34.0341864,-66.75852769,4.296137398,35.7705265,-78.67422633,nan
10:12:57,10_12_57.jpg,35.77065542,-78.67437826,216.8881913,-35.32918377,-69.71449624,1.485055373,35.77050667,-78.67424267,nan
10:12:59,10_12_59.jpg,35.77063339,-78.67439431,218.4673346,-36.5822317,-72.21173235,3.131399347,35.77048867,-78.674258,nan
10:13:02,10_13_02.jpg,35.77061525,-78.67441238,223.4146729,-37.68966848,-74.35209766,3.364470161,35.77047467,-78.67429717,nan
10:13:04,10_13_04.jpg,35.77059626,-78.67443005,214.8027944,-38.76986196,-76.78809793,2.970464895,35.770457,-78.67431617,nan
10:13:06,10_13_06.jpg,35.77057616,-78.67444902,214.6924645,-40.03419007,-79.61304799,3.046938599,35.77043867,-78.67433767,nan
10:13:08,10_13_08.jpg,35.77055057,-78.67447051,212.0771293,-41.44364708,-82.88447414,1.876864328,35.770423,-78.6743635,215.7299957
10:13:10,10_13_10.jpg,35.7705237,-78.67449332,218.3130907,-43.09768101,-86.20150908,2.210062234,35.77039633,-78.67438667,218.6600037
10:13:12,10_13_12.jpg,35.77049922,-78.67451363,209.1744468,-44.45331828,-89.26181794,2.591206602,35.77037033,-78.6744045,216.1699982
10:13:14,10_13_14.jpg,35.77047786,-78.6745319,215.9824825,-45.65724676,-91.94881746,3.167100868,35.77035533,-78.6744255,222.7899933
10:13:16,10_13_16.jpg,35.77045753,-78.67454787,216.6366845,-46.63995465,-94.31528909,4.030782639,35.77033633,-78.674438,nan
10:13:18,10_13_18.jpg,35.77043542,-78.67456618,209.5701996,-47.88810823,-97.19184904,2.550940491,35.770316,-78.674451,nan
10:13:20,10_13_20.jpg,35.77041322,-78.6745827,212.4711923,-48.84096237,-99.98859962,2.280969042,35.770289,-78.67446083,210.2599945
10:13:22,10_13_22.jpg,35.77039256,-78.67459937,210.1375459,-49.86515078,-102.5300921,1.611471277,35.77027467,-78.67447783,nan
10:13:24,10_13_24.jpg,35.77036958,-78.67461772,215.6195581,-51.04510604,-105.2611475,0.09009645308,35.77025333,-78.674495,nan
10:13:26,10_13_26.jpg,35.77034822,-78.67463538,209.2393434,-52.21068888,-107.9441457,1.931876011,35.77022417,-78.67450367,205.7100067
10:13:28,10_13_28.jpg,35.77032579,-78.67465318,210.0063493,-53.35033665,-110.8630317,2.347218489,35.77020933,-78.67453,209.9299927
10:13:30,10_13_30.jpg,35.77030347,-78.67467109,209.1342922,-54.43985098,-113.534892,0.6446681069,35.7701915,-78.674551,216.0800018
10:13:32,10_13_32.jpg,35.77028083,-78.67468479,200.0154514,-55.1819425,-116.2481959,3.825269839,35.77017567,-78.674572,221.5399933
10:13:34,10_13_34.jpg,35.77025884,-78.67469778,205.0530846,-55.96089526,-118.8754394,1.937187582,35.7701565,-78.67459067,225.4400024
10:13:36,10_13_36.jpg,35.77023458,-78.67471339,203.5735016,-56.91805202,-121.717291,1.433117804,35.77012783,-78.67460583,218.4400024
10:13:39,10_13_39.jpg,35.77021386,-78.67472875,212.8235604,-57.8927562,-124.2874343,3.840213014,35.77009,-78.674631,211.7400055
10:13:41,10_13_41.jpg,35.77019342,-78.67474684,212.8789845,-59.05279985,-126.7351911,3.878127209,35.7700745,-78.674658,221.0299988
10:13:43,10_13_43.jpg,35.77016984,-78.67476771,219.4907623,-60.58957645,-129.580193,0.6156607722,35.7700505,-78.67468067,222.4900055
10:13:45,10_13_45.jpg,35.77014904,-78.67478794,213.7024344,-61.94113342,-132.1428749,1.994124323,35.77003217,-78.67470467,223.6999969
10:13:47,10_13_47.jpg,35.77012675,-78.67480392,212.2480211,-62.97678535,-134.7281281,0.6390376549,35.770008,-78.67472783,221.6499939
10:13:49,10_13_49.jpg,35.77010323,-78.67482395,212.5731924,-64.32036306,-137.8008091,-0.6752776897,35.76998267,-78.674748,219.4900055
10:13:51,10_13_51.jpg,35.77007897,-78.67484246,215.1684708,-65.55818505,-140.5600927,-0.0176665476,35.7699555,-78.67476733,214.1199951
10:13:53,10_13_53.jpg,35.77005691,-78.67486388,233.4288115,-67.20628089,-143.3581271,-3.659741858,35.76993233,-78.67478917,212.25
10:13:55,10_13_55.jpg,35.77004568,-78.6748979,251.9345318,-70.05690008,-145.079432,0.260128105,35.7699205,-78.67482083,225.0899963
10:13:57,10_13_57.jpg,35.77003791,-78.6749279,259.1613685,-72.68009818,-146.430127,0.6611896241,35.76991017,-78.67485167,238.6799927
10:13:59,10_13_59.jpg,35.77003135,-78.67496028,253.5408256,-75.52785649,-147.5704539,1.158129793,35.76990233,-78.67488933,249.5599976
10:14:01,10_14_01.jpg,35.77002701,-78.67499538,264.6388705,-78.7038645,-148.4546131,0.250751527,35.76990167,-78.67492933,258.3599854
10:14:03,10_14_03.jpg,35.77002354,-78.67503013,262.8340678,-81.82034798,-149.2189105,0.2484803019,35.76989933,-78.67496817,260.5599976
10:14:05,10_14_05.jpg,35.77002073,-78.67506286,265.4444277,-84.71383376,-149.9867031,1.815333732,35.76990483,-78.67500433,264.7000122
10:14:07,10_14_07.jpg,35.77001928,-78.67509318,262.402591,-87.18107305,-150.7706236,-0.2424687787,35.76990433,-78.675036,259.2999878
10:14:09,10_14_09.jpg,35.77001694,-78.67512872,267.3863649,-90.20299861,-151.6580159,0.6404813917,35.76990583,-78.67507017,263.2900085
10:14:11,10_14_11.jpg,35.77001166,-78.67516405,259.8382329,-93.5119704,-152.717716,-0.1104278458,35.76990733,-78.6751045,266.7000122
10:14:13,10_14_13.jpg,35.77000632,-78.6752015,261.6864666,-96.89755645,-153.8656518,1.458897804,35.76990583,-78.67514317,263.5299988
10:14:15,10_14_15.jpg,35.7700024,-78.67523057,262.7920365,-99.63497215,-154.8243677,0.5631012331,35.76990533,-78.67517383,263.1600037
10:14:17,10_14_17.jpg,35.76999839,-78.67525538,254.1632453,-101.8383114,-155.611331,-1.740139084,35.7699045,-78.675201,263.4200134
10:14:19,10_14_19.jpg,35.76999531,-78.67527666,267.0382282,-103.8578213,-156.2544536,-2.943050688,35.769904,-78.675222,261.4299927
10:14:22,10_14_22.jpg,35.76999514,-78.67530408,268.6960042,-106.4628597,-156.6691386,-0.5422198418,35.76990833,-78.67526133,272.0700073
10:14:24,10_14_24.jpg,35.76999457,-78.6753313,269.9098415,-109.0188545,-157.1493996,-1.120159468,35.7699105,-78.675291,270.6199951
10:14:26,10_14_26.jpg,35.76999237,-78.67536256,264.7578093,-111.8965374,-157.8496092,-0.9543396869,35.76990983,-78.67532133,266.2399902
10:14:28,10_14_28.jpg,35.7699888,-78.67539528,265.3141002,-114.8226068,-158.7225542,-0.3597660586,35.769906,-78.6753595,262.75
10:14:30,10_14_30.jpg,35.7699843,-78.67542518,266.3920377,-117.4345125,-159.5921638,0.6662384332,35.7699005,-78.6753975,261.480011
10:14:32,10_14_32.jpg,35.76997945,-78.67545284,262.2640665,-119.9408,-160.5239973,-0.5654561218,35.7698935,-78.67543317,257.4400024
10:14:34,10_14_34.jpg,35.76997593,-78.67548955,270.8074032,-123.2539208,-161.4341514,-0.1092084831,35.769888,-78.67547833,264.1700134
10:14:36,10_14_36.jpg,35.76997556,-78.67552131,265.7869262,-126.1401518,-161.9750177,-0.343579932,35.769884,-78.67552067,267.7200012
10:14:38,10_14_38.jpg,35.76997365,-78.6755536,263.5287498,-129.0784533,-162.714334,0.1074423456,35.76988017,-78.675559,264.4400024
10:14:40,10_14_40.jpg,35.76996943,-78.67559324,263.9362592,-132.4225838,-163.8097147,-2.402775623,35.769876,-78.67560383,262.3599854
10:14:42,10_14_42.jpg,35.76996865,-78.6756266,255.7580451,-135.3176752,-164.5029605,1.679693751,35.76987433,-78.67564183,265.5
10:14:44,10_14_44.jpg,35.76996367,-78.67566026,255.6575862,-138.3438549,-165.5667364,0.8187516942,35.76987,-78.67567817,261.5799866
10:14:46,10_14_46.jpg,35.76995825,-78.67569668,259.5324802,-141.449495,-166.6189847,0.5315025344,35.769864,-78.675715,258.5100098
10:14:48,10_14_48.jpg,35.76995408,-78.67572299,254.5337449,-143.8837833,-167.6907931,-0.3456460686,35.76985833,-78.67574533,258.269989
10:14:50,10_14_50.jpg,35.76994788,-78.67575328,255.0459671,-146.5763683,-168.8568621,-3.172628786,35.7698525,-78.67577283,254.8099976
10:14:52,10_14_52.jpg,35.76994532,-78.67578804,265.4707941,-149.6898536,-169.6284303,-2.993820857,35.7698485,-78.67580467,260.7600098
10:14:54,10_14_54.jpg,35.76994333,-78.67582079,280.7787897,-152.4825527,-170.1874586,-3.533928984,35.76984683,-78.675833,262.3200073
10:14:57,10_14_57.jpg,35.76995155,-78.67584384,309.5578148,-154.717225,-169.5225884,-4.037709146,35.7698585,-78.675868,290.6700134
10:14:59,10_14_59.jpg,35.76996609,-78.67585943,330.8683794,-156.2819062,-168.1016223,-5.307076315,35.76987517,-78.67588817,310.730011
10:15:01,10_15_01.jpg,35.76998767,-78.67586998,348.7540494,-157.7401717,-165.8359446,-2.001844115,35.7698995,-78.6758945,338.2000122
10:15:03,10_15_03.jpg,35.77001002,-78.67587017,8.72143688,-158.245363,-163.2940165,-2.44655547,35.76991783,-78.67588667,0.8600000143
10:15:05,10_15_05.jpg,35.77003077,-78.67585799,22.73127946,-157.6358482,-160.6201388,-1.163193701,35.7699375,-78.67587483,17.15999985
10:15:07,10_15_07.jpg,35.77005502,-78.67584265,29.07204998,-156.7764474,-157.5132342,0.7425507061,35.7699605,-78.67586717,19.22999954
10:15:09,10_15_09.jpg,35.77007581,-78.67582717,26.97241707,-155.8249716,-154.882456,0.5205444205,35.769979,-78.67585667,25.29000092
10:15:11,10_15_11.jpg,35.77009757,-78.67581203,26.21183225,-154.8461623,-152.243666,-1.889153656,35.769999,-78.67584417,30.22999954
10:15:13,10_15_13.jpg,35.77012394,-78.67579059,27.7167454,-153.7497184,-148.9596798,0.2188118053,35.77001533,-78.67581533,48.02000046
10:15:15,10_15_15.jpg,35.77014728,-78.67577591,26.17286466,-152.7826444,-146.0011696,-0.7703100916,35.7700345,-78.67578733,53.65000153
10:15:17,10_15_17.jpg,35.77016991,-78.67575873,27.13099922,-152.020385,-143.1967079,0.278540367,35.77005333,-78.675768,52.81000137
10:15:19,10_15_19.jpg,35.77019359,-78.67574443,23.01562746,-151.1927107,-140.2965126,1.176306465,35.77007783,-78.67575567,nan
10:15:21,10_15_21.jpg,35.77021039,-78.6757289,29.17891321,-150.4613959,-137.9167699,-1.770083423,35.77010467,-78.67574767,33.77999878
10:15:23,10_15_23.jpg,35.77023072,-78.67571604,32.04893426,-149.6994737,-135.5531651,-1.748543023,35.77012483,-78.67573583,30.02000046
10:15:25,10_15_25.jpg,35.77025529,-78.67569517,34.62275328,-148.1963601,-132.5967397,-0.7981610949,35.77014267,-78.67570883,40.61000061
10:15:27,10_15_27.jpg,35.77028052,-78.6756737,32.3986109,-146.747639,-129.3907481,0.6335401054,35.7701635,-78.675676,44.52999878
10:15:29,10_15_29.jpg,35.7703049,-78.67565383,32.85090839,-145.6524256,-126.2721079,-1.225179714,35.7701865,-78.6756575,42.58000183
10:15:32,10_15_32.jpg,35.77033205,-78.67563599,27.423643,-144.5098852,-123.0353499,-2.866237866,35.770222,-78.675633,39.54999924
10:15:34,10_15_34.jpg,35.77035759,-78.6756206,23.67838552,-143.5551452,-120.144983,-2.35424548,35.77025633,-78.67561767,31.90999985
10:15:36,10_15_36.jpg,35.77038117,-78.67560055,35.60531266,-142.484222,-116.9015506,-0.6141505304,35.770281,-78.67560267,30.67000008
10:15:38,10_15_38.jpg,35.77040218,-78.67558145,36.96428929,-141.2863326,-114.0265938,1.156402714,35.77030683,-78.67558417,35.56999969
10:15:40,10_15_40.jpg,35.77042402,-78.67556205,33.81317376,-140.089716,-111.4181459,0.5317848811,35.770336,-78.67557633,29.82999992
10:15:42,10_15_42.jpg,35.77044663,-78.67554223,38.18357553,-138.6231366,-108.4617179,-0.6483067879,35.770362,-78.6755675,29.12999916
10:15:44,10_15_44.jpg,35.77046743,-78.67552339,35.23223305,-137.2766668,-105.8404661,0.4937717692,35.77038517,-78.675551,34.02000046
10:15:46,10_15_46.jpg,35.77048951,-78.6754981,38.59661441,-135.5736389,-102.7693726,-0.1906076323,35.7704135,-78.6755395,33.29000092
10:15:48,10_15_48.jpg,35.77050992,-78.67547582,42.01778247,-134.003657,-100.0742354,-1.592209517,35.7704395,-78.67551967,35.25999832
10:15:50,10_15_50.jpg,35.77053112,-78.67545438,33.22072902,-132.4351859,-97.29151537,0.4907453316,35.770463,-78.67550167,35.43999863
10:15:52,10_15_52.jpg,35.77055343,-78.67544057,40.22697632,-131.3966236,-94.80001197,-0.3188393954,35.77048833,-78.675489,32.86999893
10:15:54,10_15_54.jpg,35.7705792,-78.67541618,33.14448748,-129.7782009,-91.56721999,1.038112097,35.77051267,-78.67547783,22.57999992
10:15:56,10_15_56.jpg,35.77060129,-78.67539529,37.83983287,-128.3615231,-88.91228146,-0.5012443057,35.77053917,-78.675464,23.87999916
10:15:58,10_15_58.jpg,35.77062376,-78.67537384,31.87215958,-126.8012665,-85.99575177,0.3298075912,35.77056467,-78.67544217,31.61000061
10:16:00,10_16_00.jpg,35.77064981,-78.67535365,31.04842408,-125.5610212,-82.72416375,-0.4153585619,35.77059167,-78.67542833,29.85000038
10:16:02,10_16_02.jpg,35.77067863,-78.67533342,31.11337873,-124.2666391,-79.29566687,0.3085744038,35.77061867,-78.67540517,30.93000031
10:16:04,10_16_04.jpg,35.7707041,-78.6753137,27.08153629,-123.0730173,-76.00227774,-0.5087033151,35.77064583,-78.67538167,30.70999908
10:16:07,10_16_07.jpg,35.77072886,-78.67530086,28.30436359,-122.3019277,-73.28707814,-0.3005297142,35.77067683,-78.6753565,nan
10:16:09,10_16_09.jpg,35.77075057,-78.67528642,31.27770287,-121.3107811,-70.73382171,0.5148856652,35.77069633,-78.6753415,28.70999908
10:16:11,10_16_11.jpg,35.77076946,-78.67527098,34.94779685,-120.2683496,-68.24183052,1.488383713,35.77071067,-78.67532517,nan
10:16:13,10_16_13.jpg,35.77078995,-78.67525681,31.74936371,-119.2668174,-65.98029249,1.205094226,35.77073017,-78.675318,nan
10:16:15,10_16_15.jpg,35.77081527,-78.67524042,26.28251523,-118.2790928,-63.02471828,-1.603713485,35.7707485,-78.67529767,30.87000084
10:16:17,10_16_17.jpg,35.77084446,-78.67521824,30.73396935,-116.9886595,-59.34041901,1.57448275,35.7707725,-78.6752785,36.52999878
10:16:19,10_16_19.jpg,35.77086871,-78.67519802,34.72489697,-115.7907018,-56.17939955,-0.237675136,35.77079417,-78.67525783,37.41999817
10:16:21,10_16_21.jpg,35.77089403,-78.67517501,33.19106043,-114.3319699,-52.77314295,0.8259709471,35.77082083,-78.67523983,32.90000153
10:16:23,10_16_23.jpg,35.7709164,-78.67515814,35.88546462,-113.0740634,-50.10478435,0.2443935763,35.770846,-78.67522617,31.23999977
10:16:25,10_16_25.jpg,35.77094127,-78.67513972,32.97531285,-111.8403,-47.4452103,0.8717515431,35.77086517,-78.67520933,30.62000084
10:16:27,10_16_27.jpg,35.77096896,-78.67511918,30.83079422,-110.5501618,-44.29253161,1.136828442,35.7709,-78.67519783,27.72999954
10:16:29,10_16_29.jpg,35.7709982,-78.67509972,34.82448916,-109.1107014,-40.84200461,1.719971611,35.77093033,-78.675181,26.11000061
10:16:31,10_16_31.jpg,35.77102166,-78.67508309,28.72094275,-107.7347668,-38.01537494,0.2433850787,35.77096283,-78.67516783,25.23999977
10:16:33,10_16_33.jpg,35.77104305,-78.67506867,31.35096604,-106.7480067,-35.50703065,0.0382286686,35.770985,-78.675147,31.90999985
10:16:36,10_16_36.jpg,35.77107372,-78.67504344,32.73327092,-105.1474221,-31.81556691,1.46452045,35.7710325,-78.67512517,31.18000031
10:16:38,10_16_38.jpg,35.7711012,-78.6750198,47.85998554,-103.705525,-28.83388749,3.552499154,35.7710615,-78.67511383,28.89999962
10:16:40,10_16_40.jpg,35.77111093,-78.67501847,35.97095612,-103.2833215,-27.90178447,3.778088287,35.771069,-78.67511467,nan
10:16:42,10_16_42.jpg,35.771124,-78.67500921,32.55085017,-102.6555619,-26.16764447,0.7690052182,35.7710655,-78.67506233,nan
10:16:44,10_16_44.jpg,35.77114457,-78.67499362,29.56786584,-101.6235253,-23.66276255,4.275835281,35.77108633,-78.6750385,40.84999847
10:16:46,10_16_46.jpg,35.77116705,-78.67497872,36.15681859,-100.6090824,-20.88832126,1.741562171,35.77110483,-78.67501483,nan
10:16:48,10_16_48.jpg,35.77118176,-78.67496875,46.36977907,-99.82321164,-19.20391344,2.020330778,35.77110433,-78.6749845,nan
10:16:50,10_16_50.jpg,35.77120477,-78.67495345,19.68548968,-98.98273762,-16.38470111,2.958629738,35.77112733,-78.6749715,nan
10:16:52,10_16_52.jpg,35.77123272,-78.67494073,25.03591688,-98.08322919,-13.2515193,2.002818046,35.77114367,-78.67496183,nan
10:16:54,10_16_54.jpg,35.7712552,-78.67492416,28.7599823,-97.20585446,-10.6005854,1.194247764,35.77115867,-78.67494267,nan
10:16:56,10_16_56.jpg,35.77127899,-78.67491221,36.06339278,-96.27604739,-7.886605339,-0.1170679331,35.77118317,-78.674929,nan
10:16:58,10_16_58.jpg,35.77130315,-78.67489788,32.66283915,-95.25723449,-5.188384699,1.489156104,35.77119983,-78.6749045,nan
10:17:00,10_17_00.jpg,35.77132153,-78.67488086,31.95341245,-94.37488309,-2.880948235,1.733072851,35.77120233,-78.67487167,nan
10:17:02,10_17_02.jpg,35.77134132,-78.67486423,34.00694904,-93.4196768,-0.4079781103,3.300733582,35.77120133,-78.67482167,nan
10:17:04,10_17_04.jpg,35.77136188,-78.67484939,31.63023325,-92.3707369,2.024451086,1.956845678,35.771208,-78.67480683,nan
10:17:06,10_17_06.jpg,35.77138325,-78.67482847,43.7055705,-91.00976384,4.694993568,0.1993669162,35.77122317,-78.67477533,nan
10:17:08,10_17_08.jpg,35.77140013,-78.67481204,32.48280355,-89.7007844,7.322595132,1.104222053,35.7712385,-78.67475383,nan
10:17:10,10_17_10.jpg,35.77142394,-78.67481197,37.22086281,-88.35113413,10.18936583,1.808805516,35.77126383,-78.67473783,38.86999893
10:17:12,10_17_12.jpg,35.7714532,-78.67480758,33.28340084,-87.27600987,13.29757012,0.7414548905,35.77129267,-78.6747225,35.47000122
10:17:14,10_17_14.jpg,35.77147526,-78.67479919,32.35962231,-86.2717993,16.11259176,2.348050127,35.77132233,-78.67470183,33.72999954
10:17:16,10_17_16.jpg,35.77149988,-78.67478093,36.7527884,-84.90750395,19.32345962,1.537407785,35.7713465,-78.67469083,30.34000015
10:17:18,10_17_18.jpg,35.77152294,-78.67476051,39.50963082,-83.5088594,22.22257337,2.408222432,35.7713755,-78.67467967,29.37000084
10:17:20,10_17_20.jpg,35.77154523,-78.67474071,35.62499984,-82.09861578,25.03124611,2.288326472,35.77140233,-78.67465667,31.86000061
10:17:23,10_17_23.jpg,35.7715674,-78.67472189,37.12928321,-80.64540101,27.74855749,2.112963216,35.77143683,-78.6746245,37.79999924
10:17:25,10_17_25.jpg,35.77158458,-78.67471193,24.49598778,-79.71138838,29.85055677,2.825958337,35.77145367,-78.67461917,nan
10:17:27,10_17_27.jpg,35.77160769,-78.6746957,28.52506503,-78.82732069,32.42731004,1.169676033,35.771463,-78.67460267,nan
10:17:29,10_17_29.jpg,35.77162944,-78.67467613,28.09337017,-77.80493336,34.82595663,0.4545656144,35.771483,-78.674592,nan
10:17:31,10_17_31.jpg,35.7716502,-78.67465546,33.539124,-76.59855568,37.25143562,1.115998822,35.77149567,-78.6745735,nan
10:17:33,10_17_33.jpg,35.77167468,-78.67462994,44.47891806,-74.83921709,40.38961796,2.206654706,35.771519,-78.67454917,41.86999893
10:17:35,10_17_35.jpg,35.77169687,-78.67460159,58.86102756,-72.8082235,43.17812953,-0.5211958352,35.7715345,-78.67451483,54.72000122
10:17:37,10_17_37.jpg,35.7717147,-78.67456443,56.87968079,-70.05087466,45.65697685,-0.3283725925,35.77155217,-78.67448733,61.13000107
10:17:39,10_17_39.jpg,35.77173155,-78.67452775,65.68097894,-67.03134376,47.86739815,-2.22125571,35.77157,-78.6744575,66.87000275
10:17:41,10_17_41.jpg,35.77174119,-78.67449161,76.06940321,-63.82330823,49.51050338,0.7982058243,35.771586,-78.6744245,70.91000366
10:17:43,10_17_43.jpg,35.77174654,-78.67445385,74.9769642,-60.62715374,50.93168532,0.7627062681,35.771602,-78.67438917,73.65000153
10:17:45,10_17_45.jpg,35.77175186,-78.67441547,91.72470837,-57.5683688,51.92559498,0.2149183976,35.771614,-78.67435333,77.91000366
10:17:47,10_17_47.jpg,35.77175323,-78.67439234,97.83603588,-55.30771858,52.46136954,2.138348835,35.77162417,-78.67433283,82.97000122
10:17:49,10_17_49.jpg,35.77175046,-78.67436375,91.06449503,-52.8945608,52.90351458,0.8604057654,35.77160867,-78.674277,86.20999908
10:17:51,10_17_51.jpg,35.77174582,-78.67433588,101.920226,-50.67896804,52.96442561,0.8822622906,35.77159317,-78.6742335,96.98999786
10:17:53,10_17_53.jpg,35.77173414,-78.67430225,88.43523614,-48.47100293,52.90469015,1.169449856,35.77157733,-78.674199,102.2799988
10:17:55,10_17_55.jpg,35.77172953,-78.6742756,130.7014251,-46.0357949,52.76779913,0.6133399477,35.77156667,-78.67417233,101.0
10:17:57,10_17_57.jpg,35.77172265,-78.67425318,113.7097219,-43.55576718,52.36067833,2.902610599,35.77156717,-78.67415683,101.5100021
10:17:59,10_17_59.jpg,35.77171798,-78.67422542,112.0760306,-40.83262885,51.83597464,1.290788304,35.77155833,-78.67413083,108.3600006
10:18:02,10_18_02.jpg,35.77170528,-78.67419574,117.45541,-38.04569254,50.97464665,1.97001083,35.7715335,-78.67407167,117.3199997
10:18:04,10_18_04.jpg,35.77169169,-78.67416579,123.150688,-35.33650616,49.82202606,2.494266646,35.7715155,-78.6740345,124.3399963
10:18:06,10_18_06.jpg,35.7716784,-78.67413904,132.8789036,-32.44331067,48.50047052,3.889248815,35.771503,-78.67401083,126.5
10:18:08,10_18_08.jpg,35.77166563,-78.67411361,124.1510269,-29.52136518,47.04244327,3.220282658,35.7714865,-78.67398417,130.0599976
10:18:10,10_18_10.jpg,35.77165223,-78.67408368,123.5569765,-26.93307762,45.87963851,3.735266074,35.77147917,-78.67396683,128.75
10:18:12,10_18_12.jpg,35.77163874,-78.67405724,123.9630263,-24.24428035,44.87597169,1.213036226,35.77147833,-78.673953,123.1600037
10:18:14,10_18_14.jpg,35.77162411,-78.6740314,125.9267172,-21.36794233,43.74714701,3.12033175,35.77147533,-78.6739325,121.8899994
10:18:16,10_18_16.jpg,35.77160955,-78.67401088,128.3550111,-18.94918779,42.41897395,2.393803497,35.77147183,-78.673919,130.0200043
10:18:18,10_18_18.jpg,35.77159153,-78.6739917,137.7377547,-16.75362701,40.73965586,2.492377528,35.7714665,-78.67390767,135.0099945
10:18:20,10_18_20.jpg,35.77157024,-78.67396994,147.8447739,-14.72272168,38.65966671,4.537703787,35.77145167,-78.67389683,144.7799988
10:18:22,10_18_22.jpg,35.77154551,-78.67394848,155.185803,-12.94691335,36.36839508,4.05742728,35.7714305,-78.6738925,158.2700043
10:18:24,10_18_24.jpg,35.77152287,-78.6739351,156.067134,-11.51769412,34.2478123,3.945212615,35.771413,-78.673889,161.0
10:18:26,10_18_26.jpg,35.77149743,-78.6739205,160.6169192,-9.899469978,31.6609862,3.324889748,35.77139467,-78.6738805,159.6499939
10:18:28,10_18_28.jpg,35.77147903,-78.67390601,166.4580285,-8.930521254,29.52744098,2.952712466,35.771376,-78.67387083,159.0899963
10:18:30,10_18_30.jpg,35.77145557,-78.67389758,176.1091075,-8.289845147,27.04690502,3.64068803,35.77136067,-78.67386883,169.7100067
10:18:32,10_18_32.jpg,35.77142655,-78.67389674,177.0528971,-7.64266906,24.16373778,3.620954843,35.7713415,-78.67386633,174.0299988
10:18:34,10_18_34.jpg,35.77139201,-78.67389024,181.9434225,-7.048396066,20.8395381,2.923515499,35.77132283,-78.67386533,176.2400055
10:18:36,10_18_36.jpg,35.77136326,-78.67389192,178.9375146,-6.595895853,17.82570027,3.916564623,35.7713035,-78.67386517,183.1600037
10:18:39,10_18_39.jpg,35.77133361,-78.67389479,186.4082592,-6.267661003,14.985978,3.502524791,35.77126533,-78.67386217,183.8300018
10:18:41,10_18_41.jpg,35.77130506,-78.67390237,197.3814356,-6.292270826,11.65957938,3.125674351,35.771238,-78.67386783,188.7200012
10:18:43,10_18_43.jpg,35.77127356,-78.67391221,197.6207779,-6.737258343,8.492250976,3.267243845,35.77121317,-78.6738745,191.5200043
10:18:45,10_18_45.jpg,35.77124515,-78.67392856,209.0182873,-7.550835746,5.179877822,1.654989312,35.77119267,-78.67388917,201.7299957
10:18:47,10_18_47.jpg,35.77121306,-78.67394524,212.4711923,-9.207457077,1.969289233,2.957226281,35.77117417,-78.6739125,214.8200073
10:18:49,10_18_49.jpg,35.77119476,-78.67396032,217.1397042,-10.38473633,-0.2620920003,2.190172142,35.77116333,-78.6739315,222.4799957
10:18:51,10_18_51.jpg,35.77117513,-78.673974,208.4250055,-11.34647224,-2.44939627,3.717350158,35.77114567,-78.67394383,218.4199982
10:18:53,10_18_53.jpg,35.7711515,-78.67399456,207.4153899,-12.40594752,-5.384315412,3.637923784,35.771127,-78.67396133,217.0
10:18:55,10_18_55.jpg,35.77113393,-78.67401121,214.0511435,-10.23584758,-9.438495026,3.610522414,35.771111,-78.67397633,214.7200012
10:18:57,10_18_57.jpg,35.77111581,-78.67403125,217.5977274,-11.38241659,-12.13519017,4.337036345,35.7710905,-78.6739875,210.8800049
10:18:59,10_18_59.jpg,35.77109466,-78.67405134,206.9454737,-12.62382169,-15.04023104,3.61370836,35.7710645,-78.674001,211.4600067
10:19:01,10_19_01.jpg,35.77107833,-78.674071,214.6032121,-13.78780989,-17.53236695,3.36256293,35.7710455,-78.6740165,216.5800018
10:19:03,10_19_03.jpg,35.77105996,-78.67408736,216.1420412,-15.09378021,-20.2623494,2.57780246,35.77101817,-78.67402583,207.2299957
10:19:05,10_19_05.jpg,35.77103773,-78.67411117,214.0771953,-16.6076527,-23.43405619,2.563691545,35.77099133,-78.67404217,206.6799927
10:19:07,10_19_07.jpg,35.77100959,-78.67412813,214.6165451,-17.90821656,-26.22385806,2.449940799,35.770965,-78.67405883,210.1999969
10:19:09,10_19_09.jpg,35.77097811,-78.67414373,214.7820685,-19.12440613,-28.94869349,2.986968065,35.77094133,-78.67407417,211.0599976
10:19:12,10_19_12.jpg,35.77095312,-78.67415754,207.2048311,-20.11197839,-31.56916065,3.61211486,35.770901,-78.67409883,205.4400024
10:19:14,10_19_14.jpg,35.77093417,-78.67417304,214.4269501,-21.04388829,-34.1612644,2.237231301,35.7708695,-78.67410767,197.5399933
10:19:16,10_19_16.jpg,35.77091722,-78.67418066,214.8647035,-21.8449732,-36.28356771,4.329476204,35.77084983,-78.67412183,202.2899933
10:19:18,10_19_18.jpg,35.77088903,-78.67418801,219.8521152,-22.96314186,-39.1128039,3.783444787,35.77083167,-78.674137,206.4100037
10:19:20,10_19_20.jpg,35.77086301,-78.67420281,216.8996823,-24.13596598,-41.80405835,3.646140006,35.77081167,-78.67415483,213.8899994
10:19:22,10_19_22.jpg,35.77083877,-78.67422616,214.5714715,-25.37815748,-44.39892989,4.013268424,35.770793,-78.6741725,217.25
10:19:24,10_19_24.jpg,35.77081955,-78.67425059,208.5654701,-26.33666777,-46.78902086,4.589838427,35.77077133,-78.67419,214.7200012
10:19:26,10_19_26.jpg,35.77079851,-78.6742688,209.3239625,-27.40731241,-49.62132392,5.418211926,35.7707475,-78.6742075,211.4799957
10:19:28,10_19_28.jpg,35.77078055,-78.67429085,209.5528904,-28.4851884,-52.35820233,3.432655812,35.770723,-78.67422633,nan
10:19:30,10_19_30.jpg,35.77076442,-78.67430571,197.0842584,-29.55863584,-54.99235967,4.07739289,35.77071317,-78.67424933,nan
10:19:32,10_19_32.jpg,35.77074434,-78.67432025,212.9558501,-30.63918557,-57.70033299,2.180465593,35.77070183,-78.67427317,nan
10:19:34,10_19_34.jpg,35.77072043,-78.67434443,208.0137075,-31.91386714,-60.62273177,3.140970232,35.7706805,-78.6742945,210.0500031
10:19:36,10_19_36.jpg,35.77069912,-78.6743616,213.8729536,-33.05041138,-63.18733646,1.384437225,35.7706645,-78.67431233,nan
10:19:38,10_19_38.jpg,35.77067331,-78.67437366,212.0967154,-34.20870697,-65.86142256,3.449823897,35.77064467,-78.67432617,nan
10:19:40,10_19_40.jpg,35.77064662,-78.67439841,215.2005595,-35.55875803,-68.98538231,1.384207183,35.77061533,-78.67435033,200.4299927
10:19:43,10_19_43.jpg,35.77061593,-78.67441458,205.4092145,-37.01540248,-72.17208085,3.430536829,35.77058433,-78.674386,nan
10:19:45,10_19_45.jpg,35.77058948,-78.6744271,209.2631774,-38.19190279,-74.99812714,-0.3602829492,35.77055567,-78.674398,199.2200012
10:19:47,10_19_47.jpg,35.7705647,-78.67444272,207.6292467,-39.29749052,-77.90890514,0.69152235,35.7705385,-78.67441567,201.9400024
10:19:49,10_19_49.jpg,35.77054372,-78.67446408,211.6008649,-40.32968017,-80.70644131,2.018683369,35.770519,-78.67442683,205.3399963
10:19:51,10_19_51.jpg,35.77051528,-78.67448908,209.5126373,-41.65425426,-84.00382338,2.437582777,35.77049683,-78.67443983,205.5899963
10:19:53,10_19_53.jpg,35.77048502,-78.67450498,211.9081069,-42.98380084,-87.22838916,1.18935234,35.770473,-78.674462,nan
10:19:55,10_19_55.jpg,35.77045461,-78.67451731,216.4702618,-44.24848965,-90.22392289,2.117585679,35.77045033,-78.67447833,nan
10:19:57,10_19_57.jpg,35.77043113,-78.67453749,212.5345667,-45.25398892,-93.07451807,3.854628975,35.7704265,-78.67449983,214.9700012
10:19:59,10_19_59.jpg,35.77040723,-78.67455808,213.1476778,-46.27862134,-96.03255865,4.669671858,35.77040583,-78.67451683,nan
10:20:01,10_20_01.jpg,35.77039145,-78.67457936,206.5842265,-47.23143638,-98.60895571,4.754666913,35.77038817,-78.67453483,nan
10:20:03,10_20_03.jpg,35.77036872,-78.67459678,210.057474,-48.40291219,-101.5949652,1.407867905,35.7703685,-78.67455183,218.1499939
10:20:05,10_20_05.jpg,35.77034899,-78.67461424,209.068191,-49.43494597,-104.0875825,2.553642766,35.77034283,-78.674567,nan
10:20:07,10_20_07.jpg,35.77032124,-78.67462907,215.5474686,-50.73580873,-107.0265929,1.666149711,35.77031417,-78.67458117,nan
10:20:09,10_20_09.jpg,35.77029706,-78.67464399,208.4570166,-51.86846953,-109.8173144,1.757563202,35.77028533,-78.67459717,212.0700073
10:20:11,10_20_11.jpg,35.77027386,-78.67466285,213.6312624,-53.02432929,-112.7165301,0.572981876,35.77025967,-78.67461433,211.8500061
10:20:13,10_20_13.jpg,35.77025122,-78.67468188,211.3344265,-54.1348959,-115.6562631,1.484376902,35.7702295,-78.67462783,211.6000061
10:20:15,10_20_15.jpg,35.77022744,-78.67469544,211.0348078,-55.14403943,-118.2617133,-0.5017042446,35.77020583,-78.6746485,nan
10:20:18,10_20_18.jpg,35.77020858,-78.6747165,213.009165,-56.20803393,-120.841748,2.845837999,35.7701755,-78.67467717,216.2599945
10:20:20,10_20_20.jpg,35.7701941,-78.67473146,211.9857966,-57.06845824,-122.9145162,3.437157963,35.77015517,-78.67468717,209.8899994
10:20:22,10_20_22.jpg,35.77017524,-78.67474805,216.1536464,-58.19005137,-125.6705505,3.018774222,35.77012883,-78.67470067,209.7599945
10:20:24,10_20_24.jpg,35.77015586,-78.67476832,214.0943376,-59.35369594,-128.4129235,3.08384865,35.7701095,-78.67471633,214.75
10:20:26,10_20_26.jpg,35.77013822,-78.67478218,215.4615373,-60.31517149,-130.6826637,2.159697563,35.7700885,-78.6747265,nan
10:20:28,10_20_28.jpg,35.77011769,-78.67480286,214.4717515,-61.49657257,-133.4208627,4.643512355,35.77006383,-78.674741,212.7700043
10:20:30,10_20_30.jpg,35.77009385,-78.67482255,211.3355154,-62.76005294,-136.4650105,3.696904052,35.77003933,-78.67475883,212.8600006
10:20:32,10_20_32.jpg,35.77006771,-78.67483897,220.6143868,-64.02756176,-139.4072761,2.284633223,35.77001467,-78.67477733,212.1100006
10:20:34,10_20_34.jpg,35.77004495,-78.67486513,232.8853373,-66.08040848,-142.1291825,0.3507759902,35.76999383,-78.674803,221.6699982
10:20:36,10_20_36.jpg,35.77002766,-78.6748963,250.2357945,-68.64664092,-144.538165,0.2901059943,35.76998667,-78.67483983,nan
10:20:38,10_20_38.jpg,35.77001979,-78.67493233,266.6117477,-71.50245776,-146.064648,0.7297419408,35.76996917,-78.67487083,237.9799957
10:20:40,10_20_40.jpg,35.77001858,-78.67496124,265.8498648,-73.93924534,-146.9600302,-0.4948092666,35.769966,-78.67490167,nan
10:20:42,10_20_42.jpg,35.77001779,-78.67499359,261.6887054,-76.79455862,-147.7439492,0.4627355349,35.769967,-78.674936,262.0899963
10:20:44,10_20_44.jpg,35.77001989,-78.67501446,263.7561499,-78.98731278,-148.3744378,-0.1913650089,35.76996683,-78.67497083,262.7999878
10:20:46,10_20_46.jpg,35.77001978,-78.67503501,262.3926672,-81.03769073,-149.0374107,1.273366424,35.769964,-78.67499667,256.9599915
10:20:48,10_20_48.jpg,35.77001572,-78.67506496,260.5689221,-83.79017999,-149.8631223,0.9730804642,35.76996283,-78.67502883,260.9899902
10:20:50,10_20_50.jpg,35.77000844,-78.67510244,261.8047642,-87.13803967,-150.9511755,1.953874544,35.7699595,-78.6750625,262.4700012
10:20:52,10_20_52.jpg,35.76999951,-78.67514601,258.238421,-91.13470279,-152.2496225,-1.06347599,35.7699555,-78.67510433,262.1799927
10:20:55,10_20_55.jpg,35.76999342,-78.67518452,263.273116,-94.57000265,-153.3648058,-0.3808385498,35.76994517,-78.6751615,261.4599915
10:20:57,10_20_57.jpg,35.7699912,-78.67521801,265.8560339,-97.39748824,-154.130989,0.04010517753,35.7699425,-78.67519517,263.8800049
10:20:59,10_20_59.jpg,35.76998847,-78.67524873,262.537856,-99.98038442,-154.8671176,-0.08796825569,35.76994167,-78.6752265,263.1900024
10:21:01,10_21_01.jpg,35.76998653,-78.67527735,271.6513978,-102.5319078,-155.5640581,-0.3288488349,35.76994167,-78.675256,266.019989
10:21:03,10_21_03.jpg,35.76998622,-78.6753072,267.70939,-105.1739415,-156.1353161,-0.6408081246,35.76994017,-78.67528917,266.2000122
10:21:05,10_21_05.jpg,35.76998588,-78.67533207,268.1106264,-107.4637062,-156.653933,0.1722835271,35.7699375,-78.67531933,263.8099976
10:21:07,10_21_07.jpg,35.76998327,-78.67536149,260.84947,-110.0851172,-157.4273426,0.3923661314,35.76993367,-78.67535533,263.7799988
10:21:09,10_21_09.jpg,35.76998135,-78.67539844,269.3452196,-113.2709456,-158.1531568,-0.05410892053,35.76993033,-78.67539617,266.8399963
10:21:11,10_21_11.jpg,35.76997813,-78.67543693,261.0836745,-116.6581376,-159.1462049,0.2273352126,35.76992667,-78.67543917,261.4899902
10:21:13,10_21_13.jpg,35.76997208,-78.67547491,260.6877873,-119.9445869,-160.3623561,-2.382568338,35.76991983,-78.675483,258.3299866
10:21:15,10_21_15.jpg,35.76996797,-78.67551436,256.4283309,-123.4281319,-161.4338888,-0.8719003786,35.76991617,-78.67552033,259.9599915
10:21:17,10_21_17.jpg,35.76996616,-78.67555067,266.4681447,-126.6808927,-162.2473054,-0.6500718338,35.76991483,-78.675555,266.8699951
10:21:19,10_21_19.jpg,35.76996329,-78.67558872,266.4769719,-129.9701755,-163.0937177,-1.523740727,35.76991267,-78.67559367,264.8599854
10:21:21,10_21_21.jpg,35.769966,-78.67562498,276.1372559,-133.1740426,-163.3786592,0.250132222,35.769913,-78.67563283,275.6700134
10:21:24,10_21_24.jpg,35.76996318,-78.67566164,251.6218359,-136.223919,-164.3434213,3.576451023,35.76991017,-78.675686,264.7900085
10:21:26,10_21_26.jpg,35.76995145,-78.67570178,250.5086797,-139.4982086,-166.4970802,-1.876534952,35.76989617,-78.6757235,246.7200012
10:21:28,10_21_28.jpg,35.76994351,-78.67574372,256.359516,-142.9371887,-168.0848612,-2.209664743,35.76988667,-78.67576317,252.1900024
10:21:30,10_21_30.jpg,35.76994016,-78.67578272,261.1540691,-146.3458952,-169.2583197,-0.3981224701,35.76987983,-78.67580233,256.5700073
10:21:32,10_21_32.jpg,35.76993875,-78.67581185,264.5666188,-149.2390385,-170.1881771,-1.762486273,35.7698775,-78.67583517,265.2399902
10:21:34,10_21_34.jpg,35.76994234,-78.67583445,288.0629035,-151.5616733,-170.3670705,-2.913324281,35.76987933,-78.6758585,275.7799988
10:21:36,10_21_36.jpg,35.76995353,-78.6758518,316.7071051,-153.5445594,-169.4888897,-4.547923914,35.769888,-78.675876,301.4599915
10:21:38,10_21_38.jpg,35.76997051,-78.67586727,328.3857824,-155.2726536,-167.9109609,-4.116143971,35.76990217,-78.67588783,316.2399902
10:21:40,10_21_40.jpg,35.76999296,-78.67587705,339.692098,-156.6601795,-165.5405293,-0.1320070739,35.76992133,-78.67588983,328.9599915
10:21:42,10_21_42.jpg,35.77001775,-78.67587987,10.43092737,-157.3703738,-162.833363,-5.32193038,35.76994567,-78.675902,333.0299988
10:21:44,10_21_44.jpg,35.77004126,-78.67586376,22.57254241,-156.7707039,-159.8256476,0.5391164411,35.76996517,-78.675902,nan
10:21:46,10_21_46.jpg,35.77006321,-78.67585044,25.10456867,-156.084742,-156.8173153,-1.111784014,35.76998717,-78.67589933,359.1499939
10:21:48,10_21_48.jpg,35.77008633,-78.67583375,25.45105623,-155.0796041,-153.8777478,-1.281046013,35.77000933,-78.67588867,nan
10:21:50,10_21_50.jpg,35.77010576,-78.67581634,33.62306801,-154.148382,-151.1416871,-0.2130713402,35.7700285,-78.67587133,28.15999985
10:21:52,10_21_52.jpg,35.77012683,-78.67579573,39.35047426,-152.9956797,-148.381502,0.4403347551,35.77004833,-78.67585317,36.20000076
10:21:54,10_21_54.jpg,35.77014518,-78.67577676,37.03038961,-151.9264037,-145.81768,0.06972772451,35.7700725,-78.67583367,38.02000046
10:21:57,10_21_57.jpg,35.77016198,-78.67575662,37.87900638,-150.8593059,-143.4133627,-1.61258837,35.77010167,-78.67581467,nan
10:21:59,10_21_59.jpg,35.77018267,-78.6757285,29.53514985,-149.5463636,-140.419554,-0.3032232155,35.77012767,-78.675803,29.15999985
10:22:01,10_22_01.jpg,35.77020723,-78.67570496,30.77641734,-148.3361493,-137.2174526,-2.677687069,35.77015467,-78.6757895,25.55999947
10:22:03,10_22_03.jpg,35.77023847,-78.6756815,46.14239274,-146.8598687,-133.5627704,-1.872417303,35.77018317,-78.67577217,29.20000076
10:22:05,10_22_05.jpg,35.77026823,-78.67565337,35.38138061,-145.1200764,-129.9653471,-1.034242376,35.770211,-78.67574633,32.93999863
10:22:07,10_22_07.jpg,35.77030058,-78.67563817,29.17254502,-143.6722393,-126.3152477,-1.5851729,35.7702405,-78.67572517,28.79999924
10:22:09,10_22_09.jpg,35.77033363,-78.67563816,34.16313133,-142.358201,-122.8259929,-1.057272197,35.770271,-78.67570117,27.94000053
10:22:11,10_22_11.jpg,35.77036251,-78.67563453,24.96463366,-141.1710826,-119.8499879,-1.618976684,35.77029517,-78.67568133,29.65999985
10:22:13,10_22_13.jpg,35.77038767,-78.67562679,32.81934227,-140.1131871,-117.0613438,-1.242576759,35.7703195,-78.67566233,29.13999939
10:22:15,10_22_15.jpg,35.77041513,-78.67561308,28.99000183,-138.8910985,-114.0445043,-0.1909311411,35.77034333,-78.67564483,28.95000076
10:22:17,10_22_17.jpg,35.77044406,-78.67559551,35.00310041,-137.2515974,-110.4364408,-2.41468721,35.77037033,-78.6756205,34.47999954
10:22:19,10_22_19.jpg,35.77047492,-78.67557306,31.83294592,-135.6278829,-106.73782,0.6964408372,35.7704,-78.6755955,35.38000107
10:22:21,10_22_21.jpg,35.77050227,-78.67555331,28.07248694,-134.2598399,-103.3925037,-1.092372048,35.77042233,-78.675574,36.79999924
10:22:23,10_22_23.jpg,35.77052707,-78.67553875,40.68580163,-132.97288,-100.7283605,-0.2531437461,35.77044283,-78.675552,nan
10:22:25,10_22_25.jpg,35.77054683,-78.67552499,27.79770232,-131.9693108,-98.57283895,-0.7080360408,35.770456,-78.67553817,nan
10:22:27,10_22_27.jpg,35.77056756,-78.67551004,27.72877546,-131.0088963,-96.0514844,-0.3760335597,35.77047683,-78.6755165,38.83000183
10:22:29,10_22_29.jpg,35.77058736,-78.67549581,28.02504732,-130.1010337,-93.52946314,-1.121655404,35.770496,-78.67549867,31.84000015
10:22:31,10_22_31.jpg,35.77060895,-78.67547715,42.92612863,-128.9057047,-90.86617376,-0.9369546187,35.7705215,-78.675481,30.82999992
10:22:33,10_22_33.jpg,35.77062536,-78.67546444,37.96319584,-127.7837599,-88.84834364,-0.9033149979,35.770539,-78.675465,nan
10:22:35,10_22_35.jpg,35.77064643,-78.67544501,34.25824967,-126.3528054,-86.39386683,0.5750855772,35.77056017,-78.67544817,37.18000031
10:22:38,10_22_38.jpg,35.77066522,-78.67542772,38.0556803,-125.1772577,-84.04600075,0.4167442789,35.77058617,-78.67542483,nan
10:22:40,10_22_40.jpg,35.7706884,-78.67541404,22.10647565,-124.2333681,-81.47658979,-0.5887165007,35.7706095,-78.67541083,31.60000038
10:22:42,10_22_42.jpg,35.77071215,-78.67540073,23.77527078,-123.376199,-78.62831888,-5.384062056,35.77063533,-78.675397,25.13999939
10:22:44,10_22_44.jpg,35.77073731,-78.67537999,33.18648195,-121.7733847,-75.56858858,-2.971263166,35.7706615,-78.675374,32.84000015
10:22:46,10_22_46.jpg,35.7707609,-78.67535818,37.67899744,-120.3475693,-72.41306867,0.4005087451,35.77068783,-78.67535167,32.40000153
10:22:48,10_22_48.jpg,35.77078034,-78.67534454,19.76318441,-119.447862,-69.86818164,-1.665679348,35.7707105,-78.675334,27.62999916
10:22:50,10_22_50.jpg,35.77080819,-78.67532754,31.35668299,-118.4216885,-66.64518646,0.6925451312,35.77073833,-78.67531583,26.85000038
10:22:52,10_22_52.jpg,35.77083596,-78.67530608,35.98067757,-117.0366248,-63.27533054,-1.311180329,35.77076833,-78.6752945,27.97999954
10:22:54,10_22_54.jpg,35.77085937,-78.67528666,32.05518199,-115.8381559,-60.51290419,-0.8759338423,35.77079017,-78.67527417,30.89999962
10:22:56,10_22_56.jpg,35.77088104,-78.67527158,37.65146419,-114.7494971,-58.07998421,0.7729705943,35.77081317,-78.67525617,30.46999931
10:22:58,10_22_58.jpg,35.77090273,-78.67525531,28.85833665,-113.4287087,-55.61076787,3.044226831,35.77083267,-78.67523733,33.40999985
10:23:00,10_23_00.jpg,35.77092518,-78.67523837,29.81799369,-112.388191,-52.83240092,0.8695892996,35.77085683,-78.67521933,28.93000031
10:23:02,10_23_02.jpg,35.77095239,-78.67521887,31.94833466,-110.9785663,-49.39255804,0.158365566,35.770884,-78.675201,28.77000046
10:23:04,10_23_04.jpg,35.77098308,-78.67519492,32.90677559,-109.3831241,-45.86996267,1.030885914,35.7709155,-78.67517817,31.61000061
10:23:06,10_23_06.jpg,35.77100629,-78.67517482,33.945766,-108.1696273,-43.19247399,1.174582885,35.7709415,-78.67516017,30.34000015
10:23:08,10_23_08.jpg,35.77103149,-78.67515487,25.69150658,-106.7579919,-39.94855463,0.2778358293,35.77096833,-78.6751405,28.40999985
10:23:10,10_23_10.jpg,35.77105235,-78.67514327,28.97838761,-105.5869381,-37.10353422,0.002426757607,35.77100033,-78.67511317,38.38000107
10:23:12,10_23_12.jpg,35.77108054,-78.67512406,35.68418624,-104.020845,-33.34290766,-0.6962147319,35.77103367,-78.67508283,37.36999893
10:23:14,10_23_14.jpg,35.77110403,-78.67509862,33.53312185,-102.6927602,-30.45150966,7.236209483,35.77106967,-78.67505417,35.41999817
10:23:17,10_23_17.jpg,35.77112241,-78.67508489,25.27645261,-101.7698577,-27.96751213,4.638851424,35.77109967,-78.67501667,43.33000183
10:23:19,10_23_19.jpg,35.77114319,-78.67506907,32.90972511,-100.9140046,-26.06946918,1.615089446,35.771122,-78.67502217,nan
10:23:21,10_23_21.jpg,35.7711615,-78.67505432,35.36570498,-100.0855236,-24.20661626,3.963101373,35.77114183,-78.67501167,nan
10:23:23,10_23_23.jpg,35.77118004,-78.67503934,27.91503533,-98.89027854,-21.70407636,3.701946387,35.771157,-78.674985,nan
10:23:25,10_23_25.jpg,35.77119297,-78.67503106,35.96283903,-98.01901111,-19.736172,2.949848333,35.7711705,-78.674975,nan
10:23:27,10_23_27.jpg,35.77120971,-78.67502165,30.26256833,-96.84278256,-16.91769146,4.181061894,35.77119517,-78.6749705,34.16999817
10:23:29,10_23_29.jpg,35.77123365,-78.67499728,35.86938434,-95.66668697,-14.15159252,0.7998154414,35.7712095,-78.67496017,nan
10:23:31,10_23_31.jpg,35.7712579,-78.67497417,25.12813809,-94.24446289,-10.99400717,3.193742724,35.77124917,-78.67494833,25.05999947
10:23:33,10_23_33.jpg,35.77128711,-78.67494803,42.94468046,-92.67259732,-7.896081981,1.491274117,35.77126517,-78.67492817,33.70999908
10:23:35,10_23_35.jpg,35.77131523,-78.67491573,33.54610858,-91.08158441,-4.608262693,4.496794576,35.77128333,-78.67491983,32.77000046
10:23:37,10_23_37.jpg,35.77134062,-78.67489539,29.39958672,-89.6769591,-1.054270996,3.114984009,35.77132683,-78.67490717,20.34000015
10:23:39,10_23_39.jpg,35.77136464,-78.67487582,32.61036841,-88.23757525,2.278946992,1.835705678,35.7713605,-78.674894,17.96999931
10:23:41,10_23_41.jpg,35.77139194,-78.67485098,37.02748552,-86.62841448,5.462223394,6.586269124,35.771385,-78.67487183,21.75
10:23:43,10_23_43.jpg,35.77141579,-78.674834,28.04117435,-85.58769601,8.063409355,4.815529387,35.77140433,-78.6748455,31.46999931
10:23:45,10_23_45.jpg,35.77143821,-78.67481859,34.14944954,-84.39629214,10.75495735,4.190490744,35.77142467,-78.67482667,32.18000031
10:23:47,10_23_47.jpg,35.77146218,-78.67480102,34.96594973,-82.93692991,13.83774082,5.376876102,35.77144817,-78.67480783,33.25
10:23:49,10_23_49.jpg,35.77148901,-78.6747891,29.630486,-81.76696801,16.97756758,2.103831643,35.77146017,-78.67479067,29.95999908
10:23:51,10_23_51.jpg,35.77150945,-78.67477108,22.50818918,-80.6618845,19.56882027,3.079653335,35.77147567,-78.67478,nan
10:23:53,10_23_53.jpg,35.77153286,-78.67475145,34.41001628,-79.56717778,22.54724219,0.4423230234,35.771507,-78.67477117,14.43000031
10:23:56,10_23_56.jpg,35.77155914,-78.67473113,39.18844752,-78.27821691,25.68362039,3.501381318,35.77153933,-78.67474833,12.72000027
10:23:58,10_23_58.jpg,35.77158356,-78.67471964,28.34444852,-77.56100192,28.86047764,-4.827594911,35.771564,-78.6747325,14.18999958
10:24:00,10_24_00.jpg,35.77161224,-78.67469496,35.87209339,-76.18365291,32.39207483,-1.888601218,35.771592,-78.67470817,24.30999947
10:24:02,10_24_02.jpg,35.77163828,-78.67466963,41.93672609,-74.74031178,35.42666395,-1.569345164,35.77161217,-78.6746855,32.25
10:24:04,10_24_04.jpg,35.77165989,-78.67463837,45.03023524,-72.87206742,37.77449788,-0.1697035097,35.77162917,-78.67466583,nan
10:24:06,10_24_06.jpg,35.77167941,-78.67461617,53.16963713,-71.08079337,39.9253811,0.6683968861,35.7716385,-78.67462683,55.97999954
10:24:08,10_24_08.jpg,35.77169379,-78.67459628,43.68271843,-69.38576367,41.8928885,1.288835059,35.771654,-78.67459583,57.45000076
10:24:10,10_24_10.jpg,35.77170569,-78.67457135,64.34627623,-67.34464462,43.70844417,1.357522026,35.771671,-78.6745685,53.54999924
10:24:12,10_24_12.jpg,35.77172026,-78.67454112,57.04022564,-64.79205748,45.5644288,0.9254435736,35.771679,-78.67453517,66.43000031
10:24:14,10_24_14.jpg,35.77173594,-78.67450638,67.3441904,-62.47057789,47.25598218,-0.7404556782,35.77169167,-78.674508,65.84999847
10:24:16,10_24_16.jpg,35.7717472,-78.67446137,75.36961292,-59.60725969,48.56601501,0.4847475309,35.77169983,-78.67447983,69.5
10:24:18,10_24_18.jpg,35.7717558,-78.67442226,78.02020796,-57.03108389,49.72814617,1.304663762,35.771703,-78.67445067,77.84999847
10:24:20,10_24_20.jpg,35.7717631,-78.6744005,84.86764026,-53.93986771,50.75942904,0.5803673867,35.77170683,-78.67442017,80.75
10:24:22,10_24_22.jpg,35.77176599,-78.67435904,88.95778128,-50.31862608,51.54129869,0.2564605208,35.7717115,-78.67437733,85.04000092
10:24:24,10_24_24.jpg,35.77176327,-78.67432487,97.74963197,-46.55975478,51.94892927,-0.7935238362,35.77172117,-78.67434533,85.41999817
10:24:26,10_24_26.jpg,35.77175345,-78.67429816,101.2581124,-43.58076155,51.58859352,0.6076727966,35.771725,-78.67432217,88.01999664
10:24:28,10_24_28.jpg,35.77175234,-78.67427076,109.3636744,-41.13736604,51.24274553,0.6163022652,35.77172717,-78.674295,93.05999756
10:24:30,10_24_30.jpg,35.7717483,-78.6742437,114.5804349,-38.72343651,50.69004315,2.036117659,35.77172533,-78.67424983,97.97000122
10:24:32,10_24_32.jpg,35.77173799,-78.67422002,114.7751406,-36.09763797,49.99897346,1.860152047,35.771723,-78.67422817,103.1399994
10:24:35,10_24_35.jpg,35.77172141,-78.67419374,127.4171961,-33.31657754,49.01438492,0.6444585465,35.77171467,-78.67419833,114.0500031
10:24:37,10_24_37.jpg,35.77170733,-78.67416505,124.8562328,-30.64458464,47.69814314,2.192834893,35.77169933,-78.67417167,123.5299988
10:24:39,10_24_39.jpg,35.77169228,-78.6741376,126.4391104,-27.94185185,46.3227072,1.968798423,35.7716825,-78.67413817,126.6500015
10:24:41,10_24_41.jpg,35.77167478,-78.67410989,121.3825396,-25.22691903,45.00920151,3.143475158,35.77166733,-78.67410717,125.3099976
10:24:43,10_24_43.jpg,35.77165635,-78.67407508,121.1007882,-21.8704374,43.57514406,2.708935309,35.77165183,-78.6740785,125.5899963
10:24:45,10_24_45.jpg,35.77163969,-78.67403729,126.1153229,-18.63865027,42.11443378,2.757282241,35.77163517,-78.67404283,122.2699966
10:24:47,10_24_47.jpg,35.77161641,-78.67400476,139.0636065,-15.49490532,40.15656934,1.188471278,35.77161883,-78.67400783,123.7799988
10:24:49,10_24_49.jpg,35.77158656,-78.6739829,144.7090427,-12.82811672,37.80222067,3.326227015,35.771597,-78.67398133,132.1499939
10:24:51,10_24_51.jpg,35.77156133,-78.67396455,154.8762691,-11.00931501,35.56005387,3.369781426,35.7715765,-78.67395583,136.7700043
10:24:53,10_24_53.jpg,35.77154004,-78.67394976,153.7218667,-9.571073365,33.52586178,2.923324554,35.77156083,-78.67392483,130.3800049
10:24:55,10_24_55.jpg,35.7715141,-78.6739333,154.2805227,-7.907271664,31.00913795,3.730260163,35.77153617,-78.6739065,140.7799988
10:24:57,10_24_57.jpg,35.7714894,-78.67392059,161.9017983,-6.453766298,28.71869261,3.225405641,35.77151117,-78.67389617,153.5299988
10:25:00,10_25_00.jpg,35.77146816,-78.67390857,161.0606065,-5.299519795,26.32744923,3.288266096,35.77147917,-78.673887,162.9400024
10:25:02,10_25_02.jpg,35.77144469,-78.67390383,175.7352776,-4.58129499,23.68861125,4.614209578,35.7714545,-78.67388017,168.8099976
10:25:04,10_25_04.jpg,35.77141991,-78.67389532,185.1071654,-4.173270136,20.80157004,3.325806506,35.77142767,-78.6738765,179.3699951
10:25:06,10_25_06.jpg,35.77139343,-78.67390014,184.219936,-3.774836017,17.77235035,2.471188327,35.77139833,-78.6738795,184.7299957
10:25:08,10_25_08.jpg,35.77136812,-78.67390376,186.7370029,-3.493430273,14.67199427,3.521671927,35.771369,-78.67388133,187.2299957
10:25:10,10_25_10.jpg,35.77134557,-78.67390867,188.3265817,-3.392236929,11.9687547,4.425911392,35.77134167,-78.67388517,189.1100006
10:25:12,10_25_12.jpg,35.77131927,-78.67391473,189.6580434,-3.41169754,9.100436837,3.182798904,35.77131767,-78.67389217,192.7100067
10:25:14,10_25_14.jpg,35.77129581,-78.67392915,209.7829291,-4.014044898,6.268023938,4.034185253,35.77129033,-78.67390183,197.5599976
10:25:16,10_25_16.jpg,35.77126776,-78.67394998,210.7701904,-5.253283197,3.238107549,3.009314338,35.77126283,-78.67391817,206.0099945
10:25:18,10_25_18.jpg,35.77123834,-78.67396698,211.5471964,-6.455040102,0.4204080437,2.756720602,35.771234,-78.67393317,208.1199951
10:25:20,10_25_20.jpg,35.77121235,-78.67398311,209.943841,-7.704702163,-2.626299775,3.094052699,35.77120583,-78.67394717,210.4700012
10:25:22,10_25_22.jpg,35.77119111,-78.67399964,212.5185964,-8.829739659,-5.274625499,3.169904019,35.77118267,-78.67396183,211.9400024
10:25:24,10_25_24.jpg,35.77116963,-78.67401904,205.9601408,-10.05265341,-8.176066813,3.22090886,35.77115733,-78.67397717,214.8999939
10:25:26,10_25_26.jpg,35.77114119,-78.67404148,214.56978,-11.40118086,-11.25772215,1.49057873,35.77112583,-78.67399533,212.6100006
10:25:28,10_25_28.jpg,35.77111986,-78.67405381,212.6192431,-12.53805101,-13.61706116,3.931194727,35.771099,-78.67401217,211.3699951
10:25:30,10_25_30.jpg,35.77110423,-78.67406403,201.9284107,-13.2409108,-15.76387661,4.382287333,35.77108033,-78.67402017,205.9900055
10:25:32,10_25_32.jpg,35.77108581,-78.67408288,214.3204082,-14.233467,-18.38159751,2.543271421,35.77105917,-78.67402817,203.6399994
10:25:34,10_25_34.jpg,35.77106661,-78.67409642,218.0905153,-15.29746716,-20.58104217,3.191456318,35.77104,-78.67404133,210.2400055
10:25:36,10_25_36.jpg,35.77104169,-78.67411668,211.6860447,-16.89511041,-23.72715571,2.556057152,35.77101683,-78.67405533,212.3600006
10:25:38,10_25_38.jpg,35.7710144,-78.67413719,212.8105513,-18.45986785,-27.14835204,4.383129098,35.7709905,-78.674079,215.9900055
10:25:41,10_25_41.jpg,35.77099498,-78.67415402,212.0905553,-19.53609254,-29.58806553,2.926072967,35.77095333,-78.67409733,207.6399994
10:25:43,10_25_43.jpg,35.77096969,-78.67417137,207.945719,-20.68888537,-32.81529623,4.272101214,35.770925,-78.67411533,206.7599945
10:25:45,10_25_45.jpg,35.77094087,-78.6741891,212.476648,-22.03637254,-36.25843604,2.585122827,35.77089983,-78.67413417,211.8399963
10:25:47,10_25_47.jpg,35.7709115,-78.67420282,215.6414518,-23.39068199,-39.52890055,2.697745462,35.770877,-78.67414867,214.6199951
10:25:49,10_25_49.jpg,35.77088838,-78.67422614,214.2781894,-24.70655916,-42.44001178,3.766431117,35.770854,-78.6741615,214.2899933
10:25:51,10_25_51.jpg,35.77086699,-78.67424454,210.3454172,-25.84094992,-45.1224172,4.294283787,35.770826,-78.67417217,208.6100006
10:25:53,10_25_53.jpg,35.77084505,-78.67426581,215.4585688,-27.03234404,-47.98792384,4.293414474,35.770798,-78.67418667,nan
10:25:55,10_25_55.jpg,35.77081654,-78.67428821,205.538355,-28.47955454,-51.25556976,3.22642886,35.77077167,-78.674204,nan
10:25:57,10_25_57.jpg,35.77078825,-78.67430562,209.6428656,-29.78370409,-54.32273738,4.219687535,35.77074217,-78.67421783,212.2100067
10:25:59,10_25_59.jpg,35.77075811,-78.67432931,219.1422979,-31.23678324,-57.57151835,3.424454232,35.77071233,-78.67423617,211.1999969
10:26:01,10_26_01.jpg,35.77073159,-78.67434998,209.0766367,-32.38992252,-60.44490226,3.793762979,35.770681,-78.674257,209.0700073
10:26:03,10_26_03.jpg,35.7707154,-78.67435913,208.7546289,-33.14366115,-62.42292191,3.904691534,35.7706575,-78.674272,209.0500031
10:26:05,10_26_05.jpg,35.77069489,-78.67436839,202.659352,-33.86101958,-64.57949282,3.69205206,35.77063583,-78.674288,210.1000061
10:26:07,10_26_07.jpg,35.7706737,-78.67438447,203.9404267,-34.72597826,-66.94308477,4.341569866,35.77061867,-78.6743015,206.3999939
10:26:10,10_26_10.jpg,35.77065359,-78.67440042,210.8604064,-35.8249198,-69.65873608,2.294067963,35.77058517,-78.67432683,209.4400024
10:26:12,10_26_12.jpg,35.77063257,-78.67441862,216.1740731,-36.88054143,-71.96140566,2.7920986,35.770565,-78.67433683,nan
10:26:14,10_26_14.jpg,35.77060648,-78.67443006,208.1168541,-38.05887917,-74.58754138,1.189388984,35.770545,-78.6743515,207.2899933
10:26:16,10_26_16.jpg,35.77058142,-78.67444947,211.702313,-39.27422722,-77.74610741,1.630467444,35.770519,-78.67436967,203.6399994
10:26:18,10_26_18.jpg,35.77055424,-78.67447467,210.0502965,-40.58694865,-81.39567079,2.850845732,35.77049167,-78.67438933,210.1000061
10:26:20,10_26_20.jpg,35.77052417,-78.67449844,209.6482183,-41.90184074,-84.62804537,3.013411302,35.770463,-78.67440533,207.2799988
10:26:22,10_26_22.jpg,35.77049588,-78.67452042,216.1230051,-43.21647148,-87.71506136,2.832566467,35.77043867,-78.67442,206.3699951
10:26:24,10_26_24.jpg,35.7704673,-78.67453377,208.4891206,-44.37013541,-90.46183372,1.993227547,35.7704185,-78.67443667,nan
10:26:26,10_26_26.jpg,35.77044555,-78.67455192,214.508523,-45.42956004,-92.98588025,3.679106037,35.77039817,-78.6744495,208.6399994
10:26:28,10_26_28.jpg,35.77042557,-78.6745717,213.5119834,-46.46303075,-95.75497625,2.483908067,35.77037583,-78.674467,210.4700012
10:26:30,10_26_30.jpg,35.77040606,-78.67459245,209.0103603,-47.546889,-98.58361491,3.289071575,35.77035283,-78.67448217,nan
10:26:32,10_26_32.jpg,35.77038482,-78.67460954,210.1691674,-48.58463756,-101.2826325,2.172845655,35.770335,-78.674502,214.8999939
10:26:34,10_26_34.jpg,35.77036155,-78.67462792,211.6004188,-49.67924976,-104.1232112,3.828738528,35.77031467,-78.67451833,211.7299957
10:26:36,10_26_36.jpg,35.77033898,-78.67464145,209.0546041,-50.70218556,-106.7747713,1.235892976,35.77029517,-78.67453567,213.3999939
10:26:38,10_26_38.jpg,35.7703131,-78.67465623,211.0240467,-51.97856993,-109.8495916,1.774823571,35.77027117,-78.674555,215.5
10:26:40,10_26_40.jpg,35.77028861,-78.67467451,210.0480307,-53.15218085,-112.7421914,0.4784688717,35.770243,-78.6745745,209.0299988
10:26:42,10_26_42.jpg,35.77026728,-78.67469288,215.2529099,-54.32106414,-115.5553774,1.69021958,35.77021433,-78.67459583,214.0099945
10:26:44,10_26_44.jpg,35.77024671,-78.67471108,215.8543849,-55.44717714,-118.3064064,0.6789203855,35.77018783,-78.674611,209.8399963
10:26:46,10_26_46.jpg,35.77022394,-78.67473211,212.9932917,-56.66836819,-121.0015519,3.805198194,35.77016283,-78.67462633,207.8000031
10:26:48,10_26_48.jpg,35.77020544,-78.67474935,211.5701419,-57.81204444,-123.6199721,2.259268749,35.77014083,-78.67464333,212.5700073
10:26:50,10_26_50.jpg,35.77018465,-78.67476813,213.1951077,-59.08461796,-126.399564,1.960696444,35.77011633,-78.67465917,nan
10:26:52,10_26_52.jpg,35.77016428,-78.67478724,213.4261922,-60.32932798,-129.0603607,1.476227121,35.77009367,-78.6746785,216.6600037
10:26:54,10_26_54.jpg,35.77013885,-78.67480694,210.8994384,-61.76353382,-132.1401676,1.900782733,35.770072,-78.67470033,214.3000031
10:26:57,10_26_57.jpg,35.77011636,-78.6748276,210.1022308,-63.21356772,-135.0853777,0.3629957907,35.7700375,-78.6747365,215.5099945
10:26:59,10_26_59.jpg,35.770094,-78.67484433,212.4160531,-64.48465653,-137.9053952,0.7479424754,35.77001417,-78.6747595,215.2599945
10:27:01,10_27_01.jpg,35.77006974,-78.6748628,212.2928865,-65.78420625,-140.9622323,0.9070134275,35.769991,-78.674777,210.2599945
10:27:03,10_27_03.jpg,35.77005005,-78.67489086,243.6289518,-67.87419069,-143.4392546,-2.526505159,35.76997033,-78.67480217,229.6699982
10:27:05,10_27_05.jpg,35.77003556,-78.67492771,247.9547571,-70.93870345,-145.5347066,0.9401344175,35.76995267,-78.67483167,236.2299957
10:27:07,10_27_07.jpg,35.77003282,-78.67496968,267.7338243,-74.64202824,-146.500449,-0.3367106631,35.76994583,-78.67486883,259.8800049
10:27:09,10_27_09.jpg,35.77003163,-78.67499365,262.9586558,-77.49331518,-147.2497816,-0.6533412939,35.7699445,-78.67490533,263.0499878
10:27:11,10_27_11.jpg,35.77002748,-78.67502217,261.3256536,-80.53378197,-148.3211477,-0.6621070072,35.76993983,-78.674941,262.75
10:27:13,10_27_13.jpg,35.77002137,-78.67505873,267.2442446,-84.20668604,-149.5228018,-1.379764595,35.7699375,-78.67498283,263.1300049
10:27:15,10_27_15.jpg,35.7700207,-78.67509743,261.4848873,-87.80538213,-150.5198983,0.9218388795,35.769937,-78.67502233,266.2999878
10:27:17,10_27_17.jpg,35.77001831,-78.67513069,260.3226486,-90.78074364,-151.4796899,-2.290886529,35.769931,-78.6750605,262.5
10:27:19,10_27_19.jpg,35.77001804,-78.67516211,267.9339486,-93.81913994,-152.0033375,0.0443737345,35.76992767,-78.67509417,262.4400024
10:27:21,10_27_21.jpg,35.77001541,-78.67519257,264.0091918,-96.75226175,-152.7354779,0.4811922553,35.76992533,-78.67512717,262.4899902
10:27:23,10_27_23.jpg,35.77001126,-78.67522279,265.5394869,-99.4697404,-153.5555323,-0.07007843729,35.769923,-78.6751615,263.0799866
10:27:25,10_27_25.jpg,35.7700085,-78.67525337,273.5550834,-102.2405426,-154.2215726,-0.7489101922,35.769921,-78.67519333,264.3299866
10:27:27,10_27_27.jpg,35.770007,-78.67527977,265.4671127,-104.7324813,-154.7687111,-0.8821221031,35.76991917,-78.67521917,267.480011
10:27:29,10_27_29.jpg,35.77000526,-78.6753058,262.9070881,-107.1579582,-155.4027733,-3.187389019,35.769919,-78.675246,267.8999939
10:27:31,10_27_31.jpg,35.77000367,-78.67533433,263.5150766,-109.7050366,-156.0094205,-0.5159227751,35.76991733,-78.675274,265.0
10:27:33,10_27_33.jpg,35.77000026,-78.67536209,261.1168115,-112.1423454,-156.7806038,0.08613504901,35.7699145,-78.675307,262.9200134
10:27:36,10_27_36.jpg,35.76999661,-78.67539818,261.5715999,-115.4041798,-157.736104,-0.04929631165,35.76990933,-78.67535917,262.5100098
10:27:38,10_27_38.jpg,35.76999322,-78.67543077,265.5980825,-118.3774555,-158.7669299,0.6930806028,35.76990517,-78.67539283,261.2600098
10:27:40,10_27_40.jpg,35.76998792,-78.67546334,260.299259,-121.27945,-159.835884,-0.6492589414,35.76990133,-78.675427,261.6199951
10:27:42,10_27_42.jpg,35.76998198,-78.67549958,256.6426996,-124.4597918,-161.0757795,0.6319380157,35.76989617,-78.675463,259.6700134
10:27:44,10_27_44.jpg,35.76997754,-78.6755274,259.8045706,-126.8726516,-161.8837924,0.2915531625,35.76989217,-78.67549433,260.6099854
10:27:46,10_27_46.jpg,35.76997379,-78.67555985,265.7777698,-129.716701,-162.7228703,-0.2715969054,35.76988933,-78.67552767,262.5400085
10:27:48,10_27_48.jpg,35.76997026,-78.67559618,264.978539,-132.8308472,-163.6979592,0.7196663062,35.76988617,-78.67556217,263.019989
10:27:50,10_27_50.jpg,35.76996579,-78.67563035,266.9247948,-135.8425611,-164.7458498,-1.002320946,35.76987983,-78.67559317,258.9200134
10:27:52,10_27_52.jpg,35.76996171,-78.67566771,260.3234401,-139.21359,-165.8307929,1.662775423,35.769876,-78.67562883,262.6000061
10:27:54,10_27_54.jpg,35.76995584,-78.67570195,256.1446983,-142.2607322,-167.0141952,-0.3358971362,35.76987017,-78.67566533,260.3500061
10:27:56,10_27_56.jpg,35.76995171,-78.67573768,261.9890627,-145.3681404,-167.9951237,0.2511443571,35.7698635,-78.6757,260.4700012
10:27:58,10_27_58.jpg,35.76994587,-78.67577207,257.2705837,-148.3188989,-169.0768097,-2.621089922,35.7698575,-78.675732,260.0400085
10:28:00,10_28_00.jpg,35.7699429,-78.67580161,270.7775031,-150.8828976,-169.728646,-4.474289052,35.769853,-78.67576167,260.2000122
10:28:02,10_28_02.jpg,35.76994799,-78.67583014,294.6251912,-153.4354951,-169.4656289,-4.057359794,35.76985433,-78.6757895,274.25
10:28:05,10_28_05.jpg,35.76996461,-78.67585545,323.0736056,-155.9510274,-167.8389244,-9.402272879,35.76987383,-78.67582883,302.0899963
10:28:07,10_28_07.jpg,35.7699898,-78.67586393,347.4133887,-157.1962642,-165.1682669,-3.68376603,35.76989883,-78.67584317,324.0499878
10:28:09,10_28_09.jpg,35.77001624,-78.67586445,8.987038575,-157.6982879,-162.2266391,-1.556038266,35.76992533,-78.6758455,347.9899902
10:28:11,10_28_11.jpg,35.77004219,-78.67585086,23.2711972,-157.0282743,-159.3108633,-0.6578447221,35.76994967,-78.67583217,15.93999958
10:28:13,10_28_13.jpg,35.77007065,-78.67583489,27.03844069,-155.9748081,-155.8322817,-1.891309413,35.769976,-78.67581817,22.26000023
10:28:15,10_28_15.jpg,35.770097,-78.67581455,30.8657523,-154.6983305,-152.7285041,0.8122524557,35.76999933,-78.67580033,28.44000053
10:28:17,10_28_17.jpg,35.7701231,-78.6757931,35.92804945,-153.4080516,-149.7582581,0.3483143944,35.77002317,-78.6757865,31.04000092
10:28:19,10_28_19.jpg,35.77014871,-78.6757707,31.0281839,-151.9229587,-146.4740036,-1.212165015,35.77004883,-78.67577033,34.16999817
10:28:21,10_28_21.jpg,35.77017629,-78.67575169,31.55481995,-150.4573667,-142.7881341,0.08515283676,35.77007983,-78.675751,30.90999985
10:28:23,10_28_23.jpg,35.77020354,-78.67573062,29.42542634,-149.1914854,-139.4546265,-1.146932528,35.77010517,-78.67573533,32.29000092
10:28:25,10_28_25.jpg,35.77022865,-78.67571129,27.31748532,-147.865351,-136.2118799,-2.057526961,35.7701345,-78.67571783,29.54000092
10:28:27,10_28_27.jpg,35.77024829,-78.67569485,38.24921348,-146.7494799,-133.5119888,-0.9477319581,35.77016,-78.67570533,29.52000046
10:28:29,10_28_29.jpg,35.77026918,-78.67567712,29.3416547,-145.5780347,-130.8188049,-0.721378322,35.77018233,-78.67568433,31.63999939
10:28:31,10_28_31.jpg,35.77029204,-78.67565869,44.17919971,-144.3149116,-127.7949611,-2.197850187,35.77020683,-78.67566583,29.25
10:28:33,10_28_33.jpg,35.77030936,-78.67564323,35.55025093,-143.3838445,-125.8266248,-0.3314854535,35.770227,-78.67565133,nan
10:28:36,10_28_36.jpg,35.77033141,-78.67562187,37.89854692,-142.3037867,-123.3647216,-2.436843114,35.770259,-78.67562,34.40999985
10:28:38,10_28_38.jpg,35.77035431,-78.67560055,46.55042164,-140.888042,-120.5210479,1.915912782,35.77028367,-78.675597,37.29000092
10:28:40,10_28_40.jpg,35.77037937,-78.67557469,39.62329457,-139.0319458,-117.2585514,-0.68680571,35.77031167,-78.67557167,36.68999863
10:28:42,10_28_42.jpg,35.7704003,-78.67555433,34.95099095,-137.640943,-114.4543296,-0.548630406,35.7703365,-78.6755485,34.95999908
10:28:44,10_28_44.jpg,35.77042276,-78.67553622,33.84247658,-136.4915296,-111.8600227,-0.3886607162,35.77036117,-78.675529,34.88999939
10:28:46,10_28_46.jpg,35.77044788,-78.67551021,37.67212668,-134.7417709,-108.6229925,-0.2704061416,35.770386,-78.67550617,39.25
10:28:48,10_28_48.jpg,35.77046442,-78.67549236,36.00036194,-133.5340531,-106.5231931,-0.1367987802,35.77040183,-78.675486,nan
10:28:50,10_28_50.jpg,35.77048396,-78.67547527,32.24875751,-132.3555133,-104.1642379,-1.777049857,35.77041833,-78.67547217,37.40000153
10:28:52,10_28_52.jpg,35.77050705,-78.67545888,22.31385662,-131.2565667,-101.2770852,8.965262936,35.77044067,-78.67545867,29.14999962
10:28:54,10_28_54.jpg,35.77053542,-78.67544943,13.05151918,-130.8410989,-97.9509582,-0.5930332209,35.7704665,-78.6754505,17.54000092
10:28:56,10_28_56.jpg,35.77055722,-78.67544174,21.4269326,-130.4900324,-95.37840754,-1.030769221,35.77048767,-78.67544133,18.94000053
10:28:58,10_28_58.jpg,35.77056815,-78.67543857,15.72296536,-130.3603425,-94.21684932,-0.5055022164,35.7704955,-78.67544133,nan
10:29:00,10_29_00.jpg,35.77059817,-78.6754283,17.14184995,-129.2773506,-89.47802545,-3.46079012,35.7705185,-78.67543267,19.52000046
10:29:02,10_29_02.jpg,35.77063349,-78.67541322,21.6749736,-128.9056271,-86.37391466,-2.644504836,35.77054883,-78.67542233,21.92000008
10:29:04,10_29_04.jpg,35.77066573,-78.67537656,42.49967956,-126.6837835,-82.20881375,-0.2744587908,35.77058533,-78.67540233,26.45999908
10:29:06,10_29_06.jpg,35.77069686,-78.67534505,37.33222222,-124.2792943,-78.30116278,1.966954644,35.77061833,-78.67537167,41.75
10:29:08,10_29_08.jpg,35.77072967,-78.67531192,35.36246189,-122.1281292,-74.26672785,-2.235697367,35.7706465,-78.6753595,7.710000038
10:29:10,10_29_10.jpg,35.77076124,-78.67528387,33.52176316,-120.21738,-70.17591418,-1.293266393,35.77068,-78.6753365,28.04000092
10:29:13,10_29_13.jpg,35.77078045,-78.67526639,32.24472794,-119.2659118,-67.9772549,-0.5821287094,35.770716,-78.67531533,30.36000061
10:29:15,10_29_15.jpg,35.77079817,-78.67525178,30.34036165,-118.3658721,-65.96155372,0.5964422573,35.77074,-78.67530033,38.34000015
10:29:17,10_29_17.jpg,35.77081704,-78.67523753,31.8674709,-117.4932207,-63.84526602,-0.03771760041,35.77076233,-78.67528267,34.54000092
10:29:19,10_29_19.jpg,35.77084661,-78.67521681,32.98526999,-116.0570083,-60.38722679,-1.047637486,35.770795,-78.67526067,32.72999954
10:29:21,10_29_21.jpg,35.77086711,-78.6752001,34.60411666,-114.8838472,-57.65834903,1.508304938,35.77082117,-78.67524433,31.01000023
10:29:23,10_29_23.jpg,35.77088238,-78.67518631,32.67222929,-113.8364104,-55.36489061,0.8070441688,35.770847,-78.67523367,28.45999908
10:29:25,10_29_25.jpg,35.77090334,-78.67517135,33.14756232,-112.6619163,-52.59831054,0.1165960142,35.77087433,-78.675221,26.73999977
10:29:27,10_29_27.jpg,35.77092978,-78.67515031,32.02680753,-111.3092688,-49.27043099,-0.351622542,35.770903,-78.67520367,29.90999985
10:29:29,10_29_29.jpg,35.77095565,-78.67513246,28.56859327,-110.125851,-46.27187912,0.9719147355,35.77093483,-78.67519217,22.78000069
10:29:31,10_29_31.jpg,35.77097875,-78.67511368,34.71618529,-108.7963139,-43.57124131,0.2082163398,35.77095933,-78.67517567,28.81999969
10:29:33,10_29_33.jpg,35.77099804,-78.67509745,30.76085759,-107.6677185,-41.24319786,-0.5388592294,35.770981,-78.67515683,31.87000084
10:29:35,10_29_35.jpg,35.77102584,-78.67508122,31.58499882,-106.2827253,-38.10731428,1.307985298,35.7710085,-78.67513867,38.04999924
10:29:37,10_29_37.jpg,35.77105201,-78.67506963,27.21061011,-104.9791117,-34.88610416,2.368735609,35.77103783,-78.675116,34.88999939
10:29:39,10_29_39.jpg,35.7710784,-78.67505101,31.40778993,-103.8095641,-31.91216115,0.9809846421,35.77107117,-78.67508233,43.04999924
10:29:41,10_29_41.jpg,35.77110391,-78.6750303,40.77529782,-102.5504687,-29.04631685,1.832609769,35.77110117,-78.67506367,33.90000153
10:29:43,10_29_43.jpg,35.77112819,-78.67500872,39.03141841,-101.0210869,-26.12682104,0.3763694902,35.771127,-78.675044,33.75999832
10:29:45,10_29_45.jpg,35.77114639,-78.67499155,37.52608404,-99.78150561,-23.8493807,3.213231392,35.77114733,-78.67503067,nan
10:29:47,10_29_47.jpg,35.77116798,-78.67497147,36.81019383,-98.3763726,-21.42766472,3.205089547,35.77117117,-78.67501667,nan
10:29:50,10_29_50.jpg,35.7711879,-78.67495939,31.14726836,-97.66961622,-18.91381097,-2.220777752,35.771206,-78.67499383,35.36000061
10:29:52,10_29_52.jpg,35.77121083,-78.67494739,22.34685065,-96.65666782,-16.03543252,-0.8281803323,35.7712275,-78.67498417,28.79000092
10:29:54,10_29_54.jpg,35.77123399,-78.67493081,36.23659944,-95.53150776,-13.00103506,-0.3670909355,35.77124033,-78.67497883,nan
10:29:56,10_29_56.jpg,35.77125869,-78.67491241,29.2958916,-94.12770552,-9.902422198,3.179914283,35.77125133,-78.67497283,nan
10:29:58,10_29_58.jpg,35.77128887,-78.67489046,40.95838659,-92.55352139,-6.608541702,2.218911214,35.77127017,-78.67496967,nan
10:30:00,10_30_00.jpg,35.77131822,-78.67486667,24.37422011,-90.97930959,-3.151410247,-0.8863118123,35.77130583,-78.67496317,14.06999969
10:30:02,10_30_02.jpg,35.77135071,-78.67484204,32.83722389,-89.50513346,0.457189576,2.721512621,35.7713215,-78.6749625,nan
10:30:04,10_30_04.jpg,35.77138041,-78.67481674,34.15880267,-87.92842511,3.977601497,0.5261300378,35.77134367,-78.67493283,31.40999985
10:30:06,10_30_06.jpg,35.77140681,-78.67479425,27.66168647,-86.43216879,7.39124161,-0.4067201081,35.77137183,-78.67490167,30.87999916
10:30:08,10_30_08.jpg,35.77143712,-78.6747698,28.32103586,-84.93231143,11.10662802,1.227283335,35.77139917,-78.67487733,31.77000046
10:30:10,10_30_10.jpg,35.77146388,-78.67475045,30.22328708,-83.57153596,14.5747407,0.9430329289,35.77142317,-78.67485133,34.90000153
10:30:12,10_30_12.jpg,35.77148967,-78.67473262,34.80576301,-82.23204135,17.72140425,1.580260279,35.771446,-78.67483367,31.20000076
10:30:14,10_30_14.jpg,35.77149393,-78.67472667,40.83504359,-81.91183828,18.40792567,2.261888164,35.771456,-78.67482967,nan
10:30:16,10_30_16.jpg,35.77150863,-78.67471187,32.82052481,-80.99128909,20.28464826,1.168468756,35.77146933,-78.6748115,27.95000076
10:30:18,10_30_18.jpg,35.77152498,-78.67469663,29.54184498,-79.96666961,22.34532559,0.1172291006,35.77148333,-78.674794,nan
10:30:20,10_30_20.jpg,35.77154234,-78.67468023,34.3782315,-78.86216555,24.62006468,1.765964876,35.77149967,-78.67477917,29.46999931
10:30:23,10_30_23.jpg,35.77156267,-78.67465726,39.63776747,-77.54290023,27.15403868,2.581879401,35.77152083,-78.67475167,33.16999817
10:30:25,10_30_25.jpg,35.77158576,-78.67463796,27.93714283,-76.04806951,30.11406372,1.779443891,35.77154433,-78.67473083,35.77000046
10:30:27,10_30_27.jpg,35.77161032,-78.67462489,33.46954316,-74.88200582,32.90911119,-0.0003269226355,35.77156133,-78.6747115,37.65000153
10:30:29,10_30_29.jpg,35.77163502,-78.67461006,41.08655491,-73.6527822,35.80280449,1.161274406,35.77158217,-78.674688,36.70000076
10:30:31,10_30_31.jpg,35.77166211,-78.6745826,40.56409399,-71.72832886,38.71864322,3.150770406,35.77160783,-78.6746605,39.22000122
10:30:33,10_30_33.jpg,35.7716835,-78.67455502,54.5585771,-69.52037853,41.1969085,1.916992632,35.77162733,-78.67462917,44.40000153
10:30:35,10_30_35.jpg,35.77169991,-78.6745281,46.75061544,-67.33281028,43.35282755,3.720299172,35.7716425,-78.67460083,50.41999817
10:30:37,10_30_37.jpg,35.77171469,-78.6744987,65.82606244,-64.99522844,45.415614,3.306869675,35.7716585,-78.67457367,56.02999878
10:30:39,10_30_39.jpg,35.77172879,-78.67446401,68.79255409,-62.17137907,47.39222671,0.1803604766,35.77167667,-78.67454567,58.86000061
10:30:41,10_30_41.jpg,35.77173906,-78.67443039,75.05985337,-59.34028999,48.92072634,0.4648659236,35.7716905,-78.67451483,66.20999908
10:30:43,10_30_43.jpg,35.77174751,-78.67439698,72.48368818,-56.63683559,50.34179727,0.2785386692,35.7716995,-78.67448233,72.13999939
10:30:45,10_30_45.jpg,35.77174851,-78.67436771,94.8865653,-53.82145206,51.03470063,0.8835160808,35.77170883,-78.674455,73.69000244
10:30:47,10_30_47.jpg,35.77174834,-78.67432813,91.42821677,-50.15052964,51.40342149,-0.01367692425,35.77170583,-78.67442067,91.01000214
10:30:49,10_30_49.jpg,35.77175169,-78.67428113,94.96323428,-46.23798476,51.78416514,1.562402429,35.7717035,-78.67437883,93.51000214
10:30:51,10_30_51.jpg,35.77175042,-78.67424606,115.0686002,-43.17456929,51.61619052,-1.500177472,35.77170267,-78.67435133,96.30999756
10:30:53,10_30_53.jpg,35.77174346,-78.67422005,110.6475208,-40.60629648,51.03287492,1.891332476,35.77170383,-78.67432717,101.2900009
10:30:55,10_30_55.jpg,35.77173262,-78.67419132,115.8198118,-37.73846095,50.23496425,3.521875131,35.7716995,-78.67430367,109.0599976
10:30:58,10_30_58.jpg,35.77172275,-78.67416509,119.9542782,-35.28719719,49.42228805,1.913322947,35.77168683,-78.67426017,112.3000031
10:31:00,10_31_00.jpg,35.77171109,-78.67413874,113.2855516,-32.77439902,48.58396842,2.19858057,35.77167783,-78.67423,114.6999969
10:31:02,10_31_02.jpg,35.77170112,-78.67411853,122.0465662,-30.77402656,47.86004403,1.956797548,35.77166833,-78.674206,118.9700012
10:31:04,10_31_04.jpg,35.77168348,-78.67408935,121.5051618,-27.83620749,46.77448682,0.908257732,35.77164933,-78.6741695,119.1699982
10:31:06,10_31_06.jpg,35.77166605,-78.67405919,118.9442657,-24.92915975,45.63484018,2.035054134,35.7716325,-78.67413667,121.0199966
10:31:08,10_31_08.jpg,35.77165204,-78.67403286,135.6626048,-22.50203923,44.45896356,2.785853941,35.77161817,-78.674108,124.8899994
10:31:10,10_31_10.jpg,35.77163422,-78.67400589,128.3009102,-19.91018415,42.93749761,0.7628590488,35.7716,-78.67407983,128.0299988
10:31:12,10_31_12.jpg,35.77161602,-78.6739822,132.997835,-17.58386769,41.4961699,1.780565682,35.77158283,-78.67405633,132.7400055
10:31:14,10_31_14.jpg,35.77159369,-78.67395819,131.5113596,-15.09981952,39.64331974,1.419011091,35.7715615,-78.67402933,134.9900055
10:31:16,10_31_16.jpg,35.77156838,-78.67394186,147.7292701,-13.1381306,37.317916,2.908668411,35.77154317,-78.67400233,134.6699982
10:31:18,10_31_18.jpg,35.77154374,-78.67392887,145.5650933,-11.27727876,35.0008978,4.268405201,35.77151517,-78.673985,149.9100037
10:31:20,10_31_20.jpg,35.77152789,-78.67391352,147.4491091,-9.896094089,33.30815227,3.795344069,35.77149467,-78.673968,151.5899963
10:31:22,10_31_22.jpg,35.77151042,-78.67390406,152.0274184,-8.624910167,31.57843447,3.002858453,35.7714755,-78.67395667,158.0399933
10:31:24,10_31_24.jpg,35.7714879,-78.67389105,154.8081613,-7.128128721,29.31692719,2.433689833,35.77145233,-78.673948,170.9700012
10:31:26,10_31_26.jpg,35.77145792,-78.67388058,172.1604949,-5.8501324,26.06253156,2.910187985,35.771424,-78.6739375,169.9199982
10:31:28,10_31_28.jpg,35.77143242,-78.67387404,174.765527,-4.939445573,23.17871763,3.120253965,35.771395,-78.67392767,171.4600067
10:31:30,10_31_30.jpg,35.77140692,-78.67387457,181.312534,-4.385698576,20.48030666,2.737598414,35.77136783,-78.6739225,177.2200012
10:31:33,10_31_33.jpg,35.7713772,-78.6738765,185.6792497,-3.993055631,17.35628487,3.188637843,35.77132717,-78.67391817,179.8999939
10:31:35,10_31_35.jpg,35.7713543,-78.67387824,183.6122319,-3.732159489,14.88333601,3.791309886,35.77130417,-78.67391683,182.4600067
10:31:37,10_31_37.jpg,35.77133748,-78.67388234,192.0011479,-3.663046065,12.88118394,2.996703612,35.77128483,-78.67391933,189.3899994
10:31:39,10_31_39.jpg,35.77130997,-78.67389562,203.4545676,-4.449081844,9.68739312,4.484710982,35.77125767,-78.67393133,198.3699951
10:31:41,10_31_41.jpg,35.77128693,-78.6739103,204.3127082,-5.294602393,6.979364715,3.090382693,35.77123517,-78.67394483,203.2299957
10:31:43,10_31_43.jpg,35.77126362,-78.67392719,204.4014452,-6.254625388,4.081384378,3.26556041,35.77120983,-78.67395533,201.5399933
10:31:45,10_31_45.jpg,35.77124831,-78.67394479,228.5799929,-7.64427107,2.110650273,1.612580998,35.77119383,-78.67397367,217.8800049
10:31:47,10_31_47.jpg,35.77123803,-78.67397212,255.7735006,-9.785279063,0.6825780133,-2.450926363,35.77117883,-78.67399083,227.3099976
10:31:49,10_31_49.jpg,35.77123688,-78.67400609,278.8384817,-12.70577358,0.1389532075,-4.313486144,35.7711745,-78.67402633,259.8200073
10:31:51,10_31_51.jpg,35.77124649,-78.67404404,287.1318575,-16.33966049,0.7785863182,-0.3664119661,35.77118367,-78.67405767,278.9200134
10:31:53,10_31_53.jpg,35.77125797,-78.67406998,298.2891527,-18.97621151,1.67066805,0.8670372987,35.77119167,-78.674081,293.769989
10:31:55,10_31_55.jpg,35.77127173,-78.67409485,300.6517826,-21.64494974,2.74905186,-0.0752471171,35.77120367,-78.674106,300.2999878
10:31:57,10_31_57.jpg,35.77128914,-78.67412748,305.6403106,-25.16915768,4.159406891,1.67133147,35.771218,-78.67413867,301.730011
10:31:59,10_31_59.jpg,35.77130817,-78.67416291,302.0327488,-28.64240991,5.819691714,0.3631592803,35.771237,-78.67417267,303.8500061
10:32:01,10_32_01.jpg,35.77131958,-78.6741893,307.0062395,-31.27121294,6.694740886,-1.659284237,35.77125133,-78.67420117,298.8200073
10:32:03,10_32_03.jpg,35.77133374,-78.67421663,304.1094253,-33.98318925,7.8691505,0.208831099,35.77126583,-78.674229,302.7099915
10:32:05,10_32_05.jpg,35.77135133,-78.67425017,300.6027618,-37.19209157,9.268004454,0.2423152376,35.77128133,-78.67425833,303.1400146
10:32:07,10_32_07.jpg,35.77137203,-78.67428534,307.2218994,-40.69139608,11.04097015,0.1082719925,35.77129933,-78.67429367,303.8500061
10:32:09,10_32_09.jpg,35.77138889,-78.67431488,308.5032017,-43.60951163,12.54915646,1.363652622,35.77131917,-78.67432617,305.7900085
10:32:12,10_32_12.jpg,35.77139949,-78.67433448,302.9386905,-45.37818229,13.45572597,0.9844399923,35.77133583,-78.674354,305.2200012
10:32:14,10_32_14.jpg,35.77141448,-78.67436214,302.9197897,-48.2043767,14.85430419,-0.06632833072,35.771349,-78.67438083,302.8399963
10:32:16,10_32_16.jpg,35.77142335,-78.67437924,300.5339636,-49.89017409,15.67158053,0.5351299226,35.7713585,-78.67440067,302.1199951
10:32:18,10_32_18.jpg,35.77143741,-78.67440692,301.6229182,-52.63522182,16.77246473,1.336610862,35.77137133,-78.67442933,300.6199951
10:32:20,10_32_20.jpg,35.77144968,-78.67443369,301.5271931,-55.23250293,17.82128833,1.472195942,35.7713825,-78.674455,298.8299866
10:32:22,10_32_22.jpg,35.77145923,-78.67445979,295.922337,-57.68442224,18.65775441,0.2633518235,35.77139133,-78.67447967,297.519989
10:32:24,10_32_24.jpg,35.77146965,-78.67448973,297.1337706,-60.59433588,19.58595713,0.5068766817,35.77140017,-78.67450483,295.9200134
10:32:26,10_32_26.jpg,35.77147992,-78.67452014,296.0008317,-63.52549857,20.46203863,0.1046487073,35.77141133,-78.674533,295.230011
10:32:28,10_32_28.jpg,35.77149397,-78.67455025,300.6220363,-66.50935301,21.71039117,0.2077387089,35.77142467,-78.67456083,301.3599854
10:32:30,10_32_30.jpg,35.7715093,-78.67457872,307.3722931,-69.41419641,23.07592992,1.214267273,35.77144117,-78.67459017,304.2399902
10:32:32,10_32_32.jpg,35.77152566,-78.67461012,300.5408958,-72.51608225,24.51400832,-1.221775787,35.77145767,-78.67462333,303.6700134
10:32:34,10_32_34.jpg,35.77154233,-78.67464433,307.0721297,-76.01584687,25.82396736,2.57124067,35.7714765,-78.67465667,304.019989
10:32:36,10_32_36.jpg,35.77154665,-78.67466275,265.5199985,-77.66863703,25.94834052,5.940082224,35.77148567,-78.67467967,nan
10:32:38,10_32_38.jpg,35.77153531,-78.67468438,218.4566093,-79.48160586,24.44807497,4.230051756,35.77147917,-78.67469683,290.1000061
10:32:40,10_32_40.jpg,35.7715148,-78.6747023,219.0594826,-80.94515854,21.88813,-0.1339710827,35.7714615,-78.6747165,229.0500031
10:32:43,10_32_43.jpg,35.77149399,-78.67471871,220.3576916,-82.19130961,19.43941634,-0.1672851308,35.77143267,-78.674731,217.9900055
10:32:45,10_32_45.jpg,35.77146351,-78.67474533,217.4340672,-83.74838742,15.89483146,-3.317702349,35.77140917,-78.67473883,206.4900055
10:32:47,10_32_47.jpg,35.77143609,-78.67477138,215.8471916,-85.34031631,12.48278379,0.320079408,35.7713815,-78.67475483,207.0599976
10:32:49,10_32_49.jpg,35.77140959,-78.67478753,215.207995,-86.62086241,9.323354109,0.4293514385,35.7713585,-78.67477183,209.2100067
10:32:51,10_32_51.jpg,35.77138844,-78.67480252,208.0641562,-87.55163468,6.779581247,-3.480227793,35.77133967,-78.67478017,nan
10:32:53,10_32_53.jpg,35.77137156,-78.67482099,213.3685796,-88.73709122,4.344473185,-1.115035508,35.77132367,-78.67479067,nan
10:32:55,10_32_55.jpg,35.77134392,-78.67484088,208.9974363,-90.02601201,1.088439304,-0.1571385348,35.7713005,-78.674805,209.3600006
10:32:57,10_32_57.jpg,35.77132022,-78.67485973,212.8239665,-91.08653544,-2.0282548,-1.847631221,35.77127333,-78.67481267,200.2100067
10:32:59,10_32_59.jpg,35.77130169,-78.67488085,212.501991,-92.36583978,-4.677818813,0.1862510857,35.77125317,-78.67482317,207.8500061
10:33:01,10_33_01.jpg,35.77127664,-78.6749,215.0581392,-93.60526842,-7.669422099,-1.752834405,35.77123333,-78.67483633,206.5800018
10:33:03,10_33_03.jpg,35.77125795,-78.67491677,202.9394588,-94.49153833,-10.06178225,-2.3428813,35.77120933,-78.6748395,nan
10:33:05,10_33_05.jpg,35.7712425,-78.67492882,214.0268995,-95.31196981,-12.08455121,-1.187134308,35.77119267,-78.67484567,nan
10:33:07,10_33_07.jpg,35.77122123,-78.67494655,214.2882498,-96.4257366,-14.64095012,-0.1755674715,35.77117567,-78.674859,213.0599976
10:33:09,10_33_09.jpg,35.77119925,-78.67496307,210.7468606,-97.52279789,-17.29251896,-0.8546112385,35.771158,-78.674862,nan
10:33:11,10_33_11.jpg,35.77117161,-78.67497862,213.4813407,-98.62696506,-20.18361278,-3.146465693,35.7711425,-78.67487417,213.8500061
10:33:13,10_33_13.jpg,35.77114256,-78.67499927,206.4766318,-99.7616435,-23.58818716,-1.350446848,35.77111633,-78.67489317,nan
10:33:15,10_33_15.jpg,35.77111789,-78.67501714,212.4791021,-101.2063697,-26.60691246,-1.625555989,35.77109767,-78.67491433,221.6699982
10:33:18,10_33_18.jpg,35.77109479,-78.67503771,224.4471025,-102.522054,-29.42688113,0.9267286416,35.77106567,-78.67494833,220.6600037
10:33:20,10_33_20.jpg,35.77107647,-78.67505634,216.3658422,-103.7853084,-31.75673225,-2.19753953,35.77104717,-78.67496417,220.0200043
10:33:22,10_33_22.jpg,35.77105363,-78.67507533,213.1477728,-105.0475191,-34.37398492,-0.2179437077,35.77102567,-78.674982,211.9499969
10:33:24,10_33_24.jpg,35.7710393,-78.67508833,212.4711923,-105.7757576,-36.11370258,-0.2035525291,35.77101033,-78.6749975,207.9799957
10:33:26,10_33_26.jpg,35.77101407,-78.67510709,207.7819354,-106.8427357,-39.03258809,-0.001124880627,35.77098783,-78.67501517,207.6499939
10:33:28,10_33_28.jpg,35.77099288,-78.67511856,197.9848229,-107.37002,-41.38500661,2.8303963,35.77096717,-78.67503,203.3399963
10:33:30,10_33_30.jpg,35.77096901,-78.67511415,154.2688345,-106.6309387,-44.11182664,6.834505594,35.77094167,-78.6750335,179.2299957
10:33:32,10_33_32.jpg,35.77095175,-78.67509348,134.5264919,-104.3413463,-45.20678233,4.875804445,35.770926,-78.67501733,142.0899963
10:33:34,10_33_34.jpg,35.77094146,-78.67506737,117.6446356,-101.8698616,-46.00020127,4.945320407,35.77091483,-78.67499767,121.6500015
10:33:36,10_33_36.jpg,35.77092515,-78.67503771,128.7334768,-98.96360619,-47.26252828,5.726665344,35.77089917,-78.67497483,124.0100021
10:33:38,10_33_38.jpg,35.77090687,-78.67500765,128.5280732,-95.98476354,-48.7847949,2.019602876,35.770884,-78.674947,125.0599976
10:33:40,10_33_40.jpg,35.77088644,-78.67497513,125.6293,-92.6342641,-50.55969552,3.288466766,35.77086267,-78.6749145,127.5999985
10:33:42,10_33_42.jpg,35.77086736,-78.67494525,125.071996,-89.66091735,-52.13339101,3.27823845,35.77084367,-78.6748895,126.8700027
10:33:44,10_33_44.jpg,35.77085486,-78.67492124,117.8336605,-87.22525664,-53.13899722,2.20563869,35.770829,-78.6748685,125.6900024
10:33:46,10_33_46.jpg,35.77084002,-78.67489361,124.5143353,-84.33392976,-54.30481714,4.181505775,35.7708175,-78.674848,124.1600037
10:33:48,10_33_48.jpg,35.77082254,-78.67486188,125.3260678,-81.06992511,-55.75430766,5.478309635,35.77080133,-78.67482217,124.1399994
10:33:50,10_33_50.jpg,35.77080832,-78.67483,113.5514215,-77.84724068,-56.81715211,4.109548602,35.7707865,-78.67479433,120.4899979
10:33:52,10_33_52.jpg,35.7707954,-78.67480134,119.3914184,-74.95539321,-57.84297857,2.505028331,35.77077333,-78.674767,119.5899963
10:33:54,10_33_54.jpg,35.77077972,-78.67477178,122.8217137,-71.95355919,-59.10993,2.70085046,35.770759,-78.674739,122.0500031
10:33:56,10_33_56.jpg,35.77076448,-78.67473826,114.4324346,-68.55212454,-60.31415027,2.707836775,35.770742,-78.67470833,123.1399994
10:33:58,10_33_58.jpg,35.77075158,-78.67470657,117.5870677,-65.40538175,-61.25957865,1.317165336,35.77072683,-78.674675,117.9499969
10:34:00,10_34_00.jpg,35.77073934,-78.67468087,122.9879738,-62.78360774,-62.2059657,-0.7291396372,35.770714,-78.674649,120.1500015
10:34:02,10_34_02.jpg,35.77072378,-78.67465269,125.4810334,-59.87249136,-63.4982711,1.317550207,35.770698,-78.6746245,126.5199966
10:34:04,10_34_04.jpg,35.77070704,-78.67462499,125.6015907,-57.03520581,-64.93434245,2.852726295,35.770682,-78.67460033,125.6699982
10:34:06,10_34_06.jpg,35.77069306,-78.67460082,128.8514085,-54.69309622,-65.99631888,2.57233424,35.77066567,-78.67457583,126.0199966
10:34:09,10_34_09.jpg,35.77068004,-78.67457671,129.3067203,-52.32704257,-67.09722739,3.674737082,35.77064433,-78.674545,128.5500031
10:34:11,10_34_11.jpg,35.77066577,-78.67454638,116.0827169,-49.17943951,-68.28274344,4.449697733,35.77062783,-78.674519,124.8099976
10:34:13,10_34_13.jpg,35.7706508,-78.67451394,121.0099349,-46.04076011,-69.48872619,3.200888294,35.77061333,-78.6744875,119.6699982
10:34:15,10_34_15.jpg,35.7706372,-78.67448388,107.0254751,-43.11195137,-70.52943607,4.181561853,35.77059983,-78.6744555,118.0699997
10:34:17,10_34_17.jpg,35.77063082,-78.67444783,83.19329026,-39.87285837,-70.55455833,2.81688649,35.77058917,-78.674428,108.0599976
10:34:19,10_34_19.jpg,35.77063204,-78.67442199,79.91095582,-37.66412278,-69.77913326,3.032492718,35.77059017,-78.67441183,nan
10:34:21,10_34_21.jpg,35.77064244,-78.67439969,46.59914644,-35.96376041,-68.18244922,-1.372879833,35.77059667,-78.674397,nan
10:34:23,10_34_23.jpg,35.77066635,-78.67437289,42.49116531,-33.92891218,-65.11206464,-0.9922162883,35.770611,-78.67436783,78.01000214
10:34:25,10_34_25.jpg,35.77069158,-78.67434478,38.59515252,-32.12029616,-61.82287776,-0.5750634474,35.77063867,-78.67434067,43.00999832
10:34:27,10_34_27.jpg,35.77071413,-78.67432346,28.54786812,-30.74009742,-58.87642778,1.14301485,35.77066317,-78.674318,38.74000168
10:34:29,10_34_29.jpg,35.77074069,-78.67430631,27.84026032,-29.77895353,-55.68128836,-5.78873919,35.7706895,-78.67430183,28.25
10:34:31,10_34_31.jpg,35.77076643,-78.67428427,36.18337977,-28.51114042,-52.3522049,-2.417793079,35.77071617,-78.67428567,29.13999939
10:34:33,10_34_33.jpg,35.77079163,-78.67426547,39.71040337,-27.20327388,-49.36336744,-1.833932334,35.77073583,-78.67426767,nan
10:34:35,10_34_35.jpg,35.77081071,-78.67425144,28.60585056,-26.22790341,-46.99839606,-2.808468994,35.770752,-78.674251,nan
10:34:37,10_34_37.jpg,35.77082986,-78.67423988,34.32413567,-25.47889581,-44.93465674,-3.660446231,35.77076617,-78.674241,nan
10:34:39,10_34_39.jpg,35.77084682,-78.67422712,31.78194021,-24.49019936,-43.05361594,-2.388828875,35.770779,-78.67422583,nan
10:34:41,10_34_41.jpg,35.77087141,-78.67420845,32.50867901,-23.24172042,-40.03857201,-1.499638629,35.77079367,-78.67420917,36.54000092
10:34:43,10_34_43.jpg,35.7709005,-78.6741898,21.75726224,-22.22470589,-36.55882068,-2.644292143,35.77081783,-78.67419067,31.70000076
10:34:46,10_34_46.jpg,35.77092595,-78.67416824,41.06277484,-20.62972917,-33.66427621,-1.1520773,35.77084383,-78.67415967,nan
10:34:48,10_34_48.jpg,35.77094945,-78.67414939,26.41784567,-19.23273806,-30.72368798,-2.753572106,35.77086517,-78.6741395,nan
10:34:50,10_34_50.jpg,35.770975,-78.67413127,46.42287766,-17.93725295,-27.6723319,-5.142472557,35.77088467,-78.67411783,36.27000046
10:34:52,10_34_52.jpg,35.77100025,-78.67410471,36.44787783,-16.22925529,-24.57856793,-1.438387611,35.77090417,-78.67409917,nan
10:34:54,10_34_54.jpg,35.77103235,-78.67408257,20.08790187,-14.95979686,-20.72314679,-2.085789979,35.77093317,-78.67408083,31.5
10:34:56,10_34_56.jpg,35.77105896,-78.67406257,32.58941073,-13.61044768,-17.4753751,-3.57447091,35.77096283,-78.67406567,28.61000061
10:34:58,10_34_58.jpg,35.77108075,-78.67404636,26.65806372,-12.65366811,-14.82291556,-3.600357042,35.77098233,-78.67404483,29.56999969
10:35:00,10_35_00.jpg,35.77110691,-78.67402476,29.33812296,-11.30315878,-11.41567346,-2.379011255,35.7710055,-78.67401983,34.20000076
10:35:02,10_35_02.jpg,35.77113158,-78.67400558,31.32869287,-10.13389747,-8.492367058,-3.379152107,35.77103083,-78.6740015,31.79999924
10:35:04,10_35_04.jpg,35.77115633,-78.67398331,30.21933483,-8.670525767,-5.558439622,-0.8182232446,35.771052,-78.673976,38.27000046
10:35:06,10_35_06.jpg,35.77117638,-78.67396906,28.16877457,-7.829726564,-3.246202182,-3.547406087,35.77106833,-78.673956,nan
10:35:08,10_35_08.jpg,35.77119261,-78.67396956,342.7688644,-8.247240432,-1.402671713,-1.402765503,35.77107867,-78.67394783,nan
10:35:10,10_35_10.jpg,35.77121158,-78.67399293,300.4359153,-10.78557324,0.4805327997,-3.519155671,35.77109833,-78.6739615,329.25
10:35:12,10_35_12.jpg,35.77123057,-78.67402661,304.7664795,-14.27509594,2.153977908,-0.8999303884,35.77111817,-78.6739905,310.1099854
10:35:14,10_35_14.jpg,35.77124656,-78.67405728,301.064452,-17.42374806,3.460614405,-0.7203193215,35.77113417,-78.6740245,302.980011
10:35:16,10_35_16.jpg,35.7712633,-78.67409305,298.1492468,-21.00517056,4.786625718,0.3329884567,35.77115183,-78.67405883,300.75
10:35:18,10_35_18.jpg,35.77127842,-78.6741237,298.4799076,-24.21926914,5.904272528,1.728429635,35.7711675,-78.67410017,298.730011
10:35:20,10_35_20.jpg,35.77129551,-78.67415909,304.9562892,-27.72229716,7.16191465,-1.277054137,35.77118283,-78.67414183,298.5799866
10:35:23,10_35_23.jpg,35.77131299,-78.67418929,306.3241318,-30.88135907,8.637190273,0.5179493017,35.7712105,-78.674192,303.0100098
10:35:25,10_35_25.jpg,35.77132032,-78.67420331,309.8055711,-32.332058,9.291660531,-0.1411140882,35.77122033,-78.674205,302.5799866
10:35:27,10_35_27.jpg,35.77133286,-78.67422516,305.9829121,-34.16584576,10.1510362,-0.5178670265,35.77123433,-78.67422433,306.1000061
10:35:29,10_35_29.jpg,35.77134822,-78.67425293,304.262091,-37.27725073,9.555350647,-0.6530060225,35.77125117,-78.67425283,304.2799988
10:35:31,10_35_31.jpg,35.77136543,-78.67428355,302.7611276,-40.22845784,11.05246755,-0.5731256809,35.771269,-78.6742835,303.5
10:35:33,10_35_33.jpg,35.77138266,-78.67431634,304.4138345,-43.56841169,12.5292386,-0.02727196855,35.7712775,-78.67429883,303.0899963
10:35:35,10_35_35.jpg,35.7714025,-78.67435533,304.8938625,-47.27412325,14.08886037,0.377655779,35.77130967,-78.67435317,302.8200073
10:35:37,10_35_37.jpg,35.77141357,-78.67437769,305.1645726,-49.47443679,15.0525289,0.8964529341,35.77132433,-78.67437967,302.0599976
10:35:39,10_35_39.jpg,35.77143141,-78.67440948,305.4524585,-52.6778764,16.46579331,1.131131857,35.77134167,-78.67441083,301.980011
10:35:41,10_35_41.jpg,35.77145,-78.67444501,302.6954115,-56.1786232,18.06490203,0.7521737171,35.77136217,-78.67444717,302.1199951
10:35:43,10_35_43.jpg,35.77146542,-78.67447504,302.0302566,-59.30286703,19.38664049,1.556355178,35.77138,-78.67447917,301.9299927
10:35:45,10_35_45.jpg,35.77147832,-78.67450014,299.7791491,-61.90734971,20.46685918,0.7872130503,35.771392,-78.67450333,299.9700012
10:35:47,10_35_47.jpg,35.77148529,-78.67451471,301.9154261,-63.37765697,21.15942755,0.604840699,35.77140083,-78.67451883,300.2000122
10:35:49,10_35_49.jpg,35.77149754,-78.67453816,303.2090829,-65.75320073,22.16873342,0.6328749117,35.77141117,-78.67453683,302.519989
10:35:51,10_35_51.jpg,35.77150905,-78.67456147,304.2723528,-68.13586321,23.24238341,0.160990429,35.77142433,-78.67455867,302.1300049
10:35:53,10_35_53.jpg,35.77151821,-78.67457871,305.9021095,-69.93833931,24.05271514,1.041539628,35.77143533,-78.67457767,301.3099976
10:35:56,10_35_56.jpg,35.77152669,-78.6745961,301.0324894,-71.67373012,24.80577603,1.400065804,35.771451,-78.67460067,300.1499939
10:35:58,10_35_58.jpg,35.77153325,-78.67462643,262.947694,-74.41890062,25.05299577,-1.484610284,35.7714595,-78.67462767,285.7099915
10:36:00,10_36_00.jpg,35.77153309,-78.67465381,264.3030987,-76.75519113,24.61124239,-1.343974244,35.77145667,-78.67465417,261.519989
10:36:02,10_36_02.jpg,35.77153151,-78.67467834,249.8429938,-78.90369225,23.98365529,2.925746503,35.77145283,-78.67468217,257.019989
10:36:04,10_36_04.jpg,35.77151262,-78.67470314,219.304466,-80.98804529,21.64675561,4.659895317,35.771436,-78.674706,232.9900055
10:36:06,10_36_06.jpg,35.77149764,-78.67471202,225.5173293,-81.61486465,19.66572493,0.4867732534,35.7714255,-78.674724,nan
10:36:08,10_36_08.jpg,35.77147783,-78.67472477,214.9470898,-82.54103766,17.30787747,-2.403382468,35.77140933,-78.67473667,219.5200043
10:36:10,10_36_10.jpg,35.7714519,-78.67475275,220.9396746,-84.26287333,14.05436589,-2.603877537,35.77138617,-78.67474967,nan
10:36:12,10_36_12.jpg,35.77142428,-78.67477877,221.311508,-86.05131234,10.84010392,-0.0108356462,35.7713625,-78.67477083,218.8899994
10:36:14,10_36_14.jpg,35.77140104,-78.67479669,217.4738302,-87.57745752,7.992299087,-1.847514472,35.77133783,-78.67479383,218.8099976
10:36:16,10_36_16.jpg,35.77138271,-78.67481361,218.9325196,-89.11493784,5.639353515,-2.167919015,35.77132033,-78.6748155,218.5899963
10:36:18,10_36_18.jpg,35.77136168,-78.67483069,218.01831,-90.46649776,3.071267095,0.675205655,35.77129883,-78.6748315,216.6699982
10:36:20,10_36_20.jpg,35.77134216,-78.67484797,210.8939262,-91.62294134,0.6473733669,-0.3597111413,35.77127833,-78.67484467,213.6199951
10:36:22,10_36_22.jpg,35.77132039,-78.67487088,212.6006931,-93.20176876,-2.317452716,0.1761158099,35.7712595,-78.67487017,223.7400055
10:36:24,10_36_24.jpg,35.77129516,-78.67488909,208.4055241,-94.41054149,-5.306323193,0.05402832687,35.77123617,-78.67488467,216.6100006
10:36:26,10_36_26.jpg,35.77126589,-78.67490897,207.1796093,-95.57930268,-8.822769466,0.5293407489,35.77120833,-78.6749,205.3000031
10:36:28,10_36_28.jpg,35.77123279,-78.67493433,206.5540581,-96.8464388,-13.07550288,-3.363810672,35.77117667,-78.67491267,198.8200073
10:36:30,10_36_30.jpg,35.77120292,-78.67495548,202.2523734,-98.07497692,-16.66117116,-2.92677382,35.77114367,-78.67492467,200.0
10:36:33,10_36_33.jpg,35.77117545,-78.67497078,200.2227605,-99.31330808,-19.38768667,-2.374341008,35.771111,-78.67495967,216.3200073
10:36:35,10_36_35.jpg,35.77115023,-78.6749885,205.1612585,-100.5510752,-22.47534357,-0.6680115681,35.77108517,-78.67497633,210.3699951
10:36:37,10_36_37.jpg,35.77112686,-78.67500295,209.5023243,-101.6360577,-25.27128396,-1.056293022,35.7710605,-78.6749885,217.5800018
10:36:39,10_36_39.jpg,35.77110902,-78.67501858,205.5808894,-102.5939437,-27.59620377,-4.11413173,35.771041,-78.67499383,nan
10:36:41,10_36_41.jpg,35.771096,-78.67502591,205.8285425,-103.1286181,-29.03251896,-2.746459186,35.77102767,-78.67500117,nan
10:36:43,10_36_43.jpg,35.7710815,-78.67504017,217.2682816,-103.8488995,-30.79721855,-0.1304559056,35.7710165,-78.6750115,221.8399963
10:36:45,10_36_45.jpg,35.77105917,-78.67505575,208.0200591,-104.7202202,-33.13004041,-0.4909393881,35.77099983,-78.67502333,216.6900024
10:36:47,10_36_47.jpg,35.77103577,-78.67508052,214.501433,-105.9181191,-35.40310213,-0.1060924548,35.770985,-78.67503733,217.2400055
10:36:49,10_36_49.jpg,35.77100974,-78.67510419,211.4976802,-107.387518,-38.63821323,-0.6099428986,35.77096167,-78.6750545,211.4900055
10:36:51,10_36_51.jpg,35.77098483,-78.6751167,172.8575438,-107.476614,-41.11427424,4.248221772,35.77094267,-78.67506667,204.3800049
10:36:53,10_36_53.jpg,35.77096089,-78.67510448,160.6196621,-106.1436147,-43.67066844,3.415873471,35.77091883,-78.67506983,176.2400055
10:36:55,10_36_55.jpg,35.77094603,-78.67508424,121.710772,-104.3653257,-45.17850898,5.772257241,35.770903,-78.6750625,157.3399963
10:36:57,10_36_57.jpg,35.77092925,-78.67505437,124.1847967,-101.6688851,-46.6827701,5.931675647,35.77088433,-78.67503867,132.8399963
10:36:59,10_36_59.jpg,35.77091136,-78.67502397,132.4109979,-98.70587617,-48.3835604,5.004985549,35.77086817,-78.675011,127.0599976
10:37:01,10_37_01.jpg,35.77089307,-78.67498893,124.7544391,-95.18201122,-50.07801351,5.001579073,35.77084883,-78.6749825,126.9700012
10:37:04,10_37_04.jpg,35.77087125,-78.67495062,125.2251056,-91.42467532,-51.96997628,4.78090865,35.77081867,-78.67493017,126.3499985
10:37:06,10_37_06.jpg,35.77085499,-78.6749204,125.6032278,-88.49440787,-53.40918126,2.866727439,35.77080383,-78.67490183,126.7900009
10:40:37,10_40_37.jpg,35.77121772,-78.67393249,270.8107352,1.41e-06,2.46e-07,0.9250508974,35.77108233,-78.67401283,nan
10:40:39,10_40_39.jpg,35.77121632,-78.67394334,270.8107352,1.41e-06,2.46e-07,0.9250508974,35.77107833,-78.674018,nan
10:40:41,10_40_41.jpg,35.77121432,-78.67394876,270.8107352,1.41e-06,2.46e-07,0.9250508974,35.77108,-78.67398783,nan
10:40:43,10_40_43.jpg,35.77121658,-78.67393558,270.8107352,1.41e-06,2.46e-07,0.9250508974,35.7710785,-78.67398367,nan
10:40:45,10_40_45.jpg,35.77121572,-78.67394702,270.8107352,1.41e-06,2.46e-07,0.9250508974,35.77108483,-78.67397433,nan
10:40:47,10_40_47.jpg,35.77121571,-78.67394539,270.8107352,1.41e-06,2.46e-07,0.9250508974,35.77108483,-78.67396817,nan
10:40:49,10_40_49.jpg,35.77121506,-78.67394038,270.8107352,1.41e-06,2.46e-07,0.9250508974,35.77108617,-78.67396867,nan
10:40:51,10_40_51.jpg,35.77121553,-78.67392902,270.8107352,1.41e-06,2.46e-07,0.9250508974,35.771087,-78.67395417,nan
10:40:54,10_40_54.jpg,35.77121747,-78.6739155,270.8107352,1.41e-06,2.46e-07,0.9250508974,35.77107967,-78.67396117,nan
10:40:56,10_40_56.jpg,35.77121839,-78.67390817,270.8107352,1.41e-06,2.46e-07,0.9250508974,35.77107733,-78.6739755,nan
10:40:58,10_40_58.jpg,35.77121983,-78.67390097,270.8107352,1.41e-06,2.46e-07,0.9250508974,35.77107917,-78.67396817,nan
10:41:00,10_41_00.jpg,35.7712204,-78.67389749,270.8107352,1.41e-06,2.46e-07,0.9250508974,35.77107967,-78.6739415,nan
10:41:02,10_41_02.jpg,35.77121985,-78.67389867,270.8107352,1.41e-06,2.46e-07,0.9250508974,35.771073,-78.67395683,nan
10:41:04,10_41_04.jpg,35.77121924,-78.67389999,270.8107352,1.41e-06,2.46e-07,0.9250508974,35.7710855,-78.67392117,nan
10:41:06,10_41_06.jpg,35.77121949,-78.6738973,270.8107352,1.41e-06,2.46e-07,0.9250508974,35.771106,-78.67384567,nan
10:41:08,10_41_08.jpg,35.77122017,-78.67389541,65.77225468,1.41e-06,2.46e-07,0.9250508974,35.77111267,-78.6738405,nan
10:41:10,10_41_10.jpg,35.77121508,-78.6738806,73.52002672,0.001982766041,-5.88e-05,0.7220565845,35.77111767,-78.67383417,nan
10:41:12,10_41_12.jpg,35.7712226,-78.67382481,72.69517035,0.0004035819798,-0.00429302385,1.449544538,35.77113117,-78.67380733,nan
10:41:14,10_41_14.jpg,35.77121135,-78.67387544,293.4860938,-0.1244501452,-0.003394653069,2.028322382,35.7711295,-78.67380667,nan
10:41:16,10_41_16.jpg,35.77121356,-78.67388289,23.53234856,-0.7334903197,0.02600837691,0.8220528072,35.77114,-78.67379467,nan
10:41:18,10_41_18.jpg,35.77121005,-78.67388103,192.0990148,-0.5359000062,-0.4530412605,-2.865513231,35.77113783,-78.67379067,nan
10:41:20,10_41_20.jpg,35.77120202,-78.67389549,236.093723,-0.9812217905,-1.724863691,0.9980258832,35.7711375,-78.6737805,nan
10:41:22,10_41_22.jpg,35.77119872,-78.67390648,261.6090689,-2.034721413,-2.854969031,-1.706188721,35.77114283,-78.67377867,nan
10:41:24,10_41_24.jpg,35.77120179,-78.67392233,292.4470523,-3.642626788,-3.052409988,0.1821909241,35.77114883,-78.673799,nan
10:41:26,10_41_26.jpg,35.77120573,-78.67395175,288.6643346,-6.505986785,-3.05798328,-1.464436884,35.77115967,-78.673839,299.269989
10:41:29,10_41_29.jpg,35.77121186,-78.67398666,287.411646,-9.435905942,-3.320497036,-1.560900215,35.77117567,-78.67390083,293.1900024
10:41:31,10_41_31.jpg,35.77122268,-78.67401769,291.225946,-12.62118998,-3.322608058,-1.000270635,35.77118583,-78.67395267,298.519989
10:41:33,10_41_33.jpg,35.77123363,-78.67404687,298.6671214,-15.7355827,-3.17412861,-0.06532347269,35.77119567,-78.67399833,299.9599915
10:41:35,10_41_35.jpg,35.77124474,-78.6740737,297.9708952,-18.68702782,-2.953299729,-1.815056165,35.77120483,-78.6740235,299.9500122
10:41:37,10_41_37.jpg,35.77125914,-78.67410229,304.8769906,-21.7216699,-2.394387949,-0.1502758606,35.77122133,-78.67405333,302.8599854
10:41:39,10_41_39.jpg,35.7712732,-78.67412969,303.2621056,-24.48115989,-1.8708815,0.18877413,35.77123617,-78.674084,303.269989
10:41:41,10_41_41.jpg,35.77128734,-78.67415708,299.442314,-27.35752124,-1.429604896,0.04967337698,35.7712515,-78.67411683,303.6799927
10:41:43,10_41_43.jpg,35.77129932,-78.67418225,301.8149119,-29.92312468,-1.093417394,0.8571259878,35.771265,-78.67414467,302.0499878
10:41:45,10_41_45.jpg,35.77131272,-78.67421299,297.8618048,-33.10924599,-0.8811588187,-0.8697359988,35.77127683,-78.67417317,299.230011
10:41:47,10_41_47.jpg,35.77132469,-78.67424021,298.5393885,-36.03836136,-0.4625788602,-0.1735998688,35.77129017,-78.67420417,300.2099915
10:41:49,10_41_49.jpg,35.77133829,-78.67426872,304.6529312,-39.00618001,-0.1844533978,0.8485056478,35.771305,-78.67423333,300.8699951
10:41:51,10_41_51.jpg,35.7713515,-78.67429779,301.5347919,-41.89805408,0.07999083254,-0.3425546314,35.77131867,-78.67426117,299.5100098
10:41:53,10_41_53.jpg,35.77136359,-78.67432774,298.1048895,-44.82932938,0.1971595715,1.80308328,35.7713285,-78.6742865,299.6900024
10:41:55,10_41_55.jpg,35.77137873,-78.67435884,296.8712502,-48.26174861,0.6397260777,1.917057024,35.77133983,-78.674316,298.3800049
10:41:57,10_41_57.jpg,35.77139504,-78.6743897,302.5515698,-51.83091199,0.9234805289,2.254173719,35.77135333,-78.6743475,299.730011
10:41:59,10_41_59.jpg,35.77141133,-78.67442074,301.9278184,-55.24149947,1.316152048,3.596171904,35.77136733,-78.6743755,301.6300049
10:42:01,10_42_01.jpg,35.7714262,-78.67445382,297.4931785,-58.62962378,1.625252434,0.4175991833,35.77138283,-78.67440883,299.9500122
10:42:04,10_42_04.jpg,35.77144166,-78.67448224,311.2295127,-61.70168961,2.252830394,0.4930969739,35.77140483,-78.67445367,303.9200134
10:42:06,10_42_06.jpg,35.77145588,-78.67450516,301.8938462,-64.21069892,2.889662362,0.418310507,35.771418,-78.6744775,306.0
10:42:08,10_42_08.jpg,35.77147128,-78.67453223,305.7646499,-67.32201789,3.411888569,1.307436465,35.77143217,-78.67450517,303.8200073
10:42:10,10_42_10.jpg,35.77148604,-78.67455785,303.9187413,-70.15853073,3.923898719,0.7733552578,35.7714455,-78.67453233,301.9599915
10:42:12,10_42_12.jpg,35.77149971,-78.6745822,301.1368132,-72.81271908,4.420330288,0.9309033453,35.77145783,-78.67455933,300.2099915
10:42:14,10_42_14.jpg,35.77151211,-78.67461071,295.8593799,-75.69885026,4.746909131,1.171556219,35.77147,-78.67458717,300.4500122
10:42:16,10_42_16.jpg,35.77151795,-78.67463737,277.2271933,-77.9524003,4.455444484,0.4750163544,35.771478,-78.67461233,293.3599854
10:42:18,10_42_18.jpg,35.77151908,-78.67466751,265.9393984,-80.40850557,3.369283692,0.3645973748,35.77147983,-78.67464033,276.3299866
10:42:20,10_42_20.jpg,35.77151858,-78.67470149,259.789779,-83.16507473,1.850296968,3.145058756,35.77147917,-78.67466683,268.230011
10:42:22,10_42_22.jpg,35.77150768,-78.67472452,233.1490348,-84.58234247,-0.2631903553,-0.3925275901,35.7714705,-78.67469433,254.6799927
10:42:24,10_42_24.jpg,35.77148603,-78.67475064,222.6323042,-85.67653455,-3.499380095,-1.28693385,35.7714505,-78.674721,231.7799988
10:42:26,10_42_26.jpg,35.77145495,-78.67476861,207.3810411,-85.97298399,-7.09928312,1.620148094,35.7714265,-78.67474117,218.6399994
10:42:28,10_42_28.jpg,35.77143075,-78.67478697,203.6120872,-86.27170175,-10.14352414,-1.290778461,35.77139933,-78.674759,211.8699951
10:42:30,10_42_30.jpg,35.77141091,-78.67479905,207.6373069,-86.55638675,-12.85053635,-1.159406931,35.77137817,-78.67476783,205.6900024
10:42:32,10_42_32.jpg,35.77138535,-78.67481427,201.3740732,-86.66692882,-16.2081993,-2.061430548,35.771352,-78.67478417,206.3699951
10:42:34,10_42_34.jpg,35.77136738,-78.67482874,212.1230966,-86.93791378,-18.48834075,-0.8344584448,35.77133383,-78.674798,208.6900024
10:42:37,10_42_37.jpg,35.771347,-78.67484693,212.0053832,-87.51610727,-21.30328684,-2.121049554,35.7713045,-78.674818,209.1900024
10:42:39,10_42_39.jpg,35.77132619,-78.6748669,217.12109,-88.08814339,-24.17380953,-0.4031739017,35.77128683,-78.67483483,216.0
10:42:41,10_42_41.jpg,35.77129944,-78.67488798,209.0959644,-88.54501905,-27.53765428,0.4844326525,35.77126183,-78.67485383,212.6699982
10:42:43,10_42_43.jpg,35.77127277,-78.67490901,215.7937419,-88.92451022,-31.14309604,-4.803345933,35.77123417,-78.67487133,209.4799957
10:42:45,10_42_45.jpg,35.77124912,-78.67493255,205.9003134,-89.67938675,-34.35782494,-1.28226257,35.77121183,-78.674891,213.2799988
10:42:47,10_42_47.jpg,35.77122367,-78.67495042,205.0476371,-90.03233816,-37.4894433,-1.866833822,35.77118567,-78.67490617,206.7700043
10:42:49,10_42_49.jpg,35.77119575,-78.67496853,209.0186533,-90.4121893,-41.0019872,-7.570209186,35.77117117,-78.6749265,219.8600006
10:42:51,10_42_51.jpg,35.77117787,-78.67497827,206.6735658,-90.78584164,-43.09215929,-2.465763864,35.77115533,-78.6749435,218.1799927
10:42:53,10_42_53.jpg,35.77115666,-78.67499207,210.3341579,-90.98679654,-45.48553996,-0.9519607218,35.7711375,-78.6749565,209.8899994
10:42:55,10_42_55.jpg,35.77114202,-78.67500561,211.6624509,-91.35801796,-47.73627099,-0.6108743779,35.77111917,-78.67496817,207.3899994
10:42:57,10_42_57.jpg,35.77112834,-78.67501547,218.6598083,-91.54132963,-49.88678543,-1.409975119,35.77110217,-78.67497583,203.1699982
10:42:59,10_42_59.jpg,35.7711037,-78.67503638,225.3127778,-91.97627992,-52.81858916,-2.997814423,35.77107933,-78.67498933,208.4900055
10:43:01,10_43_01.jpg,35.77108309,-78.6750566,202.761141,-92.42953687,-55.43689978,-2.014380815,35.77105717,-78.67500833,214.0899963
10:43:03,10_43_03.jpg,35.77106413,-78.67507064,218.7973437,-92.75076169,-57.92281708,-10.6094302,35.7710395,-78.67502733,nan
10:43:05,10_43_05.jpg,35.77104497,-78.67508272,204.5049402,-93.02421414,-60.42006619,-3.569192198,35.771024,-78.6750425,212.9499969
10:43:07,10_43_07.jpg,35.77102371,-78.67509981,210.3129511,-93.24091955,-62.96122578,-2.248179967,35.771001,-78.67505567,209.4199982
10:43:09,10_43_09.jpg,35.77099879,-78.67511709,212.8697708,-93.72287718,-65.89159466,0.2829104621,35.77097833,-78.67507,202.0899963
10:43:11,10_43_11.jpg,35.77097646,-78.67513294,208.666185,-93.87581948,-68.34402086,-0.6043035483,35.7709595,-78.675082,192.8200073
10:43:13,10_43_13.jpg,35.77095751,-78.6751402,169.4002656,-93.3430274,-70.30524988,3.513918915,35.77093917,-78.6750895,191.4499969
10:43:16,10_43_16.jpg,35.77093924,-78.67512581,159.909834,-91.40592483,-71.93141228,6.301207569,35.7709095,-78.67508383,159.5099945
10:43:18,10_43_18.jpg,35.7709221,-78.67510394,122.3748343,-88.97917634,-72.97661356,7.36467567,35.77088917,-78.67506283,140.2400055
10:43:20,10_43_20.jpg,35.77091404,-78.67507625,102.1500399,-86.37433408,-72.79392339,3.474896421,35.770882,-78.67503467,113.9100037
10:43:22,10_43_22.jpg,35.77090677,-78.67504982,107.7397451,-83.81372303,-72.60649269,1.707568629,35.770876,-78.675008,108.7600021
10:43:24,10_43_24.jpg,35.77089461,-78.67502111,125.0118709,-81.00125051,-72.7733278,3.617010703,35.77086383,-78.67498267,120.4300003
10:43:26,10_43_26.jpg,35.7708788,-78.67499144,125.3190438,-77.89506907,-73.3159084,2.27350845,35.77084767,-78.6749555,123.8600006
10:43:28,10_43_28.jpg,35.7708614,-78.67496103,126.291045,-74.60188395,-74.00222828,4.105523194,35.7708315,-78.67492633,125.4400024
10:43:30,10_43_30.jpg,35.7708442,-78.6749326,125.6156187,-71.31206251,-74.69925549,2.333234244,35.77081383,-78.67489767,125.9700012
10:43:32,10_43_32.jpg,35.77082762,-78.67490343,126.3136454,-68.26116887,-75.29581986,3.749573365,35.77079917,-78.67487017,124.8899994
10:43:34,10_43_34.jpg,35.77081051,-78.67487304,123.792601,-65.01386193,-75.92482617,2.217187392,35.770783,-78.67484033,123.3600006
10:43:36,10_43_36.jpg,35.77079434,-78.67484354,118.4049463,-61.72709312,-76.37850171,2.185890727,35.77076733,-78.67481267,121.8300018
10:43:38,10_43_38.jpg,35.77077973,-78.67481261,118.3243882,-58.50064363,-76.65463982,2.80165949,35.77075283,-78.67478217,120.8899994
10:43:40,10_43_40.jpg,35.77076409,-78.67478151,121.4017529,-55.28987707,-77.08154682,3.730734653,35.77073717,-78.67475333,122.2600021
10:43:42,10_43_42.jpg,35.77074911,-78.67475194,120.3707289,-52.10795123,-77.55449945,3.14471081,35.77072317,-78.6747265,121.2699966
10:43:44,10_43_44.jpg,35.77073627,-78.67472349,115.4942267,-49.20726656,-77.84882646,1.78266668,35.77070967,-78.67470033,120.9199982
10:43:46,10_43_46.jpg,35.77072341,-78.67469005,118.587367,-45.74761536,-77.94163606,0.7532141961,35.7706975,-78.6746715,116.5500031
10:43:48,10_43_48.jpg,35.7707088,-78.67465846,124.5050038,-42.41606765,-78.21268544,1.997170014,35.77068267,-78.67463967,120.0899963
10:43:50,10_43_50.jpg,35.77069035,-78.67462869,126.3399669,-39.15320699,-78.97384484,3.696138343,35.77066683,-78.6746105,123.8600006
10:43:52,10_43_52.jpg,35.77067141,-78.67459849,128.4587914,-35.75311534,-79.83213605,1.638850698,35.77064867,-78.6745815,126.4300003
10:43:55,10_43_55.jpg,35.77065356,-78.67457,107.3540246,-32.46282323,-80.44476483,1.928589622,35.7706245,-78.67453917,121.7300034
10:43:57,10_43_57.jpg,35.77064084,-78.67454201,120.0271242,-29.49620474,-80.70667418,0.9099776465,35.77061267,-78.6745115,119.1999969
10:43:59,10_43_59.jpg,35.77062799,-78.67451354,118.8877345,-26.51289603,-80.93744563,4.103416953,35.77060117,-78.67448483,118.8799973
10:44:01,10_44_01.jpg,35.77061653,-78.67448572,113.3758048,-23.80189228,-81.16512291,2.057664103,35.7705885,-78.67445833,118.1200027
10:44:03,10_44_03.jpg,35.77060618,-78.67445869,115.3963302,-21.30262614,-81.35484214,4.141789631,35.77057817,-78.674434,118.4899979
10:44:05,10_44_05.jpg,35.77060558,-78.67443278,67.74468033,-19.0911589,-80.31673894,5.80440718,35.7705755,-78.6744085,96.62000275
10:44:07,10_44_07.jpg,35.77061712,-78.67441279,40.75734268,-17.96967876,-78.1854242,-1.504770983,35.77058417,-78.67438617,67.90000153
10:44:09,10_44_09.jpg,35.77063694,-78.6743926,39.23146082,-17.17954137,-75.33859586,-2.254915224,35.77060117,-78.6743665,46.90000153
10:44:11,10_44_11.jpg,35.77065513,-78.67437498,30.86461579,-16.79348293,-72.80124323,-1.338378624,35.77062133,-78.67435017,37.06000137
10:44:13,10_44_13.jpg,35.77067974,-78.67435676,21.48283059,-16.54740208,-69.63729064,-2.769746148,35.77064633,-78.6743355,28.69000053
10:44:15,10_44_15.jpg,35.77070402,-78.67433917,31.3764373,-16.13713362,-66.38929609,-2.354047864,35.77066767,-78.67431717,31.54000092
10:44:17,10_44_17.jpg,35.77072769,-78.67432354,36.37384269,-15.75240956,-63.51742544,-1.917014776,35.77069033,-78.67429883,33.06999969
10:44:19,10_44_19.jpg,35.77075132,-78.67430339,33.003425,-15.15907833,-60.53643327,-2.092030998,35.77070967,-78.6742815,36.40999985
10:44:21,10_44_21.jpg,35.77077738,-78.67427994,40.09326318,-14.47883279,-57.01741516,-2.908408943,35.77073217,-78.67426017,37.99000168
10:44:23,10_44_23.jpg,35.77080511,-78.67425665,35.61482961,-13.75069631,-53.3828377,-2.145096176,35.77075867,-78.67423467,38.54000092
10:44:25,10_44_25.jpg,35.77083534,-78.67423655,30.21093825,-13.25867809,-49.47475072,-1.931596351,35.77078583,-78.67421417,34.83000183
10:44:27,10_44_27.jpg,35.77086412,-78.67421,38.5436487,-12.43936627,-45.58395519,-3.272196403,35.77081533,-78.67419067,33.06999969
10:44:30,10_44_30.jpg,35.77088536,-78.6741908,38.63908895,-11.85221564,-42.62251621,-1.458060566,35.770851,-78.67416417,32.65999985
10:44:32,10_44_32.jpg,35.7709024,-78.67417695,31.17616918,-11.63623576,-40.31509152,-2.00144819,35.770869,-78.67415167,34.09000015
10:44:34,10_44_34.jpg,35.77092376,-78.67415603,42.37742162,-11.02620432,-37.36015269,1.51573125,35.77089317,-78.67413417,34.38999939
10:44:36,10_44_36.jpg,35.77095221,-78.67413057,22.70929637,-10.17123265,-33.56345605,0.5345880855,35.77092017,-78.67411117,37.66999817
10:44:38,10_44_38.jpg,35.77098088,-78.6741127,26.29070352,-9.901969296,-30.04529852,0.1330862512,35.77094767,-78.67409267,34.25999832
10:44:40,10_44_40.jpg,35.77100741,-78.67409548,28.62827182,-9.771580124,-26.78543748,-2.927675944,35.77097167,-78.67407133,35.31999969
10:44:42,10_44_42.jpg,35.77103076,-78.67407654,34.58344037,-9.170090423,-23.56825223,-1.614991046,35.7709965,-78.6740495,35.84000015
10:44:44,10_44_44.jpg,35.77106029,-78.67405498,31.19486768,-8.742035318,-19.91066442,-3.916079042,35.7710255,-78.67402933,31.61000061
10:44:46,10_44_46.jpg,35.77109119,-78.67403444,29.9168111,-8.491813557,-16.04409141,-5.330944061,35.77106,-78.674018,22.21999931
10:44:48,10_44_48.jpg,35.77111281,-78.67401405,34.90789827,-7.996428453,-12.96062304,-2.147799784,35.77108333,-78.67400083,26.80999947
10:44:50,10_44_50.jpg,35.7711342,-78.67399869,27.15167688,-7.807058101,-10.15850298,-1.846538755,35.77110667,-78.6739885,27.76000023
10:44:52,10_44_52.jpg,35.77114602,-78.67399531,10.80865361,-8.052438111,-8.717453989,-3.653326828,35.77111967,-78.67398233,nan
10:44:54,10_44_54.jpg,35.77117037,-78.67399676,354.4189161,-9.312661473,-6.136692459,-4.3196608,35.77114167,-78.67398467,3.400000095
10:44:56,10_44_56.jpg,35.7711942,-78.67400901,321.1004618,-11.55295743,-4.331055361,2.204433128,35.77116717,-78.67399017,350.3800049
10:44:58,10_44_58.jpg,35.77121517,-78.67403956,302.085368,-15.04498994,-3.460567985,1.541634442,35.77118533,-78.67401317,325.7000122
10:45:00,10_45_00.jpg,35.77123032,-78.67407267,297.7801855,-18.47174137,-3.20732679,0.5819263304,35.77119633,-78.67404233,304.3999939
10:45:02,10_45_02.jpg,35.77124322,-78.67410197,297.9414791,-21.62160593,-3.11845394,-1.11993375,35.7712065,-78.67407233,298.4299927
10:45:04,10_45_04.jpg,35.77125784,-78.67412991,300.9307025,-24.7172827,-2.779558761,0.903164273,35.77121767,-78.67409883,299.4100037
10:45:07,10_45_07.jpg,35.77127155,-78.67415964,299.231072,-27.90392085,-2.459647088,0.5666084659,35.771237,-78.67414183,299.7999878
10:45:09,10_45_09.jpg,35.77129004,-78.67419226,308.3596366,-31.33559881,-1.906356449,1.040768696,35.7712535,-78.67417383,304.7200012
10:45:11,10_45_11.jpg,35.77130596,-78.67421782,304.6709019,-34.14061411,-1.218690937,1.748232487,35.77126967,-78.674201,306.7799988
10:45:13,10_45_13.jpg,35.77132182,-78.67424652,306.0041438,-37.13953706,-0.7522043728,-0.03019296354,35.77128467,-78.674227,305.3800049
10:45:15,10_45_15.jpg,35.77134116,-78.67428203,302.4096171,-40.65841356,-0.07894035854,0.6027155265,35.771302,-78.67425867,304.3900146
10:45:17,10_45_17.jpg,35.77135864,-78.67431716,303.9088678,-44.36427817,0.3197362236,0.3480579696,35.771318,-78.67429183,301.3099976
10:45:19,10_45_19.jpg,35.77137715,-78.67435806,296.9144933,-48.51180103,0.5364727599,0.1637465811,35.7713355,-78.67432917,299.4500122
10:45:21,10_45_21.jpg,35.77138849,-78.67438037,296.9985545,-50.92153987,0.8173524498,2.613066762,35.77134617,-78.67435283,298.7799988
10:45:23,10_45_23.jpg,35.77139459,-78.67439167,305.6939031,-52.22792549,0.9415617047,-0.3282422053,35.77135233,-78.674366,298.3800049
10:45:25,10_45_25.jpg,35.77140547,-78.67441009,305.5423258,-54.23557531,1.332946138,-0.3990778393,35.77136133,-78.67438133,305.9100037
10:45:27,10_45_27.jpg,35.77142085,-78.67443505,302.5654287,-57.0643434,1.923907054,2.282270853,35.77137483,-78.67440317,307.1499939
10:45:29,10_45_29.jpg,35.77143959,-78.67446619,305.0986963,-60.41688038,2.484034097,2.186008771,35.77139067,-78.67442983,306.3500061
10:45:31,10_45_31.jpg,35.77145674,-78.6744997,299.0379299,-64.05865937,2.936671987,1.09853656,35.77140683,-78.6744605,303.519989
10:45:33,10_45_33.jpg,35.77147177,-78.67453347,300.3452466,-67.5413074,3.240791895,0.60379142,35.77141983,-78.67449183,299.9700012
10:45:36,10_45_36.jpg,35.77148748,-78.67456629,300.7184473,-70.70996052,4.331597835,2.111515181,35.77144117,-78.67454,299.8500061
10:45:38,10_45_38.jpg,35.77150163,-78.67459616,295.5908681,-73.92848435,4.287693251,1.016537709,35.77145483,-78.674569,299.5799866
10:45:40,10_45_40.jpg,35.7715106,-78.67461665,300.6080292,-75.95905093,4.402797617,0.8997106669,35.77146417,-78.67459067,298.8399963
10:45:42,10_45_42.jpg,35.77151622,-78.67463678,289.4158861,-77.94042067,4.286452536,0.2131042137,35.77147133,-78.6746105,294.519989
10:45:44,10_45_44.jpg,35.77151984,-78.67465697,274.7787424,-79.63439572,3.856733665,-0.058891061,35.77147333,-78.6746315,280.0899963
10:45:46,10_45_46.jpg,35.77152108,-78.67468314,249.6768632,-81.91537489,3.012338414,1.493412626,35.771477,-78.67465417,280.3900146
10:45:48,10_45_48.jpg,35.77151429,-78.67470736,230.5511248,-83.55291741,1.395904386,-0.521097568,35.771474,-78.67467583,252.5599976
10:45:50,10_45_50.jpg,35.77149737,-78.67472701,221.9324829,-84.46156733,-1.11997802,-5.143731861,35.7714615,-78.674699,234.1900024
10:45:52,10_45_52.jpg,35.77147737,-78.67474742,216.9499095,-85.17424537,-3.925814322,-0.1698293695,35.77144033,-78.67471717,219.25
10:45:54,10_45_54.jpg,35.77145403,-78.67476863,207.9197664,-85.72555461,-6.972699617,-1.366497962,35.77141967,-78.6747375,214.7700043
10:45:56,10_45_56.jpg,35.77143351,-78.67478461,211.1980212,-86.0637594,-9.548515443,-0.549911122,35.771402,-78.67475317,209.1399994
10:45:58,10_45_58.jpg,35.77140863,-78.67480638,208.684235,-86.43585438,-12.76621363,-1.492925692,35.77137967,-78.674768,208.6600037
10:46:00,10_46_00.jpg,35.77138145,-78.67482514,207.5918097,-86.7041594,-16.16770545,-1.335081474,35.77135483,-78.67478433,207.4900055
10:46:02,10_46_02.jpg,35.77135787,-78.67484562,211.7316904,-87.46995466,-19.59325092,-2.796059025,35.771331,-78.67480317,214.0800018
10:46:04,10_46_04.jpg,35.77133326,-78.67486301,205.1312282,-87.81952472,-22.71485294,1.086376018,35.771307,-78.67482117,212.2799988
10:46:06,10_46_06.jpg,35.77130989,-78.67487885,219.2786016,-88.04087812,-26.02176654,-2.044530007,35.77127933,-78.67483583,205.0
10:46:08,10_46_08.jpg,35.77128842,-78.67489826,217.2176088,-88.42842337,-29.06895744,0.7200234245,35.77125633,-78.67484983,209.4600067
10:46:10,10_46_10.jpg,35.77126557,-78.67491674,216.531255,-88.90559192,-31.95823659,-2.46037743,35.77123383,-78.674867,212.9299927
10:46:12,10_46_12.jpg,35.77124411,-78.67493596,208.64231,-89.24049138,-35.05102579,-0.1392053535,35.7712105,-78.67488183,211.3899994
10:46:14,10_46_14.jpg,35.77122035,-78.67495031,208.5040115,-89.32995586,-37.87565921,-0.5900701781,35.77118567,-78.6749005,212.8200073
10:46:16,10_46_16.jpg,35.77119949,-78.67496256,207.8450979,-89.5861738,-40.6394694,0.1376816598,35.77116617,-78.6749095,203.5700073
10:46:18,10_46_18.jpg,35.77117628,-78.6749796,223.6586535,-90.03379623,-43.44667424,-0.333015669,35.77115533,-78.67491533,204.4400024
10:46:20,10_46_20.jpg,35.77115415,-78.67500089,209.9710105,-90.46138924,-45.93442031,-2.439223414,35.77113233,-78.674938,209.6000061
10:46:22,10_46_22.jpg,35.77113875,-78.67501224,222.2032915,-90.84933951,-48.11222469,-2.676114365,35.77111467,-78.67495367,213.5800018
10:46:25,10_46_25.jpg,35.77112149,-78.67502528,215.0881301,-91.34894072,-50.62673517,1.021716501,35.7710885,-78.67497317,211.8399963
10:46:27,10_46_27.jpg,35.77110494,-78.6750405,217.6059914,-91.62817114,-52.7725069,-1.910603978,35.771072,-78.674982,211.4900055
10:46:29,10_46_29.jpg,35.77108047,-78.67505773,201.2898536,-91.890809,-55.96945274,-2.756128886,35.77104883,-78.6749975,204.4199982
10:46:31,10_46_31.jpg,35.77106025,-78.67507251,217.2185837,-92.11970746,-58.27669143,-2.492744366,35.77103217,-78.67500833,nan
10:46:33,10_46_33.jpg,35.77103553,-78.67509258,209.2821343,-92.70891614,-61.24064242,-0.8110700477,35.77100833,-78.67502517,212.3399963
10:46:35,10_46_35.jpg,35.77101523,-78.67510438,213.4856711,-92.98083933,-63.96288541,0.2061483288,35.77098867,-78.6750435,209.8399963
10:46:37,10_46_37.jpg,35.77099094,-78.67512026,201.3246433,-93.02957132,-66.83799894,1.949131562,35.77097,-78.6750585,187.1100006
10:46:39,10_46_39.jpg,35.77096727,-78.67513463,173.7523036,-92.53972188,-68.93831937,6.576133365,35.77094883,-78.67506633,188.6900024
10:46:41,10_46_41.jpg,35.77094493,-78.67512155,141.0823367,-90.47277946,-70.80548561,6.642147156,35.77092633,-78.67505717,164.5
10:46:43,10_46_43.jpg,35.77092727,-78.67510123,128.794574,-88.31892487,-72.07931401,4.569390151,35.77090367,-78.67504367,151.3200073
10:46:45,10_46_45.jpg,35.77091431,-78.67507218,128.2383488,-85.47405174,-72.45281021,1.39695104,35.77088917,-78.67502117,128.4700012
10:46:47,10_46_47.jpg,35.77089939,-78.67504162,126.5813371,-82.31708569,-73.00007001,4.310437128,35.77087567,-78.67499367,123.7099991
10:46:49,10_46_49.jpg,35.77088192,-78.67501372,129.1708672,-79.12755564,-73.77153713,2.129046692,35.7708595,-78.67496783,127.5999985
10:46:51,10_46_51.jpg,35.77086187,-78.67498608,125.8457447,-75.89682689,-74.74891956,4.605371886,35.77083983,-78.67494117,130.8699951
10:46:53,10_46_53.jpg,35.77085038,-78.67496348,122.3105879,-73.56921005,-75.11488667,3.734539443,35.770828,-78.67491883,125.7699966
10:46:55,10_46_55.jpg,35.77083291,-78.67493082,117.2097416,-70.05253498,-75.68889585,3.169422162,35.77081167,-78.67488867,125.3499985
10:46:57,10_46_57.jpg,35.77081673,-78.67489524,124.1181369,-66.40725355,-75.98319531,2.543941188,35.770797,-78.67485533,122.3300018
10:46:59,10_46_59.jpg,35.77079815,-78.67485894,122.6269525,-62.56749129,-76.44416984,2.003040004,35.770781,-78.67482517,122.0299988
10:47:01,10_47_01.jpg,35.77078279,-78.6748291,120.7827172,-59.38327906,-76.9059277,4.811109972,35.77076417,-78.67479583,123.8300018
10:47:04,10_47_04.jpg,35.77076777,-78.67479583,116.1118134,-55.99859713,-77.11964533,4.237342904,35.77074317,-78.67475133,116.9899979
10:47:06,10_47_06.jpg,35.77075257,-78.6747515,114.2665955,-51.63791596,-76.93613516,1.987411631,35.77072767,-78.6747095,114.5500031
10:47:08,10_47_08.jpg,35.77073991,-78.67472157,118.548901,-48.50324793,-77.00140085,1.766450972,35.77071583,-78.6746805,115.9300003
10:47:10,10_47_10.jpg,35.77073391,-78.67470813,123.1261509,-47.15205646,-77.12172129,0.8880727041,35.77071033,-78.67466733,115.1999969
10:47:12,10_47_12.jpg,35.77072158,-78.67468591,127.0424748,-44.93264398,-77.53404018,4.632864087,35.770697,-78.6746475,128.1600037
10:47:14,10_47_14.jpg,35.7707048,-78.67465718,124.5355326,-41.72115893,-78.24530847,2.221116652,35.77068117,-78.67462367,128.9900055
10:47:16,10_47_16.jpg,35.77068516,-78.67462719,131.1509655,-38.26375683,-79.01611073,1.966991912,35.7706625,-78.67459467,128.1900024
10:47:18,10_47_18.jpg,35.77066735,-78.67459864,125.477566,-35.08380717,-79.78351418,2.250971551,35.77064467,-78.674566,127.5500031
10:47:20,10_47_20.jpg,35.7706516,-78.67457021,119.8579319,-32.07595203,-80.20774977,3.064678059,35.77062883,-78.6745395,126.2699966
10:47:22,10_47_22.jpg,35.77064143,-78.67455008,123.9590598,-30.01309584,-80.55832199,1.795619412,35.77061733,-78.6745195,123.8300018
10:47:24,10_47_24.jpg,35.77062715,-78.67452536,125.5236221,-27.23719026,-81.14635728,1.010552687,35.77060267,-78.67450317,135.7799988
10:47:26,10_47_26.jpg,35.77061843,-78.67450309,112.3481083,-25.00171962,-81.24748748,2.199698756,35.77058983,-78.67448133,123.8199997
10:47:28,10_47_28.jpg,35.77060831,-78.67447462,112.3826387,-22.21602781,-81.07600805,3.478199326,35.770581,-78.6744555,115.0800018
10:47:30,10_47_30.jpg,35.77059872,-78.67444334,95.8943561,-19.19715792,-80.74072063,5.427091403,35.77057333,-78.67442367,112.9700012
10:47:32,10_47_32.jpg,35.77060628,-78.67441424,53.93138968,-17.20033846,-78.89900342,2.316336962,35.77057483,-78.67439283,91.69000244
10:47:34,10_47_34.jpg,35.77062602,-78.67439382,40.17923392,-16.50063373,-76.06515091,-1.849041602,35.77058983,-78.67437167,54.20999908
10:47:36,10_47_36.jpg,35.77064538,-78.67437355,42.50593453,-15.85172552,-73.39168233,-0.5136003236,35.77060883,-78.67435633,40.81999969
10:47:38,10_47_38.jpg,35.77066708,-78.67434936,39.59089182,-14.8769411,-70.05896881,-0.213844805,35.77063067,-78.6743325,41.79000092
10:47:40,10_47_40.jpg,35.77068378,-78.67433642,41.08066988,-14.52372729,-67.74104148,-1.01168301,35.7706515,-78.67431567,nan
10:47:43,10_47_43.jpg,35.77070211,-78.67431575,37.90159572,-13.76255844,-65.06692842,-2.082595881,35.7706775,-78.67429417,36.22000122
10:47:45,10_47_45.jpg,35.77072661,-78.67429427,32.83497013,-13.07100942,-61.86667118,-0.6289610192,35.77070383,-78.674277,31.21999931
10:47:47,10_47_47.jpg,35.77075246,-78.67427366,33.23449796,-12.52337196,-58.60547304,-1.023095301,35.77072933,-78.67425617,34.15000153
10:47:49,10_47_49.jpg,35.77078201,-78.6742531,30.92697121,-12.0255289,-54.69392633,-2.674018325,35.77075617,-78.67423317,36.79000092
10:47:51,10_47_51.jpg,35.77080853,-78.6742322,37.33815395,-11.57116128,-51.17447365,-1.65391978,35.77078267,-78.67421583,34.49000168
10:47:53,10_47_53.jpg,35.77083592,-78.67421051,32.50492687,-10.93276971,-47.56299701,-0.5077815776,35.770807,-78.67419333,38.59999847
10:47:55,10_47_55.jpg,35.77086122,-78.67419079,39.39727589,-10.49240036,-44.16239091,-3.818147003,35.77082783,-78.674167,nan
10:47:57,10_47_57.jpg,35.77087775,-78.67417598,47.73571402,-10.15266003,-42.03002966,-2.519064727,35.77084,-78.67414917,nan
10:47:59,10_47_59.jpg,35.77089999,-78.6741571,30.84451471,-9.736394229,-39.12745796,-1.719397274,35.77085717,-78.6741275,nan
10:48:01,10_48_01.jpg,35.77092512,-78.67413764,32.91262592,-9.319138392,-35.7250267,-2.94185915,35.77087967,-78.67410833,nan
10:48:03,10_48_03.jpg,35.77094799,-78.6741215,28.06799456,-8.876497934,-32.85431385,-2.190594569,35.77091,-78.67410433,24.87000084
10:48:05,10_48_05.jpg,35.77097274,-78.67410587,20.51604119,-8.671796259,-29.79556317,-2.19487132,35.7709375,-78.674092,nan
10:48:07,10_48_07.jpg,35.77100112,-78.67408592,32.27022089,-8.298090374,-25.8277327,-1.253033169,35.770966,-78.674078,26.73999977
10:48:09,10_48_09.jpg,35.77102781,-78.67406843,29.084811,-8.001832769,-22.66810948,-2.971476707,35.77099767,-78.6740755,17.10000038
10:48:11,10_48_11.jpg,35.77105451,-78.67404506,33.78041084,-7.33560801,-19.29174377,-1.893689126,35.771024,-78.67405683,26.76000023
10:48:13,10_48_13.jpg,35.77107632,-78.67402436,34.1071704,-6.947524424,-16.25374103,-1.01227348,35.771047,-78.67403517,nan
10:48:15,10_48_15.jpg,35.77110418,-78.67400616,28.09026094,-6.51192853,-12.74070271,-2.262400912,35.77106817,-78.674009,34.72000122
10:48:17,10_48_17.jpg,35.77113243,-78.67398652,25.27685059,-6.42363803,-9.268232168,0.4247033272,35.77108933,-78.67398567,30.45999908
10:48:19,10_48_19.jpg,35.77116311,-78.67397596,349.297703,-7.010940275,-5.669132666,0.2097910619,35.7711195,-78.67396733,20.32999992
10:48:22,10_48_22.jpg,35.77117719,-78.67398026,327.387899,-8.191098068,-4.324973423,-1.500284241,35.77114433,-78.67396117,nan
10:48:24,10_48_24.jpg,35.77119756,-78.67400689,308.9769038,-11.35559301,-3.244133156,-1.18756759,35.771162,-78.67398033,320.1799927
10:48:26,10_48_26.jpg,35.77121602,-78.6740384,308.3300761,-14.90951929,-2.588393462,-2.055974146,35.771177,-78.67400567,310.5599976
10:48:28,10_48_28.jpg,35.77122887,-78.67406615,302.9252694,-17.82772774,-2.243955572,0.07304675066,35.77119017,-78.67403083,303.4100037
10:48:30,10_48_30.jpg,35.77124709,-78.67409212,316.5706989,-20.85811275,-1.486403082,1.346552051,35.771205,-78.67405767,305.2600098
10:48:32,10_48_32.jpg,35.77126744,-78.67412396,282.215364,-24.44709484,-0.7316742082,2.947962356,35.77122517,-78.67408967,305.6199951
10:48:34,10_48_34.jpg,35.77127838,-78.67415042,305.3659939,-27.20292176,-0.6353604646,-1.085189853,35.771238,-78.67411467,301.7900085
10:48:36,10_48_36.jpg,35.77129034,-78.67417366,300.934693,-29.60792497,-0.3751972935,0.3254117129,35.77124817,-78.674133,302.2600098
10:48:38,10_48_38.jpg,35.77130562,-78.67420402,302.6538228,-32.79322363,-0.09581479454,0.9469902513,35.77126167,-78.67416183,300.5599976
10:48:40,10_48_40.jpg,35.77132416,-78.67423416,305.7793304,-36.16539082,0.4084030655,1.823592503,35.77127517,-78.67418933,303.5599976
10:48:42,10_48_42.jpg,35.77134315,-78.67426545,306.186225,-39.63519937,1.035925922,1.168279173,35.7712925,-78.6742225,304.6799927
10:48:44,10_48_44.jpg,35.77135982,-78.67429801,299.6949127,-43.16059813,1.492257615,0.04981488551,35.77131,-78.67425633,301.5400085
10:48:46,10_48_46.jpg,35.77136967,-78.67431543,303.5602435,-45.16056326,1.745062155,1.107640977,35.77132083,-78.67428067,302.0299988
10:48:48,10_48_48.jpg,35.77137566,-78.67432667,303.3708319,-46.24088732,1.922766677,1.269241567,35.77132433,-78.67429033,302.2600098
10:48:50,10_48_50.jpg,35.77138963,-78.67435046,309.5779997,-48.80922932,2.289305309,0.9428131118,35.77133467,-78.6743105,303.5499878
10:48:52,10_48_52.jpg,35.77140205,-78.67437306,304.1055816,-51.2531384,2.677633906,1.334851593,35.77134667,-78.6743325,304.5700073
10:48:54,10_48_54.jpg,35.77141749,-78.67440021,304.6430033,-54.25166026,2.987447184,-0.345419998,35.77136067,-78.67435967,304.3900146
10:48:56,10_48_56.jpg,35.77143433,-78.67443173,301.782212,-57.56791221,3.535159672,0.315916171,35.771376,-78.67439117,304.519989
10:48:59,10_48_59.jpg,35.77144989,-78.6744647,303.590265,-60.91666087,3.827052902,1.290119108,35.77139933,-78.67443867,301.019989
10:49:01,10_49_01.jpg,35.77146801,-78.67449877,304.4104291,-64.40889591,4.290024662,1.9510694,35.77141733,-78.674472,302.730011
10:49:03,10_49_03.jpg,35.77148471,-78.6745284,302.4742486,-67.48757224,4.682291137,2.122582132,35.77143183,-78.67450217,303.3599854
10:49:05,10_49_05.jpg,35.77149838,-78.67455629,302.9931436,-70.40037805,5.112561864,-0.1644233158,35.7714455,-78.674529,301.7000122
10:49:07,10_49_07.jpg,35.77151143,-78.67458654,298.6068168,-73.50423543,5.413012829,0.1152167145,35.771458,-78.67455783,298.7600098
10:49:09,10_49_09.jpg,35.77151697,-78.67460406,289.5582515,-75.21393971,5.328928591,-0.1712696149,35.7714655,-78.67457383,295.1400146
10:49:11,10_49_11.jpg,35.77152164,-78.67463087,285.0354871,-77.83713534,4.612253805,-2.030443158,35.77146917,-78.6745975,281.1400146
10:49:13,10_49_13.jpg,35.77152561,-78.67466085,277.3470519,-80.44589622,3.640938964,2.32604441,35.7714725,-78.67462767,277.0499878
10:49:15,10_49_15.jpg,35.77152974,-78.67468133,262.1640139,-82.49938733,2.646114724,2.586798273,35.771474,-78.6746575,260.730011
10:49:17,10_49_17.jpg,35.77151407,-78.67470453,225.9140223,-83.67538349,0.3231843316,0.1179650168,35.7714635,-78.67468183,240.8099976
10:49:19,10_49_19.jpg,35.77150078,-78.67471753,233.2072164,-84.29733349,-1.473987584,-0.8570946384,35.771452,-78.67469833,nan
10:49:21,10_49_21.jpg,35.77148492,-78.67473507,215.8399955,-84.89372135,-3.644299883,-0.8316498465,35.77143867,-78.6747055,223.2700043
10:49:23,10_49_23.jpg,35.77146515,-78.67475131,209.355669,-85.32155016,-6.143721293,-2.459501121,35.771418,-78.67471633,213.0399933
10:49:25,10_49_25.jpg,35.77143869,-78.67477103,209.3577535,-85.62770437,-9.337861338,-1.210407344,35.77139483,-78.6747305,206.5399933
10:49:27,10_49_27.jpg,35.77141346,-78.67479223,213.4712505,-86.08196882,-12.39399302,-0.7695493816,35.77137067,-78.6747445,nan
10:49:30,10_49_30.jpg,35.77139446,-78.67480781,213.0445086,-86.37146959,-14.9967624,-1.714331648,35.77134367,-78.67476667,nan
10:49:32,10_49_32.jpg,35.77137764,-78.67482047,220.8150839,-86.69576633,-17.36949917,-1.837765273,35.77132633,-78.67477883,nan
10:49:34,10_49_34.jpg,35.77135999,-78.67483188,210.7787693,-87.05950078,-19.85834997,-1.114733114,35.77130967,-78.67480017,213.9499969
10:49:36,10_49_36.jpg,35.7713401,-78.6748466,208.3207663,-87.24596959,-22.55795865,0.08720282303,35.77128733,-78.67481333,207.1100006
10:49:38,10_49_38.jpg,35.77132109,-78.67485842,195.8552678,-87.26365967,-24.93236995,-3.476023833,35.77126767,-78.67482967,204.9299927
10:49:40,10_49_40.jpg,35.77129671,-78.67487343,223.9491113,-87.37443527,-27.83171732,-8.239607915,35.77125017,-78.67484767,210.2899933
10:49:42,10_49_42.jpg,35.77127291,-78.67489767,219.5797903,-88.17487925,-30.62117383,1.53877493,35.771231,-78.674862,206.8999939
10:49:44,10_49_44.jpg,35.77124666,-78.67492349,213.9759034,-88.83008225,-33.97166336,-1.429719534,35.77121017,-78.67488367,209.6699982
10:49:46,10_49_46.jpg,35.77122463,-78.67494596,226.5693548,-89.26101701,-37.21340904,-4.390348941,35.77118883,-78.67490483,211.9700012
10:49:48,10_49_48.jpg,35.77120369,-78.67496122,215.6587345,-89.81725826,-40.13447613,-0.8447350606,35.77116567,-78.6749225,210.9799957
10:49:50,10_49_50.jpg,35.77118011,-78.67498245,211.3000801,-90.48137414,-43.52119501,-0.6866792051,35.77113733,-78.67494217,207.2400055
10:49:52,10_49_52.jpg,35.77115423,-78.67500808,212.0096641,-90.9595831,-46.82817509,-3.960475098,35.77111017,-78.674963,211.0299988
10:49:54,10_49_54.jpg,35.77113819,-78.67501604,207.4175464,-91.35267709,-49.30164508,-3.29957882,35.77109233,-78.67497967,215.6399994
10:49:56,10_49_56.jpg,35.77111309,-78.67503491,210.5039287,-91.81465674,-52.68749082,-2.161591386,35.77107317,-78.67500467,218.1199951
10:49:58,10_49_58.jpg,35.77108766,-78.67505171,213.4148738,-92.1037417,-55.79512987,-3.434998403,35.77104683,-78.67502283,211.5599976
10:50:00,10_50_00.jpg,35.77106422,-78.67507248,215.6159373,-92.56574737,-58.77633779,-0.3512737569,35.77102383,-78.67503917,nan
10:50:02,10_50_02.jpg,35.77103968,-78.67508921,212.3346152,-92.97358276,-61.54160551,0.6501051138,35.77100083,-78.67505733,212.0200043
10:50:05,10_50_05.jpg,35.77101786,-78.67510278,208.2534117,-93.26043103,-64.70673563,-0.2182915792,35.77096417,-78.67507967,203.75
10:50:07,10_50_07.jpg,35.7710001,-78.6751177,208.3557723,-93.38771376,-66.67207022,0.317976269,35.77094717,-78.6750975,193.3399963
10:50:09,10_50_09.jpg,35.77097586,-78.67513221,192.8709466,-93.31769556,-69.15220152,2.273904704,35.77092733,-78.6751085,199.5
10:50:11,10_50_11.jpg,35.77095397,-78.67512146,136.4167036,-91.52556567,-70.91579273,4.959591904,35.77091133,-78.675096,157.4799957
10:50:13,10_50_13.jpg,35.7709393,-78.67509517,128.1898099,-88.7772452,-71.54905216,3.306129058,35.7708965,-78.67507133,135.0500031
10:50:15,10_50_15.jpg,35.7709227,-78.67506733,127.5546752,-85.76328142,-72.30952843,1.200511211,35.77088267,-78.67504683,130.6799927
10:50:17,10_50_17.jpg,35.77090491,-78.67503576,124.6528569,-82.30968674,-72.80961801,4.135736143,35.7708685,-78.6750185,122.5899963
10:50:19,10_50_19.jpg,35.7708882,-78.67500015,120.9583963,-78.69989021,-73.24942151,3.474219891,35.77085333,-78.67498517,120.7099991
10:50:21,10_50_21.jpg,35.77086919,-78.67496484,128.317454,-75.050257,-73.89367162,2.730155752,35.7708355,-78.67495117,124.0299988
10:50:23,10_50_23.jpg,35.77085181,-78.6749346,122.2128533,-71.61210098,-74.51152825,2.774925569,35.770819,-78.674921,123.7200012
10:50:25,10_50_25.jpg,35.77083601,-78.67490412,115.9862038,-68.30678033,-74.91953977,6.170354641,35.77080383,-78.6748955,126.0899963
10:50:27,10_50_27.jpg,35.77082097,-78.67486517,116.335122,-64.54557564,-75.03228505,-0.1185529707,35.77079067,-78.67485883,116.1100006
10:50:29,10_50_29.jpg,35.77080571,-78.67483804,123.6358444,-61.50544679,-75.48957654,4.509382074,35.7707765,-78.67482583,118.8199997
10:50:31,10_50_31.jpg,35.77079989,-78.67482676,120.5765495,-60.32876116,-75.68112419,2.023950978,35.7707695,-78.67481217,nan
10:50:33,10_50_33.jpg,35.77078778,-78.67480399,120.8192327,-57.93114102,-76.09814687,2.669293975,35.7707595,-78.674794,121.5100021
10:50:35,10_50_35.jpg,35.77077512,-78.67478378,128.9369841,-55.65113222,-76.53803085,0.5402455018,35.770749,-78.67477283,124.4899979
10:50:37,10_50_37.jpg,35.77075842,-78.67475655,121.458169,-52.71049509,-77.0489521,4.567901439,35.77073467,-78.67474883,124.2799988
10:50:39,10_50_39.jpg,35.77074323,-78.67472394,121.2730637,-49.33561261,-77.3630268,2.812620253,35.77072033,-78.67472,122.6200027
10:50:42,10_50_42.jpg,35.77072865,-78.67468697,112.7921216,-45.61658083,-77.4690818,3.070534909,35.770696,-78.67467033,116.9800034
10:50:44,10_50_44.jpg,35.77071239,-78.6746534,122.7898995,-42.10338334,-77.76878952,1.65364877,35.77068183,-78.67463733,119.3099976
10:50:46,10_50_46.jpg,35.77069221,-78.67461719,124.1773092,-38.10883398,-78.33419092,1.842448836,35.77066183,-78.67460067,122.8499985
10:50:48,10_50_48.jpg,35.77067498,-78.67458816,126.160688,-34.79473073,-78.94814601,3.273447534,35.77064633,-78.6745715,124.9199982
10:50:50,10_50_50.jpg,35.77066037,-78.67456488,128.4547174,-32.20970165,-79.46036578,2.212562029,35.77063183,-78.6745495,127.1399994
10:50:52,10_50_52.jpg,35.77064382,-78.67454022,119.3786423,-29.37793038,-80.04531391,3.85859916,35.77061683,-78.6745225,124.7099991
10:50:54,10_50_54.jpg,35.7706322,-78.67451705,118.2287762,-26.78600118,-80.30001181,2.963355603,35.7706045,-78.67449867,121.9499969
10:50:56,10_50_56.jpg,35.77061805,-78.67448985,123.0732274,-23.87273303,-80.63216233,2.468604486,35.770591,-78.6744705,121.6100006
10:50:58,10_50_58.jpg,35.77060553,-78.67446212,104.4878782,-20.98138063,-80.86693115,4.656996762,35.77057733,-78.674444,119.8399963
10:51:00,10_51_00.jpg,35.77060403,-78.6744352,79.62805266,-18.64753117,-79.90680296,2.145956041,35.7705785,-78.67441833,92.48999786
10:51:02,10_51_02.jpg,35.77061631,-78.67441464,25.79479581,-17.41631294,-77.7200021,2.598532448,35.77059133,-78.67439467,63.34999847
10:51:04,10_51_04.jpg,35.77063359,-78.67439013,47.46723279,-16.23601416,-74.95538754,-1.908405951,35.7706125,-78.67437533,43.65999985
10:51:06,10_51_06.jpg,35.7706534,-78.6743672,43.11229973,-15.35336959,-71.98772861,-1.850139423,35.770631,-78.67435167,40.04999924
10:51:08,10_51_08.jpg,35.77067388,-78.67434763,35.75828751,-14.717269,-69.05496878,0.1888088446,35.77065317,-78.67433183,35.43000031
10:51:10,10_51_10.jpg,35.77069646,-78.67432795,36.20362528,-14.2318917,-65.86492865,-0.8390081112,35.77067283,-78.674312,38.59000015
10:51:12,10_51_12.jpg,35.77072236,-78.67430917,32.24010604,-13.87426724,-62.62844424,-0.7487639885,35.77069717,-78.67429483,30.11000061
10:51:14,10_51_14.jpg,35.77074957,-78.67428929,28.49411337,-13.59024032,-59.18516202,-2.749661924,35.77072283,-78.6742785,30.0
10:51:16,10_51_16.jpg,35.77077693,-78.67426533,30.95893325,-12.91254763,-55.48125541,-2.589158407,35.7707515,-78.67426133,27.37999916
10:51:19,10_51_19.jpg,35.77080934,-78.6742434,26.11605521,-12.40245944,-51.39414638,-3.218422749,35.77079233,-78.67422417,38.47000122
10:51:21,10_51_21.jpg,35.77084101,-78.67422314,25.96637099,-12.16904407,-47.42563858,-2.803262499,35.77081983,-78.674199,34.58000183
10:51:23,10_51_23.jpg,35.77087367,-78.67419924,32.59460185,-11.77495496,-43.19755765,-4.579051359,35.770854,-78.67417733,30.18000031
10:51:25,10_51_25.jpg,35.77089909,-78.67418328,24.17116564,-11.68670499,-40.15201218,-4.177523287,35.77087583,-78.67415767,nan
10:51:27,10_51_27.jpg,35.77092166,-78.67416426,25.10505504,-11.20837709,-37.15667766,-0.3274262783,35.77089617,-78.67414433,nan
10:51:29,10_51_29.jpg,35.77094712,-78.67414437,32.84040427,-10.64801312,-33.81886117,-2.136208275,35.7709175,-78.67412433,36.70999908
10:51:31,10_51_31.jpg,35.77097431,-78.6741246,32.67162395,-10.21339061,-30.30854382,-4.4559091,35.7709445,-78.67410133,33.31999969
10:51:33,10_51_33.jpg,35.77099883,-78.67410361,27.4100604,-9.51244738,-26.94757981,-1.743459182,35.7709675,-78.6740825,32.90000153
10:51:35,10_51_35.jpg,35.77102172,-78.67408463,34.65435104,-9.130958117,-23.93143603,-2.03368632,35.77098817,-78.674063,34.11999893
10:51:37,10_51_37.jpg,35.77105041,-78.67406287,27.11984772,-8.689481769,-20.16981608,-4.552011555,35.77101067,-78.67403733,35.74000168
10:51:39,10_51_39.jpg,35.77107856,-78.67404444,27.0110815,-8.542144056,-16.64227233,-3.41786998,35.77104017,-78.6740235,20.48999977
10:51:41,10_51_41.jpg,35.77110573,-78.67403152,26.80279164,-8.763355942,-13.25945426,-5.479659122,35.77106667,-78.67401017,nan
10:51:43,10_51_43.jpg,35.77112606,-78.67401619,33.02386756,-8.547923604,-10.46894046,-3.090850151,35.77109083,-78.6740105,14.60000038
10:51:45,10_51_45.jpg,35.77115161,-78.67399146,47.13868258,-7.906926853,-7.005005971,-2.596020538,35.771115,-78.6739975,26.0
10:51:47,10_51_47.jpg,35.77117446,-78.67396665,34.52843495,-7.239632939,-4.025252281,-3.303352529,35.77113467,-78.67397267,39.88999939
10:51:49,10_51_49.jpg,35.77120151,-78.67394432,46.51502636,-6.602428589,-0.5675750404,-1.553498861,35.77116217,-78.67395683,29.37000084
10:51:52,10_51_52.jpg,35.77121327,-78.67393536,33.93911037,-6.214688528,1.005040787,-2.424996928,35.771187,-78.673935,nan
10:51:54,10_51_54.jpg,35.77123129,-78.67392151,32.33392107,-5.807879092,3.533016213,-2.307181794,35.77120733,-78.67391983,27.79999924
10:51:56,10_51_56.jpg,35.77125314,-78.67390914,26.03832546,-5.659062122,6.306884264,-2.027263024,35.77123,-78.6739055,27.12999916
10:51:58,10_51_58.jpg,35.77126793,-78.67389815,28.19373056,-5.543239179,8.320594523,-1.796350021,35.77124733,-78.67389617,nan
10:52:00,10_52_00.jpg,35.77128665,-78.67388905,8.721392852,-5.649208785,10.6370578,-2.22581453,35.77126583,-78.67388567,27.02000046
10:52:02,10_52_02.jpg,35.77130386,-78.67388212,16.8487939,-5.801180162,12.6217428,-3.600440977,35.77128417,-78.67388233,nan
10:52:04,10_52_04.jpg,35.77132613,-78.67387477,6.604325089,-6.27795402,15.10446391,-1.92943723,35.77130567,-78.67387667,nan
10:52:06,10_52_06.jpg,35.77135314,-78.67386945,1.035353187,-7.375282678,18.18224499,-2.19257579,35.77133217,-78.67387417,12.11999989
10:52:08,10_52_08.jpg,35.77138084,-78.67386761,353.3046172,-8.690864515,21.11532823,-1.872128184,35.77136,-78.6738755,359.6799927
10:52:10,10_52_10.jpg,35.77141152,-78.67387026,355.7846975,-10.36146334,23.48062386,-2.612725935,35.77138933,-78.67387767,353.4400024
10:52:12,10_52_12.jpg,35.77143684,-78.67387502,355.0037159,-11.98915485,26.29245048,-5.663590334,35.77141233,-78.67388183,350.75
10:52:14,10_52_14.jpg,35.7714606,-78.67387778,347.5755742,-13.39850527,28.39465366,-1.30039614,35.771435,-78.67388017,355.7399902
10:52:16,10_52_16.jpg,35.77148423,-78.6738873,332.6069188,-15.3386308,30.20653905,-1.973030472,35.77145483,-78.673885,345.8699951
10:52:18,10_52_18.jpg,35.77151133,-78.67390273,332.0455308,-17.89317783,32.21347231,-1.900741776,35.77147683,-78.673896,336.7399902
10:52:20,10_52_20.jpg,35.77153792,-78.67392392,314.1162656,-21.00562214,34.09426943,-0.3352399074,35.7715015,-78.67391483,326.5499878
10:52:22,10_52_22.jpg,35.77155873,-78.6739455,316.0614428,-23.76117636,35.03812087,-2.036521597,35.77151833,-78.67394,314.2799988
10:52:24,10_52_24.jpg,35.77157676,-78.673972,311.7812351,-26.83384322,35.84988652,-2.212417778,35.77153383,-78.67396683,306.480011
10:52:26,10_52_26.jpg,35.77159573,-78.67399373,313.7505917,-29.56945751,36.66689854,-2.601884523,35.77155117,-78.67398817,310.4899902
10:52:29,10_52_29.jpg,35.77161592,-78.67402593,331.365363,-33.10290948,37.75607945,-3.39271383,35.771583,-78.6740285,311.7799988
10:52:31,10_52_31.jpg,35.77164265,-78.67405163,311.5951116,-36.54616978,39.2849236,-0.8785420532,35.77160617,-78.67405383,317.3099976
10:52:33,10_52_33.jpg,35.77166132,-78.67408738,298.4245649,-40.34825355,39.93364875,-1.517709645,35.77162717,-78.67408733,304.0599976
10:52:35,10_52_35.jpg,35.7716762,-78.67412308,291.2427947,-44.10509998,40.03044496,-0.433424253,35.7716415,-78.674122,298.1700134
10:52:37,10_52_37.jpg,35.77168788,-78.67415005,298.5778125,-46.72318575,39.99617369,-0.6087381326,35.77165067,-78.674148,295.4899902
10:52:39,10_52_39.jpg,35.77169879,-78.67416855,287.9775367,-48.84564933,40.00390564,0.3912840381,35.77165733,-78.67416583,294.1400146
10:52:41,10_52_41.jpg,35.77170814,-78.67419444,285.4336807,-51.5877932,39.85285387,-1.536719778,35.77166133,-78.67418933,290.0400085
10:52:43,10_52_43.jpg,35.77171643,-78.67423337,301.7528271,-54.78870483,39.5228112,-1.631527125,35.771668,-78.67421817,287.3699951
10:52:45,10_52_45.jpg,35.77172789,-78.67427408,301.29408,-58.95733982,39.06956399,0.6135222183,35.77167883,-78.67425267,291.2200012
10:52:47,10_52_47.jpg,35.77173261,-78.67431667,266.6515865,-62.35888917,38.17311637,-0.3936789613,35.77168533,-78.67428717,286.7399902
10:52:49,10_52_49.jpg,35.77173627,-78.6743456,267.162959,-64.86458816,36.99379145,-0.6951331062,35.77168267,-78.67431517,271.3800049
10:52:51,10_52_51.jpg,35.77173401,-78.67437869,259.553622,-67.41245299,35.38209964,-0.1692796485,35.77167817,-78.67434383,265.1799927
10:52:53,10_52_53.jpg,35.77172817,-78.67441449,259.2172545,-70.05920666,33.29482408,-0.6581360902,35.77167267,-78.67437733,260.6600037
10:52:55,10_52_55.jpg,35.77171759,-78.67445455,254.082159,-72.72540765,30.84438335,-0.8667448016,35.7716635,-78.674411,255.7200012
10:52:57,10_52_57.jpg,35.77170737,-78.6744847,237.1771081,-74.76696897,28.60804493,1.684300576,35.7716545,-78.674442,249.8099976
10:52:59,10_52_59.jpg,35.77169649,-78.67450696,235.4141675,-76.26298969,26.69807666,-1.595264496,35.771645,-78.674463,241.2700043
10:53:01,10_53_01.jpg,35.77168257,-78.67453415,234.4056098,-77.87058231,24.13159182,-2.74026219,35.7716335,-78.67448667,236.1300049
10:53:04,10_53_04.jpg,35.77166143,-78.67456873,228.0764549,-79.4877246,20.75192398,-1.376719105,35.7716075,-78.67453083,235.6000061
10:53:06,10_53_06.jpg,35.77164625,-78.67458986,223.7054005,-80.38291962,18.15878825,-0.9651272329,35.77159167,-78.674549,231.0899963
10:53:08,10_53_08.jpg,35.77162335,-78.6746138,209.429081,-81.25574104,14.68208082,-0.4378183271,35.77156833,-78.67456833,219.6300049
10:53:10,10_53_10.jpg,35.77159671,-78.67463666,213.3183879,-81.84226685,11.35119836,-1.854716742,35.77154217,-78.674587,214.9700012
10:53:12,10_53_12.jpg,35.77157969,-78.67464644,184.2079623,-81.59454603,9.380535432,1.009589087,35.77152333,-78.67458983,nan
10:53:14,10_53_14.jpg,35.77156014,-78.67464453,156.660148,-80.25907764,7.667416829,1.495712557,35.77150567,-78.6745865,195.4299927
10:53:16,10_53_16.jpg,35.77154212,-78.67463011,138.2237277,-78.24881172,6.467728395,2.832818438,35.771493,-78.6745795,155.6399994
10:53:18,10_53_18.jpg,35.77152227,-78.67460725,137.9492227,-75.36104129,5.236921236,1.63473321,35.77147333,-78.67456517,145.7899933
10:53:20,10_53_20.jpg,35.77150524,-78.67457718,123.1488831,-71.98410628,4.772338889,-1.814342515,35.77145683,-78.674539,128.8600006
10:53:22,10_53_22.jpg,35.77148891,-78.67454537,128.6719369,-68.57653817,4.430991118,-0.2669674134,35.77144483,-78.674511,122.8300018
10:53:24,10_53_24.jpg,35.77147328,-78.67451936,117.3560315,-65.68489157,4.097044888,-0.2467538887,35.77143233,-78.67448617,122.3600006
10:53:26,10_53_26.jpg,35.77145694,-78.67449478,124.0688771,-62.70488996,3.699660772,-2.359247292,35.77141833,-78.67446167,125.1800003
10:53:28,10_53_28.jpg,35.77144026,-78.67446629,125.3456081,-59.51568807,3.254690527,0.1508763081,35.77140033,-78.674435,125.1299973
10:53:30,10_53_30.jpg,35.77142355,-78.67443566,125.7180669,-56.19549355,2.846608254,-2.191330476,35.771384,-78.67440783,125.6800003
10:53:33,10_53_33.jpg,35.77140734,-78.67440713,123.4720481,-53.11340295,2.406313877,-0.4471717216,35.77136217,-78.67436933,126.1600037
10:53:35,10_53_35.jpg,35.77139094,-78.67437769,123.5110188,-49.8861994,1.952852336,-0.4244806469,35.77134567,-78.67434117,125.1999969
10:53:37,10_53_37.jpg,35.77137436,-78.6743486,128.5144493,-46.79231309,1.549606503,0.06756046161,35.77132917,-78.674315,126.5999985
10:53:39,10_53_39.jpg,35.77135579,-78.67432413,124.9793273,-43.88708665,0.7866243076,0.8376541231,35.7713115,-78.6742935,133.1999969
10:53:41,10_53_41.jpg,35.77133938,-78.67429885,126.6702947,-40.94893325,0.1996182697,-1.39268368,35.7712975,-78.67427033,129.2599945
10:53:43,10_53_43.jpg,35.77132663,-78.67427802,125.3760118,-38.60504257,-0.1335012267,-0.01708046256,35.77128633,-78.67424917,125.4599991
10:53:45,10_53_45.jpg,35.77131246,-78.67425207,122.2821911,-35.87048621,-0.4493959183,-1.561036492,35.77127283,-78.67422467,124.8000031
10:53:47,10_53_47.jpg,35.77129839,-78.67422466,120.6637145,-32.90871789,-0.6680031743,-0.6401114344,35.7712595,-78.67419817,123.3000031
10:53:49,10_53_49.jpg,35.77128345,-78.67419572,122.9765673,-29.94570903,-0.8558130587,-0.1596055606,35.77124617,-78.67417033,120.2900009
10:53:51,10_53_51.jpg,35.77127263,-78.67417263,120.0835946,-27.54432241,-0.9178028263,-0.3454162545,35.7712365,-78.67414717,118.7900009
10:53:53,10_53_53.jpg,35.77126216,-78.67414766,117.6994728,-24.99956915,-0.9096545241,0.2522212481,35.77122667,-78.67412283,115.9499969
10:53:55,10_53_55.jpg,35.77125264,-78.67412121,112.9366114,-22.35451889,-0.7863888562,-1.015010549,35.77121833,-78.67409583,114.1999969
10:53:57,10_53_57.jpg,35.77124174,-78.67409111,128.7927577,-19.38978267,-0.6492374101,-4.700578698,35.7712085,-78.6740675,112.1999969
10:53:59,10_53_59.jpg,35.77122281,-78.67405658,124.2741213,-15.77362548,-1.083818658,-0.1297608802,35.771193,-78.67403733,122.6900024
10:54:01,10_54_01.jpg,35.77120733,-78.67403536,147.9067824,-13.11932754,-1.637339217,0.4958910266,35.77117767,-78.67401383,128.0299988
10:54:03,10_54_03.jpg,35.77118651,-78.67401623,148.9209604,-10.40975192,-2.888436699,-0.3079258013,35.77115983,-78.6739935,137.1900024
10:54:05,10_54_05.jpg,35.77116442,-78.67400187,155.9793742,-8.216786418,-4.535962638,0.1130943366,35.7711405,-78.67397667,149.7299957
10:54:07,10_54_07.jpg,35.77114163,-78.67399906,200.6556466,-6.864678309,-6.79818089,-1.945625087,35.77113,-78.67397067,152.9900055
10:54:09,10_54_09.jpg,35.77111652,-78.67401502,212.0786131,-6.760099149,-9.997120842,2.236441333,35.7710965,-78.673971,nan
10:54:11,10_54_11.jpg,35.77108778,-78.67403776,213.4646611,-7.044343246,-13.94887469,2.107584074,35.77106867,-78.673985,195.3300018
10:54:13,10_54_13.jpg,35.77106161,-78.67405969,214.1677927,-7.291380049,-17.29075813,3.077153641,35.77104017,-78.67400367,202.7599945
10:54:16,10_54_16.jpg,35.7710368,-78.6740772,214.1781871,-7.517577563,-20.46240207,2.377126178,35.7710005,-78.67401517,205.1300049
10:54:18,10_54_18.jpg,35.77101265,-78.67409486,204.1643049,-7.65284236,-23.61063739,1.364838654,35.77097517,-78.67402733,202.9799957
10:54:20,10_54_20.jpg,35.77099029,-78.67410861,209.9159859,-7.760919519,-26.38467835,2.212355098,35.77095233,-78.67404017,204.4199982
10:54:22,10_54_22.jpg,35.77096431,-78.67412996,209.4877337,-8.086770132,-29.8950725,1.786672463,35.7709285,-78.67405717,208.5700073
10:54:24,10_54_24.jpg,35.77094041,-78.67415024,213.9735719,-8.402532567,-32.97512086,2.688765767,35.77090233,-78.6740815,212.5200043
10:54:26,10_54_26.jpg,35.77091609,-78.67416862,216.4882949,-8.721546378,-36.26276425,1.290037798,35.77087883,-78.67410033,nan
10:54:28,10_54_28.jpg,35.77089428,-78.67418598,211.385189,-8.955623633,-39.16187543,3.632558299,35.77085583,-78.6741145,nan
10:54:30,10_54_30.jpg,35.77086943,-78.67420366,212.4483014,-9.181097786,-42.31340621,2.728504456,35.77083467,-78.67414133,214.6499939
10:54:32,10_54_32.jpg,35.77084226,-78.67422499,211.697974,-9.417733445,-46.12501865,2.672979549,35.77080783,-78.67417017,217.5399933
10:54:34,10_54_34.jpg,35.77081859,-78.67424401,215.288705,-9.7917202,-49.15470115,1.646294333,35.77078983,-78.6741835,203.9900055
10:54:36,10_54_36.jpg,35.77079492,-78.67426255,209.8320526,-10.18385468,-52.20043688,2.733310346,35.77076617,-78.67419333,nan
10:54:38,10_54_38.jpg,35.77077433,-78.67427997,210.8931953,-10.44856049,-54.92543542,1.656841331,35.77074517,-78.6742095,nan
10:54:40,10_54_40.jpg,35.77076063,-78.67429089,215.4688678,-10.60710641,-56.77426686,2.482172477,35.77072983,-78.67421667,nan
10:54:42,10_54_42.jpg,35.77073861,-78.67430523,215.9592925,-10.83769606,-59.57202239,2.273977923,35.77071133,-78.6742355,nan
10:54:44,10_54_44.jpg,35.77071122,-78.67432705,209.3378937,-11.15771329,-63.22697068,1.533965693,35.7706865,-78.674257,213.0099945
10:54:46,10_54_46.jpg,35.77068507,-78.67434706,209.8707506,-11.38838217,-67.07334263,1.793120672,35.77066267,-78.67428233,212.2899933
10:54:48,10_54_48.jpg,35.77066194,-78.67436353,207.4007488,-11.47391356,-70.0612854,1.322379665,35.770637,-78.67430017,nan
10:54:50,10_54_50.jpg,35.77064336,-78.67437493,215.0394662,-11.55353996,-72.52263835,1.937107821,35.77061317,-78.674315,212.9299927
10:54:53,10_54_53.jpg,35.77062454,-78.67438914,219.2034281,-11.80069102,-74.97334967,-1.626056515,35.77059283,-78.67433633,215.7700043
10:54:55,10_54_55.jpg,35.77060857,-78.67440748,235.0543356,-12.36378895,-77.31613256,0.7659688939,35.77057717,-78.67435567,nan
10:54:57,10_54_57.jpg,35.77060115,-78.67442674,255.1780498,-13.65878302,-79.01224256,-3.252164484,35.77057117,-78.674373,249.5500031
10:54:59,10_54_59.jpg,35.77060068,-78.67445215,270.4536901,-15.76420968,-80.11660534,-1.904901373,35.77057167,-78.67440033,269.5
10:55:01,10_55_01.jpg,35.77060991,-78.67447453,300.1687814,-18.21120096,-80.26601433,0.6376362005,35.77057783,-78.674425,299.4599915
10:55:03,10_55_03.jpg,35.77062342,-78.67450186,313.0406454,-21.02647967,-80.15575887,-5.799154277,35.77059067,-78.67445633,297.4400024
10:55:05,10_55_05.jpg,35.77064099,-78.67452867,306.4544394,-24.0804822,-79.54130299,-0.05926501732,35.77060667,-78.67448183,308.3800049
10:55:07,10_55_07.jpg,35.77065232,-78.67455483,299.2148105,-26.68740431,-79.28050143,-2.498315499,35.77061633,-78.67450633,305.4500122
10:55:09,10_55_09.jpg,35.7706647,-78.67458522,310.0688129,-29.90882212,-79.21912813,-3.933063182,35.77062667,-78.67454,293.9700012
10:55:11,10_55_11.jpg,35.77068204,-78.67461309,305.2549319,-33.07712892,-78.78102692,-2.439299383,35.77063983,-78.67456733,306.3500061
10:55:13,10_55_13.jpg,35.77070005,-78.67464821,303.8029284,-36.82802007,-78.45543578,-6.437995742,35.7706545,-78.67459917,304.5499878
10:55:15,10_55_15.jpg,35.77072265,-78.67468272,302.8046425,-40.70592695,-77.67885232,1.143120528,35.770674,-78.67463567,306.1499939
10:55:17,10_55_17.jpg,35.77073933,-78.67471791,300.1137332,-44.33238342,-77.43764409,-1.683206955,35.7706895,-78.67467217,301.0700073
10:55:19,10_55_19.jpg,35.77075463,-78.6747514,295.7693276,-47.73387796,-77.26076356,-0.2964103823,35.7707045,-78.67470583,299.9700012
10:55:21,10_55_21.jpg,35.77076885,-78.67479014,293.1087249,-51.80607558,-77.37652084,-2.933160136,35.77071833,-78.6747455,293.8900146
10:55:23,10_55_23.jpg,35.77078608,-78.67481932,303.0504083,-54.93780735,-76.92027055,-0.608949021,35.77073567,-78.67478183,299.8500061
10:55:25,10_55_25.jpg,35.77079544,-78.67483517,304.2248126,-56.67765227,-76.73894601,-1.009813677,35.77074767,-78.674805,301.8099976
10:55:28,10_55_28.jpg,35.77080592,-78.67485263,307.2857726,-58.47970579,-76.55441519,-2.939495471,35.7707595,-78.67483017,304.2399902
10:55:30,10_55_30.jpg,35.77081653,-78.67487317,299.2780179,-60.83605221,-76.25647805,-3.099433879,35.77077067,-78.67485033,303.1700134
10:55:32,10_55_32.jpg,35.77082899,-78.67490073,296.3595569,-63.85821407,-76.30664631,-2.221536551,35.77078067,-78.67487683,298.3999939
10:55:34,10_55_34.jpg,35.77084353,-78.67492716,308.8834389,-66.80734127,-75.81236687,-2.095403701,35.77079517,-78.67490233,304.8699951
10:55:36,10_55_36.jpg,35.77085638,-78.6749507,302.0248137,-69.24636903,-75.49714484,-3.072196492,35.770809,-78.67492517,302.1000061
10:55:38,10_55_38.jpg,35.77086787,-78.67497633,290.5883488,-71.80586969,-75.43017374,-2.105792813,35.77081983,-78.6749485,300.3900146
10:55:40,10_55_40.jpg,35.77088268,-78.67500297,303.0558228,-74.66114173,-75.12457355,-2.494402956,35.7708335,-78.67497533,303.3900146
10:55:42,10_55_42.jpg,35.77089948,-78.67502942,314.6592957,-77.76824084,-74.46186353,-3.898060399,35.7708485,-78.67500233,306.3900146
10:55:44,10_55_44.jpg,35.77091396,-78.67504796,309.0991067,-79.9892704,-73.78489448,-2.580003592,35.770865,-78.67501967,312.2600098
10:55:46,10_55_46.jpg,35.77092881,-78.67507393,300.8858561,-82.90841504,-73.43422853,-5.6367549,35.77087883,-78.6750415,306.8900146
10:55:48,10_55_48.jpg,35.77093911,-78.67509719,292.8445531,-85.34543414,-73.43115856,-2.376805974,35.77089183,-78.675067,300.980011
10:55:50,10_55_50.jpg,35.77095142,-78.6751187,331.8608452,-87.62949726,-72.97058767,-9.63545523,35.77090067,-78.675089,301.0100098
10:55:52,10_55_52.jpg,35.77096577,-78.67512501,349.1691477,-88.82583326,-71.72755453,-4.857219708,35.7709145,-78.67509433,nan
10:55:54,10_55_54.jpg,35.77098854,-78.67511496,42.4982409,-89.0787934,-68.87691127,1.983353007,35.77093833,-78.67509233,340.3299866
10:55:56,10_55_56.jpg,35.77101293,-78.67509813,29.38522365,-88.7675921,-65.53705357,2.024687991,35.77096217,-78.67507833,20.67000008
10:55:58,10_55_58.jpg,35.77104173,-78.67507914,29.19562222,-88.7212573,-62.07967361,1.954770271,35.7709895,-78.67506,27.5
10:56:00,10_56_00.jpg,35.77106689,-78.67506535,32.01700743,-88.75326051,-58.85641954,-3.369586981,35.77101633,-78.67503717,33.31000137
10:56:02,10_56_02.jpg,35.77109148,-78.67504281,35.72907315,-88.02334989,-55.49486726,3.957504631,35.7710395,-78.6750145,34.68999863
10:56:05,10_56_05.jpg,35.77111866,-78.67502088,30.48596697,-87.43891412,-51.68980347,3.449067121,35.77109033,-78.67500417,359.1400146
10:56:07,10_56_07.jpg,35.77114317,-78.67500111,35.76739165,-87.06442613,-48.55713513,3.949800884,35.77111667,-78.67498717,17.37000084
10:56:09,10_56_09.jpg,35.77116864,-78.67498523,36.63504317,-86.92411373,-45.55006112,4.127863523,35.77114383,-78.6749675,31.20000076
10:56:11,10_56_11.jpg,35.77118872,-78.67497073,37.20911313,-86.79897492,-42.83465222,0.4954672472,35.771168,-78.67495983,nan
10:56:13,10_56_13.jpg,35.77120784,-78.67496205,37.84320059,-86.6524354,-40.31224454,1.536935305,35.77118917,-78.67494433,nan
10:56:15,10_56_15.jpg,35.77122408,-78.67494452,39.80557109,-86.54482492,-38.11312915,1.846402336,35.77120783,-78.67493433,nan
10:56:17,10_56_17.jpg,35.77124296,-78.67493499,22.82614949,-86.52462384,-36.04077964,-0.3807253079,35.77121533,-78.6749225,nan
10:56:19,10_56_19.jpg,35.77126282,-78.67492317,29.33932849,-86.54262015,-33.88124001,0.9322042351,35.77123067,-78.67490917,nan
10:56:21,10_56_21.jpg,35.77127779,-78.67491215,21.45112571,-86.50536666,-31.39162892,2.47767642,35.77124933,-78.674898,nan
10:56:23,10_56_23.jpg,35.77129559,-78.67489989,29.67695509,-86.41654247,-29.1910632,1.927371608,35.77127,-78.674881,28.34000015
10:56:25,10_56_25.jpg,35.77131569,-78.67488696,27.48135642,-86.34074043,-26.92096844,2.473748709,35.771285,-78.674867,nan
10:56:27,10_56_27.jpg,35.77132803,-78.67487798,27.44068269,-86.18415768,-24.80833775,1.887336259,35.7713005,-78.67485267,26.43000031
10:56:29,10_56_29.jpg,35.77134618,-78.6748622,41.69011843,-85.6745293,-22.58566546,2.092209629,35.77131633,-78.674837,36.81000137
10:56:31,10_56_31.jpg,35.77136506,-78.67484361,42.33011024,-85.11046047,-20.0888389,4.409040058,35.7713325,-78.67481767,42.40999985
10:56:33,10_56_33.jpg,35.77138437,-78.67482409,37.77737594,-84.45875889,-17.31587184,1.556425792,35.7713515,-78.67479667,42.18000031
10:56:35,10_56_35.jpg,35.77140319,-78.67480622,28.79622579,-83.99128629,-14.81068757,1.186782128,35.77136883,-78.67478067,nan
10:56:37,10_56_37.jpg,35.77142166,-78.67479583,33.39130106,-83.91001987,-12.31665257,-1.355539332,35.77138517,-78.67477467,nan
10:56:39,10_56_39.jpg,35.77143957,-78.674781,40.90290064,-83.48661558,-9.972874237,1.707057453,35.77140233,-78.674759,nan
10:56:41,10_56_41.jpg,35.7714574,-78.67476375,38.41532671,-83.07080079,-7.649884812,2.55548435,35.77142017,-78.6747445,35.72999954
10:56:43,10_56_43.jpg,35.77147146,-78.67475367,30.1881131,-82.69425375,-5.457237863,2.923154944,35.77144183,-78.67473217,31.73999977
10:56:45,10_56_45.jpg,35.77148955,-78.67473451,34.04825103,-82.28594595,-3.194626941,1.516353595,35.77145717,-78.674709,34.52000046
10:56:47,10_56_47.jpg,35.771505,-78.67471849,49.64507843,-81.74612738,-1.078814561,3.019371236,35.77147183,-78.67469217,nan
10:56:49,10_56_49.jpg,35.77151995,-78.67469356,61.26480937,-80.44686157,1.566946834,-1.145589276,35.77148967,-78.674676,44.72999954
10:56:51,10_56_51.jpg,35.77152544,-78.67466433,85.61460222,-78.40922707,3.334428727,3.849009556,35.77150267,-78.67465283,56.79999924
10:56:54,10_56_54.jpg,35.77151761,-78.67463522,120.9881966,-75.50483066,3.759486602,5.444317699,35.771499,-78.67460817,102.3199997
10:56:56,10_56_56.jpg,35.77150435,-78.67460922,121.4636617,-72.72307142,3.600591291,0.6621582952,35.7714855,-78.674578,118.3199997
10:56:58,10_56_58.jpg,35.77149279,-78.67458266,121.7646842,-69.81896278,3.436112851,-0.04750042923,35.7714745,-78.67455067,119.0599976
10:57:00,10_57_00.jpg,35.77148307,-78.67455606,108.1547761,-67.28971772,3.427734429,1.394404668,35.7714615,-78.6745245,118.4700012
10:57:02,10_57_02.jpg,35.77147009,-78.67452859,125.952428,-64.4674639,3.180372038,-2.000485307,35.77144683,-78.67449517,118.7900009
10:57:04,10_57_04.jpg,35.7714557,-78.67450142,123.089848,-61.58233303,2.852181698,2.208683407,35.7714335,-78.674468,122.2099991
10:57:06,10_57_06.jpg,35.77143924,-78.67447144,130.2273609,-58.38914875,2.308146807,0.5477092166,35.771418,-78.67444383,129.9600067
10:57:08,10_57_08.jpg,35.77142128,-78.67444064,124.5714715,-55.13994872,1.763280135,2.389633458,35.77139833,-78.67441383,126.9400024
10:57:10,10_57_10.jpg,35.77140532,-78.67440963,119.7798284,-51.81094752,1.329995897,1.184317323,35.771382,-78.67438217,123.6999969
10:57:12,10_57_12.jpg,35.7713898,-78.67437611,120.868184,-48.42726625,1.009873996,0.266294861,35.771367,-78.67435217,121.7900009
10:57:14,10_57_14.jpg,35.77137566,-78.67434421,116.2306142,-45.17242874,0.9066533762,0.8150860681,35.77135483,-78.6743205,118.4300003
10:57:16,10_57_16.jpg,35.77135974,-78.67431153,121.1092906,-41.72243882,0.7267285853,-1.632770572,35.77134417,-78.67429033,117.0899963
10:57:18,10_57_18.jpg,35.77134072,-78.67427747,107.3414277,-37.99156874,0.1487463178,0.4931491858,35.77132517,-78.6742605,125.5100021
10:57:20,10_57_20.jpg,35.77132413,-78.67423858,129.414702,-33.92428396,-0.1354373604,-1.055536314,35.771317,-78.67424183,119.4000015
10:57:22,10_57_22.jpg,35.77130467,-78.67420494,122.6353912,-30.18192517,-0.7153167159,1.070072436,35.7712885,-78.67418783,123.1999969
10:57:24,10_57_24.jpg,35.77128534,-78.67416462,119.9743872,-26.06653066,-0.9935302939,1.12703771,35.77127017,-78.67415283,121.8199997
10:57:26,10_57_26.jpg,35.77127275,-78.6741313,119.2814271,-22.70116811,-1.037936731,0.3400414884,35.771255,-78.674115,117.4100037
10:57:28,10_57_28.jpg,35.77126746,-78.67411811,117.1677692,-21.28839102,-1.005162284,0.7593672121,35.77124667,-78.674095,117.2600021
10:57:30,10_57_30.jpg,35.77125943,-78.67409913,123.468207,-19.31223186,-1.053304987,-0.4219711179,35.771242,-78.67407933,112.6399994
10:57:33,10_57_33.jpg,35.77124562,-78.6740712,118.0264389,-16.3674367,-1.269098457,0.523554806,35.77122533,-78.67404217,118.9199982
10:57:35,10_57_35.jpg,35.77123105,-78.67403384,116.2017676,-12.62159088,-1.341021178,1.346119263,35.771211,-78.674006,116.5599976
10:57:37,10_57_37.jpg,35.77121683,-78.67399543,115.6355552,-8.775857392,-1.283914696,0.09259854407,35.77119767,-78.6739675,113.3799973
10:57:39,10_57_39.jpg,35.77121155,-78.67397376,103.065779,-6.69828839,-1.022000455,1.317186614,35.77119383,-78.67394667,104.1800003
10:58:50,10_58_50.jpg,35.77106213,-78.67404623,215.2766398,-5.932347732,-18.85604868,4.414711687,35.771052,-78.67405033,214.3000031
10:58:52,10_58_52.jpg,35.77103946,-78.6740668,210.5608393,-6.462985444,-21.84573803,6.810253147,35.771033,-78.67406983,221.4400024
10:58:54,10_58_54.jpg,35.77101425,-78.67408843,209.9477033,-7.478309809,-23.14018219,4.975459457,35.771011,-78.67408917,211.7799988
10:58:57,10_58_57.jpg,35.77098442,-78.67411582,214.0659224,-7.900870715,-27.33519119,14.682507,35.77097017,-78.6741275,213.0500031
10:58:59,10_58_59.jpg,35.77098007,-78.67411768,147.5136781,-7.89211336,-27.90377234,4.175179518,35.77096067,-78.6741245,nan
10:59:01,10_59_01.jpg,35.7709687,-78.67412808,206.032168,-8.227276525,-29.37799808,7.430260645,35.77094867,-78.6741365,213.7400055
10:59:03,10_59_03.jpg,35.7709422,-78.67414446,207.3783734,-8.212299485,-32.56001151,4.608504399,35.77092517,-78.674153,210.9299927
10:59:05,10_59_05.jpg,35.7709177,-78.67416037,212.8546985,-8.364733399,-35.55159691,2.695856708,35.77090333,-78.67416467,208.8500061
10:59:07,10_59_07.jpg,35.77088934,-78.67417921,212.7289169,-8.622713308,-38.97007079,4.111360506,35.77087833,-78.6741855,214.5200043
10:59:09,10_59_09.jpg,35.77086428,-78.67419646,219.1912445,-8.879702699,-42.0407355,1.929223471,35.77085867,-78.674202,206.1699982
10:59:11,10_59_11.jpg,35.7708392,-78.67421863,215.166436,-9.11295878,-45.67541008,3.526934383,35.7708355,-78.67421683,205.3899994
10:59:13,10_59_13.jpg,35.77081414,-78.6742411,211.0346469,-9.419776407,-49.19465844,3.93698107,35.77081267,-78.67423483,208.0599976
10:59:15,10_59_15.jpg,35.77078336,-78.67426948,213.0037556,-9.910505599,-53.70542303,2.492137534,35.770786,-78.67425733,209.8999939
10:59:17,10_59_17.jpg,35.77075532,-78.67429025,208.8126435,-10.3365309,-57.72258848,2.928956895,35.77075883,-78.6742775,209.8000031
10:59:19,10_59_19.jpg,35.77073491,-78.67430639,213.4141847,-10.71858792,-60.49705586,3.165527446,35.77074017,-78.67428917,210.8000031
10:59:21,10_59_21.jpg,35.77071253,-78.67432388,216.620096,-10.9800902,-63.54709154,3.261001156,35.7707205,-78.67429633,204.2899933
10:59:23,10_59_23.jpg,35.77069444,-78.67433876,214.5874548,-11.22133985,-66.02664718,1.198762691,35.770701,-78.67430317,nan
10:59:25,10_59_25.jpg,35.770681,-78.67434672,209.3809544,-11.41344417,-67.69018052,1.585108567,35.770688,-78.6743155,nan
10:59:27,10_59_27.jpg,35.77065911,-78.67436396,214.3721279,-11.72320794,-70.59870734,2.06540777,35.770665,-78.674328,205.3800049
10:59:29,10_59_29.jpg,35.77063483,-78.67438249,212.1394638,-12.03167398,-73.70690918,0.9901766111,35.7706405,-78.67434883,214.3300018
10:59:31,10_59_31.jpg,35.77061948,-78.67439589,219.8554079,-12.27671594,-75.96495477,1.111592811,35.77061833,-78.67435517,208.5599976
10:59:33,10_59_33.jpg,35.77060571,-78.6744109,233.9215188,-12.91750788,-77.99197517,-0.4103014634,35.77060517,-78.674368,215.9600067
10:59:36,10_59_36.jpg,35.77059895,-78.67442984,261.5273992,-14.23857205,-79.48876906,-0.6639548963,35.770591,-78.67439367,238.9299927
10:59:38,10_59_38.jpg,35.77060294,-78.67445282,277.1736442,-16.20822627,-80.0720725,-2.450871418,35.77059433,-78.6744185,278.6900024
10:59:40,10_59_40.jpg,35.77061295,-78.6744817,287.3718502,-18.98604278,-80.38327603,-3.644807714,35.77060117,-78.67444583,288.7200012
10:59:42,10_59_42.jpg,35.77062433,-78.67450923,293.0597356,-21.78526018,-80.70204213,-3.492566222,35.77060633,-78.67446717,289.9299927
10:59:44,10_59_44.jpg,35.77064142,-78.67454034,303.6343091,-25.19089375,-80.38330932,-1.744806525,35.77062017,-78.67449567,299.9100037
10:59:46,10_59_46.jpg,35.77066141,-78.67457772,317.0778999,-29.1417484,-79.80184397,-2.545709703,35.77063917,-78.67453233,302.9899902
10:59:48,10_59_48.jpg,35.77068128,-78.67460904,303.3024742,-32.69923909,-79.11619009,-1.932935602,35.77065917,-78.67455817,307.019989
10:59:50,10_59_50.jpg,35.77069574,-78.67463996,299.6715896,-36.25983389,-78.91895341,-1.709894401,35.77067117,-78.67458867,299.8500061
10:59:52,10_59_52.jpg,35.7707153,-78.67466781,309.4945221,-39.31448494,-78.20378116,-0.9678968527,35.77068633,-78.67461317,307.6000061
10:59:54,10_59_54.jpg,35.770732,-78.67469617,297.3884069,-42.59448831,-77.81859976,-2.212231963,35.77070133,-78.6746415,304.7399902
10:59:56,10_59_56.jpg,35.77074776,-78.67473066,301.1807028,-46.13863988,-77.71147702,-2.43567377,35.77071317,-78.67467417,300.769989
10:59:58,10_59_58.jpg,35.77076293,-78.67476597,306.173629,-49.92377064,-77.57927552,-3.091247314,35.77072567,-78.67471033,297.2799988
11:00:00,11_00_00.jpg,35.77077711,-78.67479716,299.3116942,-53.19088997,-77.43169139,-2.000862901,35.77073767,-78.67474267,299.4599915
11:00:02,11_00_02.jpg,35.77078985,-78.67482517,297.6940653,-56.13584838,-77.40180174,-1.454824546,35.7707485,-78.67477267,297.5899963
11:00:04,11_00_04.jpg,35.77080373,-78.67485191,295.4545952,-58.94910225,-77.29919413,-0.3011874249,35.770758,-78.6747975,299.4400024
11:00:06,11_00_06.jpg,35.77081586,-78.67487857,308.8760672,-61.70210309,-77.13327822,-2.278270034,35.77076917,-78.6748235,299.6000061
11:00:08,11_00_08.jpg,35.77082713,-78.67490458,302.6426121,-64.27290425,-76.96963957,-2.758747268,35.7707805,-78.67484517,302.6600037
11:00:10,11_00_10.jpg,35.77083948,-78.67493496,296.3598914,-67.34912824,-76.96765589,-1.936841824,35.77079283,-78.67487233,300.2000122
11:00:12,11_00_12.jpg,35.77085742,-78.67496906,310.3645366,-70.87320737,-76.60459275,-3.273684071,35.77080517,-78.6749025,300.5799866
11:00:15,11_00_15.jpg,35.77087258,-78.67500239,297.3364103,-74.42436304,-76.39585009,-0.1386424792,35.77082967,-78.6749485,301.3299866
11:00:17,11_00_17.jpg,35.77088323,-78.67502491,318.472428,-76.70197884,-76.21288206,-2.423005411,35.77083933,-78.67496717,303.1900024
11:00:19,11_00_19.jpg,35.77088832,-78.6750366,299.0833815,-77.80323025,-76.14992855,-0.6769466262,35.770843,-78.674979,300.9400024
11:00:21,11_00_21.jpg,35.77090054,-78.67506259,306.8192159,-80.35360005,-75.99434479,-4.766245472,35.7708545,-78.6750025,303.6000061
11:00:23,11_00_23.jpg,35.77091817,-78.67508661,307.0229344,-83.17411061,-75.23860901,-3.470952615,35.77087117,-78.6750235,311.2999878
11:00:25,11_00_25.jpg,35.77093577,-78.67511409,310.317127,-86.27726784,-74.59019098,-5.421954546,35.77088817,-78.67505017,310.0899963
11:00:27,11_00_27.jpg,35.77094312,-78.67512248,316.6982992,-87.33860618,-74.14092607,-4.848847261,35.77089633,-78.67506133,nan
11:00:29,11_00_29.jpg,35.7709547,-78.67513127,328.1670541,-88.68603368,-73.41499122,-4.009612007,35.770906,-78.67507133,319.4400024
11:00:31,11_00_31.jpg,35.77097592,-78.67513612,7.895765094,-90.09013787,-71.4980824,-3.066041817,35.77092567,-78.6750785,347.7999878
11:00:33,11_00_33.jpg,35.77099996,-78.67512016,46.14385692,-89.81228036,-68.32845782,-3.523225812,35.77094883,-78.67506817,23.14999962
11:00:35,11_00_35.jpg,35.77102982,-78.67509097,36.10383485,-88.99682038,-64.09958109,1.868989557,35.77097833,-78.67503917,37.31000137
11:00:37,11_00_37.jpg,35.77105274,-78.6750711,37.34023857,-88.52901816,-60.95876646,1.10359461,35.77100817,-78.675023,30.48999977
11:00:39,11_00_39.jpg,35.77107215,-78.67505073,39.25233182,-87.88059668,-58.19288015,0.3970652787,35.77102983,-78.67501017,36.95999908
11:00:41,11_00_41.jpg,35.77109558,-78.6750266,36.56838148,-87.28384798,-54.97657556,3.991606058,35.771047,-78.674992,42.83000183
11:00:43,11_00_43.jpg,35.77111563,-78.67501104,27.06527026,-87.09724342,-52.19404829,1.615279592,35.77107017,-78.6749755,41.72000122
11:00:45,11_00_45.jpg,35.77114192,-78.67498973,33.03416769,-86.81976847,-48.9694483,2.430116424,35.77109033,-78.67496633,nan
11:00:47,11_00_47.jpg,35.7711679,-78.67496834,38.50300349,-86.3303053,-45.3287865,2.34410561,35.77111217,-78.67494933,37.72000122
11:00:49,11_00_49.jpg,35.77119563,-78.67494651,30.65185058,-85.92538644,-41.80479443,2.443497661,35.77114117,-78.67493217,34.49000168
11:00:52,11_00_52.jpg,35.77122161,-78.67493188,25.2418785,-85.69482901,-38.35850361,-0.1308518493,35.77117733,-78.67491067,nan
11:00:54,11_00_54.jpg,35.77124889,-78.67490414,29.08543314,-85.13759505,-34.76200972,3.755848359,35.77120117,-78.674893,35.47999954
11:00:56,11_00_56.jpg,35.77127501,-78.6748915,28.25678651,-85.05659645,-31.28612995,1.287395617,35.771227,-78.6748825,nan
11:00:58,11_00_58.jpg,35.77130863,-78.67486941,32.11515235,-84.99428407,-27.77695523,0.9652599092,35.77125617,-78.67486867,nan
11:01:00,11_01_00.jpg,35.77133692,-78.67484909,15.09157268,-85.02248314,-24.28509393,2.092536618,35.77127833,-78.6748545,19.69000053
11:01:02,11_01_02.jpg,35.77136342,-78.67483015,34.45843397,-84.74743054,-20.66287323,1.97784194,35.77130617,-78.67484067,19.12999916
11:01:04,11_01_04.jpg,35.77138571,-78.67480932,35.20102488,-84.35579609,-17.40932875,4.551324178,35.771334,-78.67482183,26.20999908
11:01:06,11_01_06.jpg,35.77140021,-78.67480122,32.80750462,-84.36579023,-14.93630107,5.757955067,35.77135417,-78.6748055,27.52000046
11:01:08,11_01_08.jpg,35.77142261,-78.67478555,31.38022942,-84.12959623,-11.91708127,4.098448816,35.771382,-78.674792,24.56999969
11:01:10,11_01_10.jpg,35.77144466,-78.67476618,35.65697604,-83.71413066,-8.734961158,4.283458027,35.77140717,-78.67478517,nan
11:01:12,11_01_12.jpg,35.77147025,-78.67474312,34.46875936,-83.22610287,-5.248242085,3.249573174,35.7714335,-78.67476817,nan
11:01:14,11_01_14.jpg,35.77149129,-78.67472103,45.78356197,-82.74660627,-2.113826336,1.537160542,35.77147017,-78.6747455,27.76000023
11:01:16,11_01_16.jpg,35.77150089,-78.67470163,64.71950308,-81.94705494,-0.5134050599,0.6360589501,35.771477,-78.67472783,nan
11:01:18,11_01_18.jpg,35.77150626,-78.67467834,89.81906656,-80.15587712,0.9875776186,3.043369713,35.771485,-78.67470433,nan
11:01:20,11_01_20.jpg,35.77150859,-78.67465524,96.12908076,-78.35001088,1.991535002,2.116382055,35.7714885,-78.67468117,nan
11:01:23,11_01_23.jpg,35.7715035,-78.67462923,111.6553567,-75.80252591,2.600719544,-2.543789061,35.77148283,-78.67463883,96.65000153
11:01:25,11_01_25.jpg,35.77149055,-78.67460049,127.7809792,-73.15132773,2.622914028,-2.192935307,35.77147467,-78.67460917,118.1100006
11:01:27,11_01_27.jpg,35.77147868,-78.67457429,116.8109543,-71.39599253,2.809289126,-0.3849536529,35.77146333,-78.67458117,119.0899963
11:01:29,11_01_29.jpg,35.77146608,-78.67454009,111.9987082,-69.2105585,3.757152381,1.682582193,35.77145283,-78.674549,117.9499969
11:01:31,11_01_31.jpg,35.77145171,-78.67450923,122.4382258,-67.50591878,4.496515694,-1.76633466,35.77144217,-78.67451583,119.7699966
11:01:33,11_01_33.jpg,35.77143548,-78.67448026,119.8759927,-65.43273125,4.784897746,0.4657949629,35.77143083,-78.674483,120.2099991
11:01:35,11_01_35.jpg,35.77141875,-78.67444491,118.7464425,-61.67509766,4.39594799,-0.8338159349,35.771417,-78.67444367,118.3799973
11:01:37,11_01_37.jpg,35.7714038,-78.6744177,122.4945275,-58.71846335,3.866864361,0.8830097824,35.77140433,-78.6744115,122.1800003
11:01:39,11_01_39.jpg,35.77139342,-78.67439776,117.4287412,-56.57719257,3.655916929,1.911068123,35.77139583,-78.674388,119.7699966
11:01:41,11_01_41.jpg,35.77137882,-78.67436228,115.943942,-52.91212383,3.481162452,0.3416946263,35.77138333,-78.67435483,119.9000015
11:01:43,11_01_43.jpg,35.7713659,-78.67433537,121.8623334,-50.23030666,3.081138872,2.462330145,35.77136917,-78.67432383,120.8899994
11:01:45,11_01_45.jpg,35.77135183,-78.67430345,119.9216621,-47.09774766,2.779373372,1.317741855,35.77135733,-78.674295,120.2900009
11:01:47,11_01_47.jpg,35.77133683,-78.67427172,119.475889,-43.76892557,2.439958919,0.4778052931,35.771344,-78.6742645,121.0100021
11:01:49,11_01_49.jpg,35.77132005,-78.67424144,121.4543538,-40.57873339,1.984763904,2.947652886,35.7713305,-78.67423667,122.0299988
11:01:51,11_01_51.jpg,35.77130238,-78.67420763,119.5591133,-36.94566793,1.564079266,2.767193807,35.7713175,-78.67420517,119.7600021
11:01:53,11_01_53.jpg,35.77128626,-78.67417476,119.1509699,-33.3920686,1.196235367,1.245343424,35.771302,-78.67417117,118.0299988
11:01:56,11_01_56.jpg,35.77127361,-78.67415011,127.6145001,-30.78349412,0.8124847775,0.1865984406,35.77128333,-78.67413417,122.8399963
11:01:58,11_01_58.jpg,35.77126121,-78.67412847,122.1632602,-28.45236248,0.4446544917,2.247638064,35.77127033,-78.67411233,124.2600021
11:02:00,11_02_00.jpg,35.77124874,-78.67410553,130.3565397,-26.11338274,0.03220541757,0.1318236997,35.77125917,-78.67409033,124.9499969
11:02:02,11_02_02.jpg,35.77123517,-78.67408475,119.9983093,-23.66099694,-0.4064523544,2.690358642,35.77124717,-78.674069,124.1699982
11:02:04,11_02_04.jpg,35.77122079,-78.67405677,127.8248749,-20.74048018,-0.7243800001,1.686255728,35.771235,-78.67404317,121.7699966
11:02:06,11_02_06.jpg,35.77120445,-78.67403232,128.4886587,-12.84252116,-1.614400764,0.912469572,35.7712225,-78.674021,124.5100021
11:02:08,11_02_08.jpg,35.7711851,-78.67401142,146.5576848,-10.27436718,-2.725357113,0.2083507813,35.77120417,-78.674001,138.1499939
11:02:10,11_02_10.jpg,35.77116333,-78.6739994,158.2639873,-8.303199926,-4.304347761,3.034695334,35.7711845,-78.67398817,148.8999939
11:02:12,11_02_12.jpg,35.77114499,-78.67399454,181.6919984,-6.936055213,-5.996879656,0.8249175601,35.771166,-78.67398167,160.8999939
11:02:14,11_02_14.jpg,35.77112154,-78.67400769,215.0005582,-6.725547533,-8.910519292,2.764440772,35.77114367,-78.67398983,197.6499939
11:02:16,11_02_16.jpg,35.77109715,-78.67402663,212.4147711,-6.850645596,-12.07459545,4.06803692,35.77112017,-78.67400683,206.0399933
11:02:18,11_02_18.jpg,35.77107317,-78.67404334,206.9095106,-6.921285917,-15.06499717,4.425596208,35.771098,-78.67402217,208.0
11:02:20,11_02_20.jpg,35.77105076,-78.67405973,210.1164253,-7.017318548,-18.09183469,3.287904587,35.771078,-78.67403467,207.75
11:02:22,11_02_22.jpg,35.77102478,-78.6740774,208.5308782,-7.078619103,-21.24717069,1.492367378,35.77105567,-78.674048,208.0500031
11:02:24,11_02_24.jpg,35.77100164,-78.6741004,223.6360725,-7.496711668,-24.59577511,1.460455353,35.771032,-78.67406933,214.9600067
11:02:26,11_02_26.jpg,35.77097962,-78.67412052,216.1175555,-7.996566,-27.72995906,3.261821558,35.771011,-78.67409017,217.0099945
11:02:28,11_02_28.jpg,35.77095905,-78.67413984,218.2368008,-8.347990485,-30.49529081,2.689449938,35.77099,-78.67410933,216.9700012
11:02:30,11_02_30.jpg,35.77093867,-78.67415537,215.0341779,-8.655117764,-33.1758844,3.08638879,35.77097083,-78.67412383,214.3699951
11:02:32,11_02_32.jpg,35.77091597,-78.67417394,210.7354877,-8.928608822,-36.38075811,2.960894235,35.7709505,-78.67414017,215.8099976
11:02:34,11_02_34.jpg,35.77089225,-78.67419218,211.2363585,-9.14299807,-39.4787745,3.027589224,35.7709275,-78.67415217,210.7100067
11:02:36,11_02_36.jpg,35.7708729,-78.6742062,205.479229,-9.225816295,-42.0077757,2.62372484,35.77090733,-78.67416367,207.3399963
11:02:39,11_02_39.jpg,35.77084816,-78.67422519,213.2573025,-9.240691208,-45.21940421,3.344877168,35.77087367,-78.674182,207.9199982
11:02:41,11_02_41.jpg,35.77082402,-78.67424245,209.0764144,-9.499692983,-48.38457447,2.945864433,35.77085,-78.6741905,204.6799927
11:02:43,11_02_43.jpg,35.7707969,-78.67426256,207.8063505,-9.765061253,-51.96105794,2.000845777,35.770824,-78.674204,204.6300049
11:02:45,11_02_45.jpg,35.77077235,-78.67428073,205.9851868,-9.914273054,-55.19092715,1.575248124,35.77079833,-78.67421283,200.1499939
11:02:47,11_02_47.jpg,35.7707482,-78.67429693,202.0553675,-9.905810682,-58.42274334,2.050412303,35.77077367,-78.674227,202.1199951
11:02:49,11_02_49.jpg,35.77072276,-78.67431285,210.9008356,-9.893439719,-61.83276555,3.011528455,35.77074983,-78.67424217,204.7400055
11:02:51,11_02_51.jpg,35.77069728,-78.67433038,212.7395162,-10.00326421,-65.22221184,1.028065232,35.7707235,-78.67426183,208.5500031
11:02:53,11_02_53.jpg,35.7706726,-78.67434932,214.8103103,-10.19467059,-68.53041262,-0.3326031791,35.77070167,-78.6742775,205.1600037
11:02:55,11_02_55.jpg,35.77065351,-78.67436776,212.5959515,-10.53755755,-71.22479318,1.226197161,35.770681,-78.67429233,213.1699982
11:02:57,11_02_57.jpg,35.77063363,-78.67438562,213.0191138,-10.8266431,-73.94093638,2.884746063,35.77066133,-78.6743045,215.6199951
11:02:59,11_02_59.jpg,35.77061376,-78.67440289,218.0181882,-11.26511701,-76.67501867,1.295291644,35.7706395,-78.674318,214.8999939
11:03:01,11_03_01.jpg,35.77059844,-78.67442031,248.7142289,-12.12133448,-78.84259968,1.032254034,35.77062267,-78.67433367,222.3500061
11:03:03,11_03_03.jpg,35.77059676,-78.67444363,295.8912973,-14.0531757,-79.93501448,-5.430033625,35.77061367,-78.67435833,248.4700012
11:03:05,11_03_05.jpg,35.77060608,-78.67447081,286.2353691,-16.52067681,-80.29927316,-2.242142532,35.7706165,-78.6743835,263.5899963
11:03:07,11_03_07.jpg,35.77061761,-78.67449813,307.8313685,-19.37166337,-80.3585552,-3.039708505,35.77062183,-78.67441133,285.0299988
11:03:10,11_03_10.jpg,35.77063155,-78.67453068,288.5903206,-22.69130271,-80.37412944,-2.700379221,35.77063833,-78.67444967,295.0299988
11:03:12,11_03_12.jpg,35.77064497,-78.67456022,297.8813743,-25.75426633,-80.32020151,-1.669735865,35.77064783,-78.67448017,296.0100098
11:03:14,11_03_14.jpg,35.77066055,-78.67459034,310.2104483,-28.78576469,-80.05148961,-4.782055149,35.770659,-78.67450817,301.7900085
11:03:16,11_03_16.jpg,35.77067726,-78.67461659,304.2516709,-31.78701978,-79.48413545,-2.601538158,35.77067417,-78.674539,304.1300049
11:03:18,11_03_18.jpg,35.77069585,-78.6746446,303.4441644,-35.08129521,-79.02537235,-0.2722348313,35.77068567,-78.67457,306.6000061
11:03:20,11_03_20.jpg,35.77071305,-78.67467488,306.11712,-38.40368591,-78.61983786,-2.07861744,35.7706975,-78.67460033,303.6300049
11:03:22,11_03_22.jpg,35.77073,-78.67470507,308.5634835,-41.72247554,-78.25306939,-4.168854362,35.7707115,-78.67463367,302.8699951
11:03:24,11_03_24.jpg,35.77074246,-78.67473708,296.79345,-44.84545751,-78.37670483,-1.632852105,35.77071783,-78.67466483,294.3099976
11:03:26,11_03_26.jpg,35.77075507,-78.67476527,306.018516,-47.88260755,-78.15887492,-3.248460219,35.7707265,-78.67469317,298.0499878
11:03:28,11_03_28.jpg,35.77076887,-78.67479032,302.8441181,-50.60099535,-77.91584477,-1.100714038,35.7707375,-78.67472117,299.6700134
11:03:30,11_03_30.jpg,35.77078608,-78.67481667,304.1572662,-53.52907754,-77.34973156,-1.370975643,35.77075033,-78.67474733,305.9500122
11:03:32,11_03_32.jpg,35.77080081,-78.67484386,303.4484421,-56.63458302,-77.07964742,-0.5011169683,35.77076433,-78.67477367,304.3599854
11:03:34,11_03_34.jpg,35.7708152,-78.67487603,302.947406,-59.87049739,-77.05961955,-2.155157557,35.770776,-78.67480633,298.25
11:03:36,11_03_36.jpg,35.77082949,-78.67490493,300.7907834,-62.76722047,-76.899326,-1.380943263,35.77078783,-78.67483883,297.8900146
11:03:38,11_03_38.jpg,35.77084193,-78.67493004,299.9855978,-65.37148159,-76.72379246,-0.9622714954,35.77079967,-78.67486633,301.5700073
11:03:40,11_03_40.jpg,35.77085972,-78.67495933,309.7862324,-68.6733381,-76.06372215,-0.4754840474,35.77081233,-78.67489583,304.730011
11:03:43,11_03_43.jpg,35.77087482,-78.67498767,299.4744662,-71.70077368,-75.65646016,-4.014834252,35.770835,-78.674937,301.9899902
11:03:45,11_03_45.jpg,35.77089038,-78.67501395,306.3620938,-74.70480024,-75.25738154,-4.296643754,35.77084933,-78.67496483,305.0799866
11:03:47,11_03_47.jpg,35.77090261,-78.67503938,296.0663392,-77.37308281,-75.11175447,-2.721679978,35.77085933,-78.67499583,297.4700012
11:03:49,11_03_49.jpg,35.77091528,-78.67506869,306.5893228,-80.42175611,-75.05376631,-5.057917103,35.77086867,-78.67502733,296.4100037
11:03:51,11_03_51.jpg,35.77092715,-78.67508849,306.1366468,-82.54825191,-74.64260038,-4.379985017,35.77088167,-78.67504767,299.6199951
11:03:53,11_03_53.jpg,35.77093765,-78.67511097,306.5435704,-84.89506296,-74.49190038,-6.805268551,35.77089,-78.67507183,298.1000061
11:03:55,11_03_55.jpg,35.77094921,-78.67512635,322.6661391,-86.79672461,-73.9190293,-4.551110096,35.77090317,-78.6750905,nan
11:03:57,11_03_57.jpg,35.77096338,-78.67513233,347.3286325,-88.03624424,-72.63264083,-2.506996651,35.7709165,-78.67510033,333.769989
11:03:59,11_03_59.jpg,35.77098212,-78.67513164,35.75075565,-88.69681301,-70.43138308,-5.626220174,35.77094133,-78.67510183,32.75999832
11:04:01,11_04_01.jpg,35.77100954,-78.67511297,29.17399906,-88.5470096,-67.17057679,-4.962561899,35.770965,-78.67508333,29.78000069
11:04:03,11_04_03.jpg,35.77103272,-78.67509071,28.20570215,-87.97603963,-63.75682666,1.904092048,35.77099617,-78.6750665,39.72000122
11:04:05,11_04_05.jpg,35.77106033,-78.67506899,25.50413949,-87.56807124,-60.21418086,-0.07893593796,35.771028,-78.67505167,32.75
11:04:07,11_04_07.jpg,35.77108724,-78.67504534,38.59755281,-87.00673548,-56.80719761,4.447453333,35.77105267,-78.67503467,37.22000122
11:04:09,11_04_09.jpg,35.77111295,-78.67502547,28.11902773,-86.3730015,-53.36963548,4.2467031,35.7710745,-78.67501733,35.18999863
11:04:12,11_04_12.jpg,35.7711405,-78.67500597,31.40837635,-86.10999747,-49.70311855,0.4664249298,35.77111567,-78.6749925,27.46999931
11:04:14,11_04_14.jpg,35.77116547,-78.67499021,31.26176695,-85.95996629,-46.0268193,3.727875909,35.7711445,-78.6749725,29.01000023
11:04:16,11_04_16.jpg,35.7711966,-78.67496887,24.790677,-85.95537813,-42.21325946,2.304712662,35.77116917,-78.6749515,30.70000076
11:04:18,11_04_18.jpg,35.77122563,-78.67494414,36.92298751,-85.51535071,-38.58270876,1.360484863,35.77119767,-78.67492567,33.45999908
11:04:20,11_04_20.jpg,35.77125282,-78.67492157,34.53827339,-85.07404123,-35.02805807,2.457960569,35.7712215,-78.67490717,35.97999954
11:04:22,11_04_22.jpg,35.77128074,-78.67490433,31.09930224,-84.65546211,-31.36077785,2.003932918,35.77124767,-78.67488533,35.54000092
11:04:24,11_04_24.jpg,35.77130811,-78.67488157,29.70701231,-84.31363487,-27.91061835,0.5558606741,35.77127,-78.6748695,34.09999847
11:04:26,11_04_26.jpg,35.77133787,-78.67486141,24.48191254,-84.08409647,-24.26158718,2.288937648,35.77129817,-78.67485567,35.15000153
11:04:28,11_04_28.jpg,35.77136434,-78.67484111,31.46619291,-83.81170997,-20.73208351,1.151184261,35.77132617,-78.67483883,33.29000092
11:04:30,11_04_30.jpg,35.77138741,-78.67482029,33.92850052,-83.59081695,-17.60435886,2.7730179,35.77135183,-78.67481683,32.29999924
11:04:32,11_04_32.jpg,35.77141187,-78.67480187,32.14167484,-83.35571726,-14.62543093,3.546246894,35.77137583,-78.67479567,34.33000183
11:04:34,11_04_34.jpg,35.77143617,-78.67478664,29.61387628,-83.19860316,-11.27824329,1.462233097,35.77139967,-78.67477233,36.11000061
11:04:36,11_04_36.jpg,35.77146211,-78.67477089,29.9566164,-83.06296009,-7.908086156,0.7055074383,35.77142717,-78.67475533,34.04999924
11:04:38,11_04_38.jpg,35.77148774,-78.67475104,42.45358097,-82.8278247,-4.551310585,0.2697419775,35.77145367,-78.67473883,31.35000038
11:04:40,11_04_40.jpg,35.77149957,-78.67473628,39.60126847,-82.35223063,-2.704075252,1.915932667,35.77147033,-78.6747135,nan
11:04:42,11_04_42.jpg,35.77150796,-78.67471703,48.10166403,-81.63890619,-0.9193312094,1.02453791,35.77147833,-78.6747005,nan
11:04:44,11_04_44.jpg,35.77151595,-78.67469647,83.62330251,-80.44161306,0.7756072126,0.3865437794,35.77148933,-78.67467733,56.95999908
11:04:46,11_04_46.jpg,35.77151755,-78.6746803,105.01998,-79.0226471,1.435640862,1.530911375,35.7714945,-78.67466217,nan
11:04:48,11_04_48.jpg,35.77150786,-78.67465983,129.0248457,-76.84121173,1.368031033,1.761316285,35.77149067,-78.67464683,nan
11:04:50,11_04_50.jpg,35.77149588,-78.674637,115.8682878,-74.41962014,1.26882047,-0.2324440546,35.77148133,-78.674625,107.8899994
11:04:53,11_04_53.jpg,35.77148467,-78.67460828,113.5176711,-71.51837601,1.356722359,-0.913791377,35.77146783,-78.67458667,115.3099976
11:04:55,11_04_55.jpg,35.77147398,-78.67457792,117.3252159,-68.44331566,1.412962301,-1.048794328,35.77145883,-78.6745595,117.4000015
11:04:57,11_04_57.jpg,35.77146229,-78.67455085,124.3870621,-65.74309997,1.287070732,0.6629779728,35.77144817,-78.67453517,120.0699997
11:04:59,11_04_59.jpg,35.77144788,-78.67452027,118.9304058,-62.55717148,1.111712882,-0.0819447143,35.771437,-78.67450917,120.1399994
11:05:01,11_05_01.jpg,35.7714299,-78.67449082,129.1129731,-59.18825937,0.5796534267,0.04446805971,35.771423,-78.6744795,124.0299988
11:05:03,11_05_03.jpg,35.77140912,-78.67445737,123.6218583,-55.46853348,0.000786657641,2.586626164,35.77140517,-78.67444983,126.2399979
11:05:05,11_05_05.jpg,35.77139243,-78.67442285,120.9948955,-52.01857124,-0.2255183504,-0.9454925195,35.7713895,-78.67441667,121.2200012
11:05:07,11_05_07.jpg,35.77137656,-78.67438481,113.7677694,-48.43819926,-0.1487794728,1.162341206,35.7713765,-78.67438567,116.4599991
11:05:09,11_05_09.jpg,35.7713629,-78.67434628,115.0201039,-44.71711734,0.02541163598,-0.1380279198,35.77136317,-78.67435083,116.3700027
11:05:11,11_05_11.jpg,35.77135756,-78.67433111,117.0126653,-43.1918037,0.04466635396,0.4840561518,35.77135717,-78.67433267,117.6399994
11:05:13,11_05_13.jpg,35.77134557,-78.67430619,121.9052242,-40.72587289,-0.03636956945,1.730699856,35.7713485,-78.67431033,118.6399994
11:05:15,11_05_15.jpg,35.77133486,-78.67427999,112.7420376,-38.26536358,-0.02379509071,1.986995677,35.77133617,-78.67428017,118.6500015
11:05:17,11_05_17.jpg,35.77132053,-78.67424747,122.1162586,-35.33775067,-0.1934781715,-2.334655808,35.77132283,-78.67424983,121.7600021
11:05:19,11_05_19.jpg,35.771306,-78.67421379,116.1210143,-31.90932808,-0.2434454994,-2.875965038,35.7713085,-78.67421733,117.9899979
11:05:21,11_05_21.jpg,35.77128731,-78.67417928,121.3194496,-28.85287455,-0.6756761281,-0.01501035429,35.77129683,-78.674188,119.4000015
11:05:23,11_05_23.jpg,35.77127226,-78.67414488,118.5674791,-25.64068921,-0.8390797483,0.742307004,35.77128383,-78.67415933,120.0500031
11:05:25,11_05_25.jpg,35.7712576,-78.67411059,118.5542357,-22.74732889,-0.7756026658,1.340774609,35.771273,-78.67412883,116.5699997
11:05:27,11_05_27.jpg,35.77124338,-78.67408216,124.8688267,-19.92829804,-0.9119828164,0.7606919922,35.77126167,-78.674102,117.2300034
11:05:29,11_05_29.jpg,35.77122736,-78.67405392,122.6064012,-17.02621396,-1.249297213,0.9517050704,35.771248,-78.67407333,122.0199966
11:05:31,11_05_31.jpg,35.77121647,-78.67403486,124.7026013,-15.02876697,-1.542784679,-0.04210859828,35.771237,-78.67405283,123.3399963
11:05:33,11_05_33.jpg,35.77120435,-78.67401801,131.7186802,-12.99727635,-1.938409191,1.834618008,35.77122667,-78.6740365,129.1000061
11:05:36,11_05_36.jpg,35.77118409,-78.67399919,153.5370499,-10.62410954,-3.129926959,1.247246227,35.77119917,-78.67400967,147.1100006
11:05:38,11_05_38.jpg,35.77116129,-78.67398772,166.7740348,-8.562952194,-4.842202137,-1.096877336,35.7711765,-78.67399733,156.9199982
11:05:40,11_05_40.jpg,35.77113932,-78.67398278,182.7533246,-7.023036304,-6.724370314,-1.957277696,35.77115883,-78.67399067,161.0
11:05:42,11_05_42.jpg,35.77111375,-78.67399182,200.5637303,-6.125702847,-9.385406056,-4.767965877,35.77113483,-78.67399617,191.3000031
11:05:44,11_05_44.jpg,35.77108784,-78.67401454,212.0703357,-6.291167434,-12.69153586,0.8800643836,35.771111,-78.674009,202.2700043
11:05:46,11_05_46.jpg,35.77106715,-78.67403425,213.30038,-6.431702751,-15.36771608,2.4481486,35.77108733,-78.67402,205.8800049
11:05:48,11_05_48.jpg,35.77104437,-78.67405063,214.1539472,-6.517472045,-18.28255845,3.119176216,35.771065,-78.6740315,206.6999969
11:05:50,11_05_50.jpg,35.77102359,-78.67406631,216.2778586,-6.624758602,-21.02165719,2.316352302,35.77104417,-78.67404533,212.0899963
11:05:52,11_05_52.jpg,35.77100179,-78.67408208,208.6024993,-6.693037259,-23.85748066,2.596792472,35.77102283,-78.6740585,209.2700043
11:05:54,11_05_54.jpg,35.77097742,-78.67409718,209.6769148,-6.864401903,-26.98081973,3.066989138,35.77099833,-78.67407483,212.9199982
11:05:56,11_05_56.jpg,35.77095049,-78.67411055,210.0979732,-7.092358502,-30.24694618,1.565675394,35.77097283,-78.67409033,212.5599976
11:05:58,11_05_58.jpg,35.77092807,-78.67412903,216.6616585,-7.250819422,-33.32418097,1.879638977,35.77095017,-78.674109,212.0099945
11:06:00,11_06_00.jpg,35.77089913,-78.6741475,208.2904696,-7.533482894,-37.01659856,2.891809759,35.770925,-78.67412633,209.2799988
11:06:02,11_06_02.jpg,35.77087015,-78.67416526,214.2799316,-7.773482769,-40.59665027,3.223797261,35.77089733,-78.67414433,209.9199982
11:06:04,11_06_04.jpg,35.77084614,-78.67418755,211.2652223,-8.032659502,-44.06484264,3.636191551,35.770871,-78.67416467,211.0299988
11:06:07,11_06_07.jpg,35.77082976,-78.67420937,214.2263618,-8.229830398,-46.610422,0.5381350445,35.77084283,-78.674186,210.9799957
11:06:09,11_06_09.jpg,35.77080733,-78.67422729,214.8732075,-8.425394741,-49.45858908,2.207813272,35.77082333,-78.67419667,209.3899994
11:06:11,11_06_11.jpg,35.77078663,-78.67424761,212.1643905,-8.794225904,-52.35278022,2.688615786,35.7708015,-78.67421583,213.7200012
11:06:13,11_06_13.jpg,35.77076774,-78.67426602,210.9019636,-9.160147399,-55.11690484,1.804126631,35.77078083,-78.67423183,216.1300049
11:06:15,11_06_15.jpg,35.77074958,-78.67428336,214.2498988,-9.505478663,-57.77834368,2.293801654,35.7707615,-78.67424533,213.0299988
11:06:17,11_06_17.jpg,35.7707268,-78.67429495,214.0010924,-9.884224397,-60.65214786,2.213153423,35.77074183,-78.67426383,215.5700073
11:06:19,11_06_19.jpg,35.77070303,-78.6743123,214.6504151,-10.17533805,-63.80609933,2.319396606,35.7707175,-78.67428067,209.3600006
11:06:21,11_06_21.jpg,35.77067686,-78.67433039,211.2704159,-10.36685191,-67.26773031,1.76070904,35.7706925,-78.6742945,205.0599976
11:06:23,11_06_23.jpg,35.77064984,-78.67434913,211.3653065,-10.50520384,-70.82660751,1.755587552,35.77066517,-78.674307,205.1499939
11:06:25,11_06_25.jpg,35.7706273,-78.67437004,209.8583167,-10.61778508,-73.79545662,1.025036781,35.77064117,-78.674324,208.2100067
11:06:27,11_06_27.jpg,35.7706101,-78.67438603,233.98662,-11.28186349,-76.24649156,-0.4799020668,35.77062167,-78.6743395,215.4600067
11:06:29,11_06_29.jpg,35.77059934,-78.67440633,267.2039763,-12.96231659,-78.30229843,-1.453595727,35.77060733,-78.67435617,227.8399963
11:06:31,11_06_31.jpg,35.77059822,-78.67443468,277.5647369,-15.29084846,-79.56062057,-5.583634394,35.77060233,-78.67438433,261.1799927
11:06:33,11_06_33.jpg,35.77061067,-78.67446697,292.2015992,-18.39041471,-79.78444367,-1.504843039,35.7706085,-78.67440917,nan
11:06:35,11_06_35.jpg,35.77062003,-78.67449881,295.2236076,-21.53603,-80.01378036,-3.8933917,35.77061967,-78.67443867,293.519989
11:06:37,11_06_37.jpg,35.77063472,-78.67452828,298.9120883,-24.60927166,-79.90447428,-1.464676816,35.77063333,-78.674468,301.1000061
11:06:39,11_06_39.jpg,35.7706495,-78.67455475,296.0682794,-27.72409883,-79.69846407,-2.694219325,35.770645,-78.67449483,302.5299988
11:06:41,11_06_41.jpg,35.77066837,-78.67457999,308.2754281,-30.87992697,-79.12449358,-0.8779170647,35.7706595,-78.67452483,308.2799988
11:06:44,11_06_44.jpg,35.77068316,-78.67460928,303.0876105,-33.83823912,-78.81162006,-0.9562564645,35.7706815,-78.674568,304.5
11:06:46,11_06_46.jpg,35.77069806,-78.67463504,305.4780745,-36.62354649,-78.42544352,-2.195416802,35.7706945,-78.674595,303.3500061
11:06:48,11_06_48.jpg,35.77071434,-78.67466665,302.0093478,-39.92023001,-78.27869081,-2.52407457,35.77070833,-78.67462667,301.8200073
11:06:50,11_06_50.jpg,35.77072942,-78.67469198,305.1439128,-42.60977714,-77.90739338,0.133471098,35.77072033,-78.67465517,302.3099976
11:06:52,11_06_52.jpg,35.7707471,-78.67471858,313.3662083,-45.73739987,-77.23350358,-0.6218716879,35.7707365,-78.67468333,308.6499939
11:06:54,11_06_54.jpg,35.77076453,-78.67474703,301.1688229,-48.86327578,-76.7108665,-0.002000994898,35.77075183,-78.67471367,307.8699951
11:06:56,11_06_56.jpg,35.77077415,-78.67476932,295.9241855,-51.0738373,-76.6473778,-0.8639339318,35.77075883,-78.67473717,302.0400085
11:06:58,11_06_58.jpg,35.77078688,-78.67479562,299.0920116,-53.80836571,-76.49517003,-1.004205077,35.77076817,-78.67476233,302.5
11:07:00,11_07_00.jpg,35.77080083,-78.67482494,311.5473851,-56.9192347,-76.29958046,-5.625214957,35.77077933,-78.67479333,300.9299927
11:07:02,11_07_02.jpg,35.77081799,-78.67485533,297.44832,-60.26202862,-75.83223207,-3.408529358,35.77079233,-78.67482317,302.5299988
11:07:04,11_07_04.jpg,35.77083526,-78.6748864,297.31721,-63.33475692,-75.42505759,-2.348287474,35.77080383,-78.6748495,300.519989
11:07:06,11_07_06.jpg,35.77084947,-78.67491785,306.6652707,-66.10409462,-75.25769431,-4.220894072,35.77081733,-78.674879,300.8099976
11:07:08,11_07_08.jpg,35.77086537,-78.67494591,310.198685,-68.83533251,-74.79973469,-0.8018952575,35.77082967,-78.67490567,301.8699951
11:07:10,11_07_10.jpg,35.77088122,-78.67497471,301.1753945,-71.57943493,-74.29758826,-2.059585199,35.77084133,-78.67493183,303.3099976
11:07:12,11_07_12.jpg,35.77089342,-78.6750023,295.3316006,-74.3319415,-74.1709098,-0.7635812198,35.77085183,-78.67495683,301.2099915
11:07:14,11_07_14.jpg,35.77090631,-78.6750365,302.1096357,-77.61557281,-74.32460723,-5.758349029,35.77086183,-78.67498867,295.9599915
11:07:16,11_07_16.jpg,35.77092136,-78.67506728,300.6038632,-80.71901683,-74.17607289,-2.625889426,35.7708745,-78.67502317,296.7000122
11:07:18,11_07_18.jpg,35.77093322,-78.67510057,295.6881434,-83.90348784,-74.27600964,-2.232210688,35.770885,-78.67505367,295.0
11:07:21,11_07_21.jpg,35.77094691,-78.67512338,317.73178,-86.43046656,-73.83995237,-9.591342609,35.7709015,-78.67509167,305.0899963
11:07:23,11_07_23.jpg,35.77095563,-78.67513281,320.884791,-87.78558198,-73.24589057,-6.745058751,35.77091133,-78.675103,320.0400085
11:07:25,11_07_25.jpg,35.77097284,-78.67513398,16.87087019,-88.6772091,-71.3450695,-1.096446404,35.770921,-78.675109,349.3900146
11:07:27,11_07_27.jpg,35.77098622,-78.67512303,38.00463567,-88.34269351,-69.09099279,1.80748147,35.77093667,-78.67510333,23.05999947
11:07:29,11_07_29.jpg,35.77101256,-78.67509888,33.90152262,-87.92613528,-65.73879777,1.710867633,35.77096683,-78.67509167,34.06999969
11:07:31,11_07_31.jpg,35.77104074,-78.67507077,42.17355851,-87.09416695,-61.95589176,0.3071252123,35.770997,-78.6750705,38.95000076
11:07:33,11_07_33.jpg,35.77106535,-78.67504741,30.72443627,-86.51180517,-58.82849693,1.79022411,35.77102267,-78.67504983,41.50999832
11:07:35,11_07_35.jpg,35.77108877,-78.67502578,41.060629,-86.10737868,-55.48917024,1.456052934,35.77104717,-78.6750335,34.38999939
11:07:37,11_07_37.jpg,35.77111529,-78.67501128,33.51357943,-85.96276449,-52.20145595,-0.4020339184,35.77106367,-78.67501017,51.81000137
11:07:39,11_07_39.jpg,35.77114384,-78.67499458,18.27475601,-85.98746337,-49.01403359,1.715762396,35.77108367,-78.6750035,29.11000061
11:07:41,11_07_41.jpg,35.77117345,-78.6749735,28.69220229,-85.73474191,-45.46657558,6.99195326,35.77111117,-78.67498667,31.31999969
11:07:43,11_07_43.jpg,35.77119538,-78.67495361,35.27403432,-84.95118052,-41.75177111,5.966879196,35.77114033,-78.6749655,32.88999939
11:07:45,11_07_45.jpg,35.77121698,-78.6749335,36.20784916,-84.47987293,-38.82003405,2.797876782,35.77116583,-78.67494567,nan
11:07:47,11_07_47.jpg,35.77124168,-78.67490937,35.30816206,-83.90024949,-35.65895874,3.682521046,35.77117767,-78.6749345,42.11000061
11:07:49,11_07_49.jpg,35.77126694,-78.6748931,24.88849587,-83.50668336,-32.54429356,1.383530238,35.77119917,-78.67491533,47.68000031
11:07:51,11_07_51.jpg,35.77128822,-78.67487864,34.82295464,-83.36500192,-29.85510197,0.8298042278,35.77122167,-78.67490017,38.38000107
11:07:53,11_07_53.jpg,35.77130583,-78.67486321,37.57592949,-83.07339699,-27.45388496,0.9122663151,35.7712365,-78.67488667,nan
11:07:55,11_07_55.jpg,35.77132583,-78.67484276,38.40939123,-82.79037168,-24.43834955,0.8629680617,35.771258,-78.67487617,33.95000076
11:07:58,11_07_58.jpg,35.77134657,-78.6748249,33.24435263,-82.48272364,-21.45637448,2.019381492,35.771301,-78.6748475,30.70999908
11:08:00,11_08_00.jpg,35.77136911,-78.67480899,36.16831844,-82.08324459,-18.49310172,1.909475229,35.77132233,-78.67483017,33.86999893
11:08:02,11_08_02.jpg,35.7713916,-78.67479112,31.45825231,-81.69783588,-15.54954666,3.000427348,35.771347,-78.67480983,36.38000107
11:08:04,11_08_04.jpg,35.77141872,-78.6747797,25.2462446,-81.77778936,-12.12397429,0.8085284775,35.77137633,-78.67479517,28.5
11:08:06,11_08_06.jpg,35.77144554,-78.67476457,27.03481097,-81.91021827,-8.711425849,2.234234237,35.771406,-78.67478017,24.25
11:08:08,11_08_08.jpg,35.77147483,-78.67474578,24.90921034,-81.92863822,-5.185713053,0.6857325667,35.77143567,-78.67476117,25.77000046
11:08:10,11_08_10.jpg,35.7714968,-78.6747255,46.38505897,-81.45334133,-2.377293102,4.616572723,35.7714625,-78.67473967,36.09000015
11:08:12,11_08_12.jpg,35.77151332,-78.67469753,58.25961851,-80.1116336,0.3789156782,2.135747086,35.771479,-78.6747125,50.02999878
11:08:14,11_08_14.jpg,35.77151991,-78.67467456,88.92475501,-78.61473027,1.631272575,-0.530695124,35.77148667,-78.67469233,60.52999878
11:08:16,11_08_16.jpg,35.77151494,-78.67464412,105.8866411,-76.13188273,2.47193983,-0.005953293529,35.77148717,-78.6746705,85.34999847
11:08:18,11_08_18.jpg,35.7715004,-78.67460914,120.864914,-72.58870838,2.760474597,-1.575914222,35.771483,-78.67463917,100.8499985
11:08:20,11_08_20.jpg,35.7714872,-78.67457246,113.3245151,-68.93372258,2.895453657,-0.2980141022,35.77147233,-78.67460417,112.5500031
11:08:22,11_08_22.jpg,35.77147112,-78.67453601,125.7469538,-65.38592522,2.797905209,-0.4760931823,35.77146167,-78.67457017,115.8899994
11:08:24,11_08_24.jpg,35.77145523,-78.67450539,117.5739635,-62.59125893,2.630848056,-0.02971594058,35.77144783,-78.67453917,121.9499969
11:08:26,11_08_26.jpg,35.77143918,-78.67447394,121.2360359,-60.13560738,2.552159136,0.8872513578,35.77143567,-78.67450817,120.4300003
11:08:28,11_08_28.jpg,35.771423,-78.67444216,119.9707208,-58.74334619,2.481389949,-1.563063435,35.77142317,-78.67447733,122.2399979
11:08:31,11_08_31.jpg,35.77140761,-78.67441323,129.5623214,-58.68944851,2.140863576,-0.03915448809,35.77140567,-78.67443833,124.1900024
11:08:33,11_08_33.jpg,35.7713911,-78.67438347,118.047768,-60.13929802,1.213904271,0.1199876485,35.7713975,-78.67442317,124.4700012
11:08:35,11_08_35.jpg,35.77137655,-78.6743539,117.2366571,-60.88546422,0.3114968998,0.4303075267,35.77138833,-78.67440167,123.1500015
11:08:37,11_08_37.jpg,35.77136214,-78.67432217,117.245334,-60.25074715,-0.7811514278,0.876589548,35.77137733,-78.67437517,120.2099991
11:08:39,11_08_39.jpg,35.77134786,-78.67428964,129.2778062,-58.63398386,-2.107212592,-1.564569405,35.77136333,-78.67434367,120.9800034
11:08:41,11_08_41.jpg,35.77132937,-78.67426704,136.974934,-55.94418376,-4.335176812,0.9686170402,35.7713445,-78.67431583,129.7700043
11:08:43,11_08_43.jpg,35.77131591,-78.67424741,131.7852996,-53.47552,-5.682329955,0.4927457521,35.77133033,-78.6742945,130.7700043
11:08:45,11_08_45.jpg,35.77130401,-78.67422693,127.7568279,-49.50864102,-5.724974949,2.119211476,35.77131833,-78.6742725,127.3199997
11:08:47,11_08_47.jpg,35.77129079,-78.67420144,120.0206187,-47.40693336,-5.314854308,1.672146474,35.77130567,-78.674247,123.6600037
11:08:49,11_08_49.jpg,35.77127416,-78.67416833,118.2587484,-44.4607063,-4.653196583,2.649533322,35.7712905,-78.67421433,121.6399994
11:08:51,11_08_51.jpg,35.77126315,-78.67414361,116.5650512,-41.47971482,-4.374664545,2.389804942,35.7712775,-78.67418267,118.7600021
11:08:53,11_08_53.jpg,35.77125077,-78.67411471,116.0566258,-38.58967278,-4.13170744,0.9427981971,35.77127383,-78.67416417,116.1800003
11:08:55,11_08_55.jpg,35.77123758,-78.67408642,120.8542045,-35.57102323,-3.829176418,1.097194902,35.77126033,-78.67413233,115.3600006
11:08:57,11_08_57.jpg,35.7712278,-78.6740622,120.0978516,-33.1588745,-3.623340944,0.9155726552,35.77124933,-78.67410517,115.5299988
11:08:59,11_08_59.jpg,35.77121416,-78.67403614,123.861163,-30.40781162,-3.702934055,1.301362699,35.77123767,-78.6740805,120.4599991
11:09:01,11_09_01.jpg,35.77119602,-78.67400772,131.1162672,-27.172055,-4.120375966,-0.797964447,35.77122233,-78.674053,125.6900024
11:09:03,11_09_03.jpg,35.77117733,-78.67399043,147.5908833,-24.70926447,-5.191227042,-0.1139094839,35.77120267,-78.67403,139.8099976
11:09:05,11_09_05.jpg,35.77116277,-78.67397888,175.8037524,-22.96004757,-5.999870477,1.163860231,35.77118517,-78.67401417,144.6900024
11:09:08,11_09_08.jpg,35.77114116,-78.6739795,198.3285611,-21.71718136,-7.916067312,-2.541937908,35.77115867,-78.67400417,168.7200012
11:09:10,11_09_10.jpg,35.77111611,-78.67399617,206.6821177,-21.42230218,-11.14942607,1.452049464,35.77113283,-78.67401317,195.3699951
11:09:12,11_09_12.jpg,35.77109563,-78.67401766,211.2506018,-21.51915128,-14.12514289,2.782525587,35.77110783,-78.67402583,204.8999939
11:09:14,11_09_14.jpg,35.77107415,-78.67403774,212.3902432,-21.57168189,-17.07587617,1.14737676,35.77108333,-78.67404167,211.0399933
11:09:16,11_09_16.jpg,35.77105329,-78.67405359,207.9228647,-21.58745524,-19.70031525,2.551324638,35.771061,-78.6740545,210.7599945
11:09:18,11_09_18.jpg,35.77103175,-78.67406904,209.4660719,-21.6199653,-22.2881209,3.413470848,35.77103967,-78.674068,210.9400024
11:09:20,11_09_20.jpg,35.77101045,-78.67408732,216.1344432,-21.64017666,-25.2116752,1.149520894,35.77101833,-78.67408283,211.8099976
11:09:22,11_09_22.jpg,35.7709851,-78.67410239,209.1625187,-21.61469695,-28.36772325,3.30479149,35.770994,-78.67409883,210.3399963
11:09:24,11_09_24.jpg,35.77096371,-78.67411901,205.7459075,-21.619312,-31.31157708,2.347498578,35.77097133,-78.67411767,214.4299927
11:09:26,11_09_26.jpg,35.77094324,-78.6741389,209.4543997,-21.59233163,-34.06191484,2.440111408,35.770951,-78.67413033,212.0500031
11:09:28,11_09_28.jpg,35.77091728,-78.67415888,209.4449877,-21.56897082,-37.4743184,0.520687728,35.770929,-78.67415233,220.0500031
11:09:30,11_09_30.jpg,35.77088521,-78.67417579,213.1515495,-21.60416191,-41.2368293,1.058563857,35.77089933,-78.67417067,212.4900055
11:09:32,11_09_32.jpg,35.77085612,-78.67419334,213.1816176,-21.61648726,-44.89217302,1.644622189,35.7708715,-78.67418817,211.5700073
11:09:34,11_09_34.jpg,35.77083299,-78.67421586,211.5241064,-21.66303435,-48.3548277,3.314192011,35.77084683,-78.67420717,214.1799927
11:09:36,11_09_36.jpg,35.77081413,-78.67423562,214.6951535,-21.70278157,-50.86261629,3.663823604,35.770826,-78.67422183,213.8399963
11:09:38,11_09_38.jpg,35.77079116,-78.67425533,217.0241364,-21.68911661,-54.17656733,3.581157169,35.77079883,-78.67423433,205.7400055
11:09:40,11_09_40.jpg,35.77076878,-78.67427607,209.4775883,-21.75319241,-57.11217368,2.826528789,35.770776,-78.67425033,211.25
11:09:42,11_09_42.jpg,35.77075522,-78.67428691,219.1233947,-21.76456942,-58.90366123,3.913092332,35.7707605,-78.67426283,nan
11:09:44,11_09_44.jpg,35.77073541,-78.67429713,203.5483506,-21.62901039,-61.1525722,3.018513125,35.770747,-78.67427,207.6699982
11:09:47,11_09_47.jpg,35.77071272,-78.67431913,208.8261723,-21.46130314,-64.2732618,2.012171705,35.77071067,-78.674289,207.9600067
11:09:49,11_09_49.jpg,35.77069332,-78.67433262,211.729789,-21.33465359,-66.72551505,1.483014799,35.770698,-78.6742925,204.8899994
